Date Time,Water_Level,Wind_Speed,Pressure,Air_Temp,Water_Temp
2024-01-01 00:00:00,-0.049,4.33,1016.9399999999999,5.65,7.3
2024-01-01 01:00:00,0.257,3.5100000000000002,1016.8299999999999,5.54,7.3
2024-01-01 02:00:00,0.477,3.5,1016.78,5.68,7.3
2024-01-01 03:00:00,0.607,4.0600000000000005,1016.78,5.43,7.3
2024-01-01 04:00:00,0.676,5.63,1017.03,5.069999999999999,7.279999999999999
2024-01-01 05:00:00,0.643,4.76,1016.8699999999999,5.2,7.2
2024-01-01 06:00:00,0.453,3.63,1016.5799999999999,5.279999999999999,7.2
2024-01-01 07:00:00,0.173,3.5100000000000002,1016.61,5.24,7.2
2024-01-01 08:00:00,-0.12,2.29,1016.22,5.21,7.2
2024-01-01 09:00:00,-0.292,2.32,1016.05,5.09,7.1
2024-01-01 10:00:00,-0.271,1.8,1016.18,5.15,7.1
2024-01-01 11:00:00,-0.123,2.27,1016.5899999999999,5.0,7.1
2024-01-01 12:00:00,0.125,2.02,1017.0600000000001,4.86,7.1
2024-01-01 13:00:00,0.395,2.37,1017.5899999999999,4.390000000000001,7.13
2024-01-01 14:00:00,0.603,2.5300000000000002,1017.89,4.64,7.2299999999999995
2024-01-01 15:00:00,0.755,2.33,1017.93,5.01,7.1
2024-01-01 16:00:00,0.864,1.78,1017.36,5.3,7.1
2024-01-01 17:00:00,0.835,1.75,1016.89,6.05,7.1
2024-01-01 18:00:00,0.608,1.8800000000000001,1016.7700000000001,5.75,7.109999999999999
2024-01-01 19:00:00,0.268,1.5777777777777777,1017.0,5.888888888888889,7.1
2024-01-01 20:00:00,-0.05,1.16,1017.1,6.09,7.35
2024-01-01 21:00:00,-0.284,0.66,1017.28,6.13,7.5
2024-01-01 22:00:00,-0.356,2.9699999999999998,1017.74,6.4799999999999995,7.5
2024-01-01 23:00:00,-0.285,3.53,1018.0899999999999,6.3,7.5
2024-01-02 00:00:00,-0.075,4.14,1018.43,5.91,7.279999999999999
2024-01-02 01:00:00,0.135,4.82,1018.6600000000001,5.32,7.2
2024-01-02 02:00:00,0.309,5.688888888888889,1019.0333333333333,4.633333333333334,7.199999999999999
2024-01-02 03:00:00,0.444,5.42,1019.36,3.7700000000000005,7.220000000000001
2024-01-02 04:00:00,0.605,5.34,1019.35,2.8899999999999997,7.3
2024-01-02 05:00:00,0.718,4.67,1019.14,2.2399999999999998,7.3
2024-01-02 06:00:00,0.679,4.74,1019.0799999999999,1.64,7.38
2024-01-02 07:00:00,0.463,4.3,1019.4799999999999,1.15,7.32
2024-01-02 08:00:00,0.155,5.15,1019.53,0.5599999999999999,7.3
2024-01-02 09:00:00,-0.1,5.714285714285714,1019.4714285714286,0.07142857142857142,7.385714285714286
2024-01-02 10:00:00,-0.228,5.57,1019.72,-0.42000000000000004,7.4
2024-01-02 11:00:00,-0.183,4.055555555555555,1020.5,-0.7333333333333333,7.400000000000001
2024-01-02 12:00:00,-0.02,4.819999999999999,1020.78,-0.9099999999999999,7.35
2024-01-02 13:00:00,0.254,5.11,1021.1,-0.61,7.24
2024-01-02 14:00:00,0.534,5.25,1021.2299999999999,0.0,7.109999999999999
2024-01-02 15:00:00,0.705,4.67,1021.11,0.5,7.0
2024-01-02 16:00:00,0.778,5.07,1019.86,1.28,6.99
2024-01-02 17:00:00,0.772,5.0200000000000005,1018.57,2.3,6.9
2024-01-02 18:00:00,0.665,4.720000000000001,1017.6600000000001,3.5700000000000003,6.9
2024-01-02 19:00:00,0.473,4.9,1017.0799999999999,4.5200000000000005,6.9
2024-01-02 20:00:00,0.234,4.66,1016.8799999999999,5.1899999999999995,6.9
2024-01-02 21:00:00,0.007,4.29,1016.9,5.4399999999999995,6.9
2024-01-02 22:00:00,-0.162,4.57,1017.04,5.7299999999999995,6.9
2024-01-02 23:00:00,-0.223,3.9799999999999995,1017.32,5.529999999999999,6.840000000000001
2024-01-03 00:00:00,-0.226,4.84,1017.29,4.74,6.709999999999999
2024-01-03 01:00:00,-0.066,5.880000000000001,1017.24,4.529999999999999,6.720000000000001
2024-01-03 02:00:00,0.136,5.92,1017.3299999999999,4.25,6.62
2024-01-03 03:00:00,0.374,7.18,1017.4100000000001,3.8600000000000003,6.540000000000001
2024-01-03 04:00:00,0.581,6.859999999999999,1017.1,3.4299999999999997,6.5
2024-01-03 05:00:00,0.759,7.011111111111111,1016.811111111111,2.933333333333333,6.5
2024-01-03 06:00:00,0.775,7.7,1016.85,2.6100000000000003,6.5
2024-01-03 07:00:00,0.574,7.08,1016.9399999999999,2.31,6.43
2024-01-03 08:00:00,0.299,7.31,1016.8199999999999,2.07,6.4
2024-01-03 09:00:00,0.059,7.32,1016.8700000000001,1.8399999999999999,6.3100000000000005
2024-01-03 10:00:00,-0.085,5.96,1017.36,1.46,6.3
2024-01-03 11:00:00,-0.175,5.24,1017.6,1.55,6.42
2024-01-03 12:00:00,-0.16,5.55,1018.22,1.9300000000000002,6.51
2024-01-03 13:00:00,-0.009,6.07,1018.8100000000001,2.18,6.58
2024-01-03 14:00:00,0.222,6.24,1018.9,2.4,6.5
2024-01-03 15:00:00,0.448,5.4,1018.5600000000001,3.0300000000000002,6.37
2024-01-03 16:00:00,0.591,4.92,1017.7,3.79,6.3
2024-01-03 17:00:00,0.644,4.970000000000001,1017.22,4.25,6.44
2024-01-03 18:00:00,0.663,5.07,1016.86,4.79,6.55
2024-01-03 19:00:00,0.562,4.388888888888889,1016.2555555555555,5.477777777777778,6.588888888888889
2024-01-03 20:00:00,0.357,4.529999999999999,1015.9200000000001,5.369999999999999,6.56
2024-01-03 21:00:00,0.105,4.529999999999999,1016.3100000000001,4.88,6.529999999999999
2024-01-03 22:00:00,-0.116,4.88,1016.9200000000001,4.85,6.4
2024-01-03 23:00:00,-0.219,6.65,1017.1899999999999,4.79,6.42
2024-01-04 00:00:00,-0.224,4.411111111111111,1016.9666666666667,4.655555555555555,6.4
2024-01-04 01:00:00,-0.151,4.34,1016.74,4.59,6.45
2024-01-04 02:00:00,-0.005,3.6700000000000004,1016.39,4.38,6.5
2024-01-04 03:00:00,0.197,2.77,1016.51,4.34,6.5
2024-01-04 04:00:00,0.464,1.97,1016.5899999999999,4.4,6.5
2024-01-04 05:00:00,0.729,1.577777777777778,1016.1444444444444,4.300000000000001,6.5
2024-01-04 06:00:00,0.88,2.6333333333333333,1015.9111111111112,3.988888888888889,6.411111111111111
2024-01-04 07:00:00,0.8,2.37,1015.64,3.9,6.43
2024-01-04 08:00:00,0.597,1.8699999999999999,1014.89,3.9,6.390000000000001
2024-01-04 09:00:00,0.328,1.9100000000000001,1014.6,3.96,6.220000000000001
2024-01-04 10:00:00,0.191,2.2800000000000002,1014.43,3.7,6.05
2024-01-04 11:00:00,0.05,3.06,1014.28,3.94,5.9
2024-01-04 12:00:00,-0.049,3.05,1014.7700000000001,3.5700000000000003,5.8
2024-01-04 13:00:00,-0.062,3.18,1015.1700000000001,3.65,5.8
2024-01-04 14:00:00,0.053,4.970000000000001,1015.47,3.84,5.8
2024-01-04 15:00:00,0.252,5.95,1015.6300000000001,4.13,5.8
2024-01-04 16:00:00,0.43,5.58,1015.3,4.38,5.8
2024-01-04 17:00:00,0.547,6.459999999999999,1014.6200000000001,5.33,5.8
2024-01-04 18:00:00,0.593,7.88,1014.5,5.9799999999999995,5.99
2024-01-04 19:00:00,0.533,7.970000000000001,1014.7700000000001,6.18,6.38
2024-01-04 20:00:00,0.394,9.333333333333334,1015.4888888888888,5.922222222222222,6.211111111111111
2024-01-04 21:00:00,0.202,10.709999999999999,1016.9200000000001,4.470000000000001,6.1899999999999995
2024-01-04 22:00:00,-0.035,9.84,1018.3399999999999,3.6,6.2700000000000005
2024-01-04 23:00:00,-0.203,10.11,1019.8,2.41,6.3
2024-01-05 00:00:00,-0.365,8.959999999999999,1020.86,1.6600000000000001,6.3
2024-01-05 01:00:00,-0.423,9.110000000000001,1021.5600000000001,0.8300000000000001,6.3
2024-01-05 02:00:00,-0.375,8.99,1021.96,0.11000000000000001,6.3
2024-01-05 03:00:00,-0.166,8.23,1022.8700000000001,-0.37,6.220000000000001
2024-01-05 04:00:00,0.118,7.81,1023.4799999999999,-1.19,6.15
2024-01-05 05:00:00,0.439,7.81,1023.75,-1.7399999999999998,6.0
2024-01-05 06:00:00,0.673,7.74,1024.22,-2.19,5.85
2024-01-05 07:00:00,0.767,8.08,1025.07,-2.7199999999999998,5.68
2024-01-05 08:00:00,0.624,7.909999999999999,1025.47,-2.8299999999999996,5.5200000000000005
2024-01-05 09:00:00,0.396,5.95,1025.6100000000001,-2.9,5.5
2024-01-05 10:00:00,0.141,7.2,1026.03,-2.55,5.8100000000000005
2024-01-05 11:00:00,-0.005,6.83,1026.4,-2.43,5.9
2024-01-05 12:00:00,-0.161,7.859999999999999,1027.04,-2.18,5.8
2024-01-05 13:00:00,-0.252,7.12,1027.77,-1.95,5.63
2024-01-05 14:00:00,-0.233,6.5200000000000005,1028.3,-1.65,5.470000000000001
2024-01-05 15:00:00,-0.119,6.733333333333333,1028.0888888888887,-0.788888888888889,5.133333333333334
2024-01-05 16:00:00,0.06,6.82,1026.91,5.551115123125783e-18,5.0200000000000005
2024-01-05 17:00:00,0.207,5.89,1025.91,0.52,5.18
2024-01-05 18:00:00,0.389,5.32,1025.29,1.27,5.2
2024-01-05 19:00:00,0.505,5.4399999999999995,1024.75,2.08,5.220000000000001
2024-01-05 20:00:00,0.522,5.18,1024.6100000000001,2.48,5.36
2024-01-05 21:00:00,0.39,5.344444444444445,1024.4888888888888,2.4444444444444446,5.444444444444445
2024-01-05 22:00:00,0.18,5.18,1024.47,2.34,5.4
2024-01-05 23:00:00,-0.034,4.83,1025.06,2.07,5.390000000000001
2024-01-06 00:00:00,-0.205,4.8,1025.21,1.75,5.29
2024-01-06 01:00:00,-0.356,4.97,1024.97,1.33,5.0200000000000005
2024-01-06 02:00:00,-0.408,5.4399999999999995,1024.66,0.99,4.85
2024-01-06 03:00:00,-0.344,5.279999999999999,1024.51,0.75,4.8
2024-01-06 04:00:00,-0.097,3.88,1023.99,0.4,4.71
2024-01-06 05:00:00,0.228,4.22,1024.02,0.16,4.68
2024-01-06 06:00:00,0.528,5.1899999999999995,1024.42,0.25,4.6
2024-01-06 07:00:00,0.714,4.36,1024.28,0.18,4.51
2024-01-06 08:00:00,0.759,3.9,1023.8100000000001,0.21000000000000002,4.5
2024-01-06 09:00:00,0.641,3.2299999999999995,1023.54,0.2,4.5
2024-01-06 10:00:00,0.423,2.3600000000000003,1023.71,-0.05,4.6899999999999995
2024-01-06 11:00:00,0.184,1.54,1023.6299999999999,0.18,4.84
2024-01-06 12:00:00,0.006,0.38,1023.5,-0.25,4.35
2024-01-06 13:00:00,-0.163,0.51,1023.4399999999999,0.06999999999999999,4.220000000000001
2024-01-06 14:00:00,-0.263,1.44,1022.9399999999999,1.26,4.29
2024-01-06 15:00:00,-0.286,2.98,1022.15,2.1399999999999997,4.3
2024-01-06 16:00:00,-0.169,4.08,1021.24,2.6100000000000003,4.33
2024-01-06 17:00:00,0.086,5.5200000000000005,1019.24,2.96,4.62
2024-01-06 18:00:00,0.308,6.04,1018.11,3.0100000000000002,5.029999999999999
2024-01-06 19:00:00,0.498,6.2,1016.74,2.9099999999999997,5.49
2024-01-06 20:00:00,0.561,7.19,1015.5,2.85,6.21
2024-01-06 21:00:00,0.567,8.190000000000001,1014.4200000000001,3.13,6.6
2024-01-06 22:00:00,0.551,8.379999999999999,1012.75,3.08,7.31
2024-01-06 23:00:00,0.532,10.43,1011.5200000000001,4.82,7.76
2024-01-07 00:00:00,0.404,11.78,1008.85,5.26,8.03
2024-01-07 01:00:00,0.238,12.47,1006.1,5.37,7.94
2024-01-07 02:00:00,0.197,12.36,1004.6600000000001,6.0,7.9
2024-01-07 03:00:00,0.271,9.290000000000001,1004.54,4.15,7.93
2024-01-07 04:00:00,0.412,8.370000000000001,1004.6,3.1,7.88
2024-01-07 05:00:00,0.746,8.422222222222222,1004.2444444444445,3.488888888888889,7.322222222222223
2024-01-07 06:00:00,1.101,7.888888888888889,1003.6444444444444,3.5888888888888886,6.944444444444445
2024-01-07 07:00:00,1.236,8.49,1003.14,3.44,7.13
2024-01-07 08:00:00,1.211,8.209999999999999,1002.36,3.8,7.209999999999999
2024-01-07 09:00:00,1.216,5.470000000000001,1002.11,3.8699999999999997,7.32
2024-01-07 10:00:00,1.206,5.5600000000000005,1002.1700000000001,3.72,7.4
2024-01-07 11:00:00,1.257,5.65,1001.8700000000001,3.62,7.390000000000001
2024-01-07 12:00:00,1.124,5.4399999999999995,1001.7299999999999,3.65,7.3
2024-01-07 13:00:00,0.826,4.62,1002.32,3.6,7.209999999999999
2024-01-07 14:00:00,0.475,5.044444444444444,1002.3333333333334,3.2555555555555555,6.800000000000001
2024-01-07 15:00:00,0.242,5.88,1002.74,3.0100000000000002,6.5200000000000005
2024-01-07 16:00:00,0.132,8.91,1003.14,2.09,6.459999999999999
2024-01-07 17:00:00,0.173,7.839999999999999,1002.8299999999999,2.17,6.3100000000000005
2024-01-07 18:00:00,0.347,6.529999999999999,1002.79,2.84,6.3
2024-01-07 19:00:00,0.562,6.459999999999999,1003.65,3.35,6.32
2024-01-07 20:00:00,0.779,7.066666666666666,1004.7111111111111,3.855555555555556,6.688888888888889
2024-01-07 21:00:00,0.934,6.99,1006.1899999999999,3.7199999999999998,6.609999999999999
2024-01-07 22:00:00,0.925,8.379999999999999,1007.61,4.0,6.21
2024-01-07 23:00:00,0.744,6.279999999999999,1009.5799999999999,3.41,6.2700000000000005
2024-01-08 00:00:00,0.456,9.02,1011.55,3.79,6.3
2024-01-08 01:00:00,0.116,10.09,1012.95,3.7,6.29
2024-01-08 02:00:00,-0.187,8.620000000000001,1014.22,3.38,6.15
2024-01-08 03:00:00,-0.313,6.99,1015.26,3.2600000000000002,5.94
2024-01-08 04:00:00,-0.281,8.93,1016.45,3.1100000000000003,5.86
2024-01-08 05:00:00,-0.025,7.3,1017.32,2.9699999999999998,5.8
2024-01-08 06:00:00,0.261,6.779999999999999,1018.49,3.05,5.74
2024-01-08 07:00:00,0.478,6.74,1019.9,3.2600000000000002,5.7
2024-01-08 08:00:00,0.616,7.07,1021.01,3.25,5.63
2024-01-08 09:00:00,0.769,7.640000000000001,1021.39,3.14,5.569999999999999
2024-01-08 10:00:00,0.882,7.65,1022.97,2.9,5.5
2024-01-08 11:00:00,0.852,7.8,1024.33,2.62,5.41
2024-01-08 12:00:00,0.641,8.0,1025.28,2.67,5.470000000000001
2024-01-08 13:00:00,0.328,6.933333333333334,1027.1888888888889,3.1666666666666665,5.611111111111111
2024-01-08 14:00:00,0.017,6.25,1028.35,3.9,5.609999999999999
2024-01-08 15:00:00,-0.261,6.029999999999999,1029.15,4.73,5.7
2024-01-08 16:00:00,-0.391,5.08,1029.28,5.4399999999999995,5.7
2024-01-08 17:00:00,-0.314,5.36,1029.22,5.91,5.7
2024-01-08 18:00:00,-0.008,3.41,1029.28,6.2,5.75
2024-01-08 19:00:00,0.316,2.81,1029.3700000000001,6.5,5.85
2024-01-08 20:00:00,0.562,3.09,1029.79,6.790000000000001,5.8
2024-01-08 21:00:00,0.753,2.96,1030.05,6.04,5.83
2024-01-08 22:00:00,0.839,1.9100000000000001,1031.1799999999998,5.54,5.84
2024-01-08 23:00:00,0.86,2.1399999999999997,1031.69,5.1899999999999995,5.7
2024-01-09 00:00:00,0.734,1.1099999999999999,1032.1100000000001,4.4,5.54
2024-01-09 01:00:00,0.422,2.12,1031.97,3.9199999999999995,5.34
2024-01-09 02:00:00,0.112,0.65,1031.34,3.4,5.1
2024-01-09 03:00:00,-0.169,0.5599999999999999,1030.8,2.73,4.970000000000001
2024-01-09 04:00:00,-0.294,0.71,1030.71,2.43,4.75
2024-01-09 05:00:00,-0.256,1.19,1031.17,2.73,4.5200000000000005
2024-01-09 06:00:00,-0.031,0.5599999999999999,1030.8899999999999,2.37,4.5200000000000005
2024-01-09 07:00:00,0.291,0.45,1030.8700000000001,2.13,4.96
2024-01-09 08:00:00,0.618,0.42000000000000004,1030.22,2.0100000000000002,4.7299999999999995
2024-01-09 09:00:00,0.892,0.67,1029.48,2.1399999999999997,4.8
2024-01-09 10:00:00,1.119,0.77,1029.4,2.37,4.8
2024-01-09 11:00:00,1.183,1.3,1029.02,3.3600000000000003,4.4
2024-01-09 12:00:00,1.037,3.5555555555555554,1027.3333333333333,5.077777777777778,4.0
2024-01-09 13:00:00,0.688,5.029999999999999,1027.06,5.86,4.779999999999999
2024-01-09 14:00:00,0.326,6.17,1026.6299999999999,6.16,5.3
2024-01-09 15:00:00,0.005,7.2299999999999995,1025.6399999999999,6.459999999999999,5.2700000000000005
2024-01-09 16:00:00,-0.196,7.9799999999999995,1023.35,6.67,4.79
2024-01-09 17:00:00,-0.316,8.129999999999999,1020.55,6.9,4.75
2024-01-09 18:00:00,-0.233,8.209999999999999,1018.49,7.0,5.4399999999999995
2024-01-09 19:00:00,0.062,9.35,1016.24,7.090000000000001,5.279999999999999
2024-01-09 20:00:00,0.422,10.870000000000001,1013.4100000000001,7.49,6.029999999999999
2024-01-09 21:00:00,0.777,11.059999999999999,1010.61,8.129999999999999,6.58
2024-01-09 22:00:00,1.093,10.15,1007.99,8.66,6.38
2024-01-09 23:00:00,1.226,10.55,1004.76,9.25,6.459999999999999
2024-01-10 00:00:00,1.221,10.51,1001.4799999999999,10.05,6.58
2024-01-10 01:00:00,1.084,9.288888888888888,998.5222222222224,10.411111111111111,6.233333333333333
2024-01-10 02:00:00,0.817,11.95,994.72,11.459999999999999,6.08
2024-01-10 03:00:00,0.65,15.65,991.25,12.24,6.15
2024-01-10 04:00:00,0.53,10.379999999999999,991.0799999999999,11.99,6.380000000000001
2024-01-10 05:00:00,0.37,8.83,988.5799999999999,11.8,6.36
2024-01-10 06:00:00,0.239,11.24,985.71,11.1,6.4799999999999995
2024-01-10 07:00:00,0.446,9.64,984.2,11.65,6.589999999999999
2024-01-10 08:00:00,0.793,7.209999999999999,983.4100000000001,12.14,6.69
2024-01-10 09:00:00,1.103,9.07,983.26,12.690000000000001,6.7
2024-01-10 10:00:00,1.293,8.7,984.57,10.27,6.76
2024-01-10 11:00:00,1.473,9.11,986.1200000000001,9.27,6.8
2024-01-10 12:00:00,1.605,8.01,987.4399999999999,9.34,6.8
2024-01-10 13:00:00,1.499,9.629999999999999,989.18,9.059999999999999,6.8
2024-01-10 14:00:00,0.971,9.95,990.8,8.66,6.8
2024-01-10 15:00:00,0.501,10.9,992.1200000000001,8.97,6.8
2024-01-10 16:00:00,0.119,13.6,992.71,8.92,6.88
2024-01-10 17:00:00,-0.254,12.809999999999999,992.9799999999999,8.629999999999999,6.9
2024-01-10 18:00:00,-0.472,13.959999999999999,994.4,8.48,6.9
2024-01-10 19:00:00,-0.339,12.809999999999999,995.9399999999999,8.25,6.9
2024-01-10 20:00:00,-0.208,10.790000000000001,997.4399999999999,8.28,6.9
2024-01-10 21:00:00,0.168,11.120000000000001,998.89,8.58,6.9
2024-01-10 22:00:00,0.407,11.57,1000.35,8.53,6.890000000000001
2024-01-10 23:00:00,0.566,10.855555555555556,1001.7333333333333,8.3,6.8
2024-01-11 00:00:00,0.614,10.379999999999999,1003.1700000000001,8.08,6.8
2024-01-11 01:00:00,0.62,8.940000000000001,1004.04,7.720000000000001,6.75
2024-01-11 02:00:00,0.385,10.41,1004.7700000000001,7.49,6.69
2024-01-11 03:00:00,-0.053,11.26,1005.7,7.159999999999999,6.49
2024-01-11 04:00:00,-0.427,10.440000000000001,1006.22,6.890000000000001,6.4
2024-01-11 05:00:00,-0.654,9.809999999999999,1006.86,6.640000000000001,6.3
2024-01-11 06:00:00,-0.737,9.2,1007.53,6.4,6.279999999999999
2024-01-11 07:00:00,-0.651,9.940000000000001,1008.46,6.29,6.2
2024-01-11 08:00:00,-0.347,10.49,1008.96,6.15,6.2
2024-01-11 09:00:00,0.133,9.379999999999999,1009.28,5.94,6.25
2024-01-11 10:00:00,0.651,8.05,1009.86,5.7,6.25
2024-01-11 11:00:00,0.988,7.640000000000001,1010.54,5.4399999999999995,6.220000000000001
2024-01-11 12:00:00,1.158,6.8,1011.51,5.32,6.21
2024-01-11 13:00:00,1.198,6.69,1012.1299999999999,5.2299999999999995,6.0200000000000005
2024-01-11 14:00:00,1.046,5.04,1012.4799999999999,5.17,5.9
2024-01-11 15:00:00,0.661,6.16,1012.7299999999999,5.16,5.95
2024-01-11 16:00:00,0.167,6.9799999999999995,1012.21,5.34,6.15
2024-01-11 17:00:00,-0.258,5.880000000000001,1011.43,5.71,6.05
2024-01-11 18:00:00,-0.545,4.9,1010.93,6.35,6.069999999999999
2024-01-11 19:00:00,-0.631,4.82,1010.61,7.26,6.21
2024-01-11 20:00:00,-0.473,4.122222222222223,1011.0222222222224,7.655555555555556,6.3
2024-01-11 21:00:00,-0.126,4.68,1012.05,7.43,6.3
2024-01-11 22:00:00,0.309,3.91,1013.01,6.99,6.3
2024-01-11 23:00:00,0.685,4.529999999999999,1013.4100000000001,6.63,6.220000000000001
2024-01-12 00:00:00,0.961,5.88,1014.01,6.51,6.2
2024-01-12 01:00:00,0.949,5.720000000000001,1014.5600000000001,6.15,6.119999999999999
2024-01-12 02:00:00,0.696,5.21,1015.25,5.66,6.1
2024-01-12 03:00:00,0.297,4.58,1016.1899999999999,5.71,6.1
2024-01-12 04:00:00,-0.055,4.930000000000001,1016.7299999999999,5.66,6.08
2024-01-12 05:00:00,-0.307,4.529999999999999,1017.5200000000001,5.51,5.99
2024-01-12 06:00:00,-0.497,5.9799999999999995,1018.5899999999999,5.2,5.9
2024-01-12 07:00:00,-0.643,5.29,1019.96,4.92,5.880000000000001
2024-01-12 08:00:00,-0.597,4.7700000000000005,1020.6299999999999,4.79,5.8
2024-01-12 09:00:00,-0.278,4.54,1020.79,4.62,5.8
2024-01-12 10:00:00,0.233,4.63,1021.05,4.720000000000001,5.76
2024-01-12 11:00:00,0.728,4.3100000000000005,1021.7700000000001,4.49,5.82
2024-01-12 12:00:00,1.112,3.8299999999999996,1022.24,4.21,6.2
2024-01-12 13:00:00,1.324,2.9699999999999998,1022.8399999999999,4.41,6.15
2024-01-12 14:00:00,1.295,2.5,1023.4799999999999,5.07,6.1
2024-01-12 15:00:00,1.027,2.46,1023.95,5.7,5.9799999999999995
2024-01-12 16:00:00,0.545,1.89,1023.76,5.7299999999999995,5.83
2024-01-12 17:00:00,0.016,1.41,1022.47,6.34,5.9
2024-01-12 18:00:00,-0.41,3.3,1021.24,6.709999999999999,6.21
2024-01-12 19:00:00,-0.678,4.15,1020.57,6.49,6.63
2024-01-12 20:00:00,-0.712,4.57,1020.2299999999999,6.410000000000001,6.7
2024-01-12 21:00:00,-0.442,4.9799999999999995,1018.95,6.459999999999999,6.6
2024-01-12 22:00:00,-0.006,5.15,1017.6600000000001,6.82,6.45
2024-01-12 23:00:00,0.483,5.39,1016.07,7.140000000000001,6.37
2024-01-13 00:00:00,0.876,5.79,1014.32,7.3,6.34
2024-01-13 01:00:00,1.102,7.970000000000001,1011.86,7.7,6.35
2024-01-13 02:00:00,1.171,8.48,1010.96,8.07,6.57
2024-01-13 03:00:00,1.01,9.77,1008.35,7.959999999999999,6.529999999999999
2024-01-13 04:00:00,0.729,11.51,1005.47,8.22,6.6
2024-01-13 05:00:00,0.501,11.1875,1003.1875,8.5875,6.7
2024-01-13 06:00:00,0.306,9.48,1000.46,9.02,6.640000000000001
2024-01-13 07:00:00,0.045,8.290000000000001,997.6899999999999,9.3,6.6
2024-01-13 08:00:00,0.037,5.32,995.76,10.02,6.6
2024-01-13 09:00:00,0.212,8.97,992.93,11.940000000000001,6.609999999999999
2024-01-13 10:00:00,0.677,8.47,991.4399999999999,11.91,6.7
2024-01-13 11:00:00,1.04,7.37,990.6,11.87,6.7
2024-01-13 12:00:00,1.232,6.640000000000001,989.78,12.34,6.7
2024-01-13 13:00:00,1.449,6.779999999999999,989.4,13.2,6.790000000000001
2024-01-13 14:00:00,1.706,9.155555555555557,989.6111111111111,13.955555555555556,6.844444444444445
2024-01-13 15:00:00,1.812,10.75,990.0800000000002,13.01,6.99
2024-01-13 16:00:00,1.527,10.95,989.95,12.190000000000001,6.94
2024-01-13 17:00:00,0.967,12.74,990.35,10.040000000000001,7.089999999999999
2024-01-13 18:00:00,0.387,10.4,991.8100000000001,8.290000000000001,7.209999999999999
2024-01-13 19:00:00,-0.132,9.86,992.9100000000001,8.58,7.33
2024-01-13 20:00:00,-0.443,12.969999999999999,994.82,8.32,7.33
2024-01-13 21:00:00,-0.486,14.0,996.72,7.69,7.31
2024-01-13 22:00:00,-0.291,14.940000000000001,998.6600000000001,6.959999999999999,7.25
2024-01-13 23:00:00,0.018,15.34,1000.46,6.04,7.159999999999999
2024-01-14 00:00:00,0.405,13.569999999999999,1002.4100000000001,5.18,7.07
2024-01-14 01:00:00,0.595,12.755555555555555,1004.2333333333333,4.333333333333333,6.911111111111111
2024-01-14 02:00:00,0.719,13.309999999999999,1005.5200000000001,3.7,6.76
2024-01-14 03:00:00,0.613,11.290000000000001,1006.8,3.2700000000000005,6.659999999999999
2024-01-14 04:00:00,0.471,11.790000000000001,1007.9200000000001,2.7800000000000002,6.6
2024-01-14 05:00:00,0.2,9.930000000000001,1008.8700000000001,2.32,6.529999999999999
2024-01-14 06:00:00,-0.173,10.52,1009.93,2.0100000000000002,6.459999999999999
2024-01-14 07:00:00,-0.496,10.23,1010.8399999999999,1.77,6.33
2024-01-14 08:00:00,-0.843,9.5,1011.29,1.4300000000000002,6.08
2024-01-14 09:00:00,-1.017,8.959999999999999,1011.6700000000001,1.15,5.85
2024-01-14 10:00:00,-0.891,8.23,1012.2700000000001,1.12,5.76
2024-01-14 11:00:00,-0.464,7.69,1012.8700000000001,1.1,5.79
2024-01-14 12:00:00,0.136,6.44,1012.53,0.53,5.8100000000000005
2024-01-14 13:00:00,0.625,9.52,1012.45,1.27,5.71
2024-01-14 14:00:00,0.964,8.77,1012.05,2.57,5.54
2024-01-14 15:00:00,1.08,9.57,1010.8700000000001,4.279999999999999,5.58
2024-01-14 16:00:00,0.932,9.9,1009.2299999999999,5.55,5.66
2024-01-14 17:00:00,0.629,11.67,1007.96,6.29,5.76
2024-01-14 18:00:00,0.166,15.62,1009.68,2.96,5.8
2024-01-14 19:00:00,-0.375,12.58,1010.53,3.35,5.8
2024-01-14 20:00:00,-0.797,13.62,1011.5799999999999,3.78,5.8100000000000005
2024-01-14 21:00:00,-1.065,16.66,1013.93,3.4,5.75
2024-01-14 22:00:00,-1.281,14.969999999999999,1016.4,2.1100000000000003,5.61
2024-01-14 23:00:00,-1.161,13.690000000000001,1018.3,0.9800000000000001,5.4799999999999995
2024-01-15 00:00:00,-0.768,13.309999999999999,1019.6200000000001,0.18,5.34
2024-01-15 01:00:00,-0.17,10.870000000000001,1020.21,-0.48,5.3
2024-01-15 02:00:00,0.327,10.809999999999999,1021.11,-0.9199999999999999,5.3
2024-01-15 03:00:00,0.639,10.78,1021.43,-1.47,5.35
2024-01-15 04:00:00,0.658,9.309999999999999,1021.6899999999999,-2.07,5.68
2024-01-15 05:00:00,0.46,7.92,1022.4100000000001,-2.43,5.71
2024-01-15 06:00:00,0.134,7.43,1023.0899999999999,-2.75,5.4799999999999995
2024-01-15 07:00:00,-0.29,7.85,1023.57,-3.08,4.720000000000001
2024-01-15 08:00:00,-0.658,8.34,1023.45,-3.62,4.970000000000001
2024-01-15 09:00:00,-0.885,6.37,1024.1799999999998,-3.59,5.17
2024-01-15 10:00:00,-0.841,6.85,1024.74,-3.6799999999999997,4.74
2024-01-15 11:00:00,-0.568,6.32,1025.05,-3.66,5.02
2024-01-15 12:00:00,-0.137,5.66,1025.41,-3.7,4.86
2024-01-15 13:00:00,0.321,4.49,1025.59,-3.7299999999999995,4.7
2024-01-15 14:00:00,0.674,5.05,1026.1699999999998,-3.7600000000000002,4.7
2024-01-15 15:00:00,0.913,5.41,1026.49,-3.56,4.57
2024-01-15 16:00:00,1.011,6.08,1025.84,-3.02,4.2700000000000005
2024-01-15 17:00:00,0.843,5.7700000000000005,1025.16,-2.75,4.1
2024-01-15 18:00:00,0.456,4.92,1024.45,-2.5100000000000002,4.029999999999999
2024-01-15 19:00:00,0.021,3.56,1023.97,-2.31,3.95
2024-01-15 20:00:00,-0.387,2.93,1023.9100000000001,-2.08,3.88
2024-01-15 21:00:00,-0.657,3.6399999999999997,1024.06,-2.5100000000000002,3.8600000000000003
2024-01-15 22:00:00,-0.74,3.22,1024.02,-2.52,3.81
2024-01-15 23:00:00,-0.603,3.0300000000000002,1023.76,-2.64,3.84
2024-01-16 00:00:00,-0.259,4.21,1023.7700000000001,-2.82,4.4
2024-01-16 01:00:00,0.163,3.4299999999999997,1023.9399999999999,-3.8600000000000003,4.5
2024-01-16 02:00:00,0.527,2.82,1023.65,-4.06,4.5
2024-01-16 03:00:00,0.814,2.79,1023.1899999999999,-3.88,4.5
2024-01-16 04:00:00,0.999,2.1399999999999997,1022.5,-3.5799999999999996,4.55
2024-01-16 05:00:00,0.963,1.9,1021.46,-3.91,4.3
2024-01-16 06:00:00,0.742,2.21,1020.45,-3.6100000000000003,4.1899999999999995
2024-01-16 07:00:00,0.368,2.5100000000000002,1019.79,-3.3,4.14
2024-01-16 08:00:00,-0.015,3.12,1018.6899999999999,-2.79,4.46
2024-01-16 09:00:00,-0.331,3.96,1017.8399999999999,-2.7199999999999998,4.4
2024-01-16 10:00:00,-0.46,4.04,1016.89,-2.3600000000000003,4.18
2024-01-16 11:00:00,-0.408,5.04,1015.4200000000001,-1.8199999999999998,4.3100000000000005
2024-01-16 12:00:00,-0.137,4.9,1014.5899999999999,-1.49,4.36
2024-01-16 13:00:00,0.251,4.62,1013.0600000000001,-0.8800000000000001,4.61
2024-01-16 14:00:00,0.643,4.21,1012.11,-0.33999999999999997,4.58
2024-01-16 15:00:00,0.981,2.566666666666667,1010.5666666666667,-0.2222222222222222,4.6
2024-01-16 16:00:00,1.263,1.94,1008.18,-0.2,4.8100000000000005
2024-01-16 17:00:00,1.296,1.73,1005.7,0.2,4.54
2024-01-16 18:00:00,1.064,5.0200000000000005,1005.3700000000001,0.18,4.909999999999999
2024-01-16 19:00:00,0.693,3.88,1006.15,-0.8099999999999999,4.8100000000000005
2024-01-16 20:00:00,0.23,4.24,1007.01,-1.65,4.13
2024-01-16 21:00:00,-0.125,3.65,1007.4,-1.7899999999999998,3.91
2024-01-16 22:00:00,-0.38,4.38,1008.0600000000001,-1.41,3.9
2024-01-16 23:00:00,-0.523,5.4,1008.68,-1.42,3.85
2024-01-17 00:00:00,-0.506,7.26,1009.1600000000001,-1.8199999999999998,3.8600000000000003
2024-01-17 01:00:00,-0.242,10.35,1009.96,-2.37,3.78
2024-01-17 02:00:00,0.228,10.809999999999999,1010.6600000000001,-3.2600000000000002,3.7
2024-01-17 03:00:00,0.661,10.620000000000001,1011.82,-3.9200000000000004,3.62
2024-01-17 04:00:00,0.957,9.23,1012.47,-4.35,3.62
2024-01-17 05:00:00,1.047,9.459999999999999,1012.96,-4.51,3.8
2024-01-17 06:00:00,0.9,8.98,1013.28,-4.93,3.53
2024-01-17 07:00:00,0.622,9.91,1013.5899999999999,-5.17,3.44
2024-01-17 08:00:00,0.243,9.0,1013.6444444444446,-5.344444444444445,3.511111111111111
2024-01-17 09:00:00,-0.076,9.459999999999999,1013.9200000000001,-5.96,3.2399999999999998
2024-01-17 10:00:00,-0.287,10.78,1014.7700000000001,-6.2,3.16
2024-01-17 11:00:00,-0.437,11.15,1015.51,-6.709999999999999,3.06
2024-01-17 12:00:00,-0.476,10.11,1016.15,-7.3,2.96
2024-01-17 13:00:00,-0.366,10.73,1016.8399999999999,-7.2299999999999995,2.86
2024-01-17 14:00:00,-0.058,11.6,1017.35,-7.05,2.7600000000000002
2024-01-17 15:00:00,0.237,11.959999999999999,1017.85,-6.859999999999999,2.71
2024-01-17 16:00:00,0.503,12.74,1017.26,-6.6,2.8
2024-01-17 17:00:00,0.697,12.75,1016.75,-6.17,2.8
2024-01-17 18:00:00,0.728,12.27,1016.39,-5.46,2.85
2024-01-17 19:00:00,0.501,11.15,1016.26,-4.970000000000001,2.9099999999999997
2024-01-17 20:00:00,0.102,11.03,1016.9100000000001,-4.7,2.95
2024-01-17 21:00:00,-0.298,9.379999999999999,1017.1899999999999,-4.63,2.9
2024-01-17 22:00:00,-0.54,8.61,1018.1600000000001,-4.6899999999999995,2.8
2024-01-17 23:00:00,-0.731,9.09,1019.18,-4.67,2.63
2024-01-18 00:00:00,-0.77,8.82,1019.55,-4.8100000000000005,2.43
2024-01-18 01:00:00,-0.664,8.53,1020.0200000000001,-4.76,2.37
2024-01-18 02:00:00,-0.429,10.629999999999999,1020.53,-4.1,2.32
2024-01-18 03:00:00,-0.187,9.690000000000001,1021.3700000000001,-3.9299999999999997,2.3
2024-01-18 04:00:00,0.038,8.47,1021.6899999999999,-4.0,2.2600000000000002
2024-01-18 05:00:00,0.31,9.639999999999999,1021.6899999999999,-3.72,2.0300000000000002
2024-01-18 06:00:00,0.496,8.23,1022.1200000000001,-3.88,1.89
2024-01-18 07:00:00,0.471,7.529999999999999,1022.71,-4.01,1.8
2024-01-18 08:00:00,0.239,9.17,1022.36,-3.66,1.7899999999999998
2024-01-18 09:00:00,-0.061,8.83,1022.54,-3.8299999999999996,1.67
2024-01-18 10:00:00,-0.349,7.07,1022.78,-4.1,1.59
2024-01-18 11:00:00,-0.617,6.24,1022.97,-4.11,1.5
2024-01-18 12:00:00,-0.832,5.470000000000001,1023.1700000000001,-4.14,1.43
2024-01-18 13:00:00,-0.822,5.58,1023.5,-3.46,1.42
2024-01-18 14:00:00,-0.601,5.6899999999999995,1023.96,-2.66,1.44
2024-01-18 15:00:00,-0.298,5.0,1023.74,-2.24,1.57
2024-01-18 16:00:00,0.003,6.45,1023.6,-1.8,1.7399999999999998
2024-01-18 17:00:00,0.206,5.4399999999999995,1022.39,-1.34,1.8699999999999999
2024-01-18 18:00:00,0.402,4.220000000000001,1021.04,-0.6799999999999999,1.9
2024-01-18 19:00:00,0.465,3.96,1020.2700000000001,-0.11000000000000001,1.9
2024-01-18 20:00:00,0.298,3.5100000000000002,1019.1200000000001,0.13999999999999999,1.9
2024-01-18 21:00:00,0.002,3.47,1018.6700000000001,0.49000000000000005,1.9300000000000002
2024-01-18 22:00:00,-0.261,4.16,1019.0799999999999,0.6,1.9300000000000002
2024-01-18 23:00:00,-0.473,4.5600000000000005,1019.4799999999999,0.45999999999999996,2.0
2024-01-19 00:00:00,-0.619,4.111111111111111,1019.6555555555556,0.4,2.1
2024-01-19 01:00:00,-0.661,4.39,1019.54,0.48,2.21
2024-01-19 02:00:00,-0.581,3.4200000000000004,1018.6600000000001,0.6199999999999999,2.2
2024-01-19 03:00:00,-0.316,2.44,1017.64,0.48,2.2
2024-01-19 04:00:00,0.012,1.8,1017.11,0.35,2.2
2024-01-19 05:00:00,0.386,1.55,1016.28,0.44000000000000006,2.15
2024-01-19 06:00:00,0.724,1.47,1015.61,0.33999999999999997,2.1
2024-01-19 07:00:00,0.915,0.9099999999999999,1015.2,0.59,2.1
2024-01-19 08:00:00,0.83,1.48,1014.4200000000001,0.29,2.1
2024-01-19 09:00:00,0.521,3.7,1013.61,0.55,2.1
2024-01-19 10:00:00,0.177,4.2,1013.24,0.19,2.12
2024-01-19 11:00:00,-0.108,4.68,1012.54,-0.01,2.1700000000000004
2024-01-19 12:00:00,-0.359,4.569999999999999,1011.9200000000001,-0.42000000000000004,2.3899999999999997
2024-01-19 13:00:00,-0.454,3.3600000000000003,1011.9399999999999,-1.35,2.5100000000000002
2024-01-19 14:00:00,-0.434,3.5200000000000005,1011.3799999999999,-1.7,2.57
2024-01-19 15:00:00,-0.231,4.25,1010.64,-2.05,2.37
2024-01-19 16:00:00,0.026,4.26,1009.25,-2.04,3.1100000000000003
2024-01-19 17:00:00,0.244,4.4799999999999995,1007.9100000000001,-1.54,3.3699999999999997
2024-01-19 18:00:00,0.454,5.3,1007.14,-1.6300000000000001,3.62
2024-01-19 19:00:00,0.618,5.63,1007.26,-1.7399999999999998,3.5
2024-01-19 20:00:00,0.696,6.07,1007.54,-2.06,3.47
2024-01-19 21:00:00,0.558,4.91,1008.21,-1.8800000000000001,3.45
2024-01-19 22:00:00,0.292,5.4,1009.3299999999999,-2.07,3.59
2024-01-19 23:00:00,0.002,4.93,1010.15,-2.06,3.5700000000000003
2024-01-20 00:00:00,-0.241,5.87,1010.79,-2.35,3.3200000000000003
2024-01-20 01:00:00,-0.417,5.65,1011.3,-2.55,3.13
2024-01-20 02:00:00,-0.469,6.890000000000001,1011.55,-2.41,2.68
2024-01-20 03:00:00,-0.327,7.840000000000001,1012.04,-2.23,2.25
2024-01-20 04:00:00,-0.023,9.14,1012.4,-2.21,2.16
2024-01-20 05:00:00,0.36,9.95,1012.5600000000001,-2.6,2.1
2024-01-20 06:00:00,0.671,11.75,1013.1600000000001,-3.6,2.1
2024-01-20 07:00:00,0.782,10.57,1013.86,-4.529999999999999,2.06
2024-01-20 08:00:00,0.765,10.709999999999999,1014.0,-5.4399999999999995,2.0
2024-01-20 09:00:00,0.618,9.86,1014.53,-5.99,2.04
2024-01-20 10:00:00,0.427,10.690000000000001,1015.1299999999999,-6.42,1.8399999999999999
2024-01-20 11:00:00,0.189,10.26,1015.82,-6.67,2.2600000000000002
2024-01-20 12:00:00,-0.09,9.95,1015.9799999999999,-6.890000000000001,2.27
2024-01-20 13:00:00,-0.38,9.59,1016.0899999999999,-7.0200000000000005,2.2600000000000002
2024-01-20 14:00:00,-0.577,10.03,1016.24,-6.85,2.2
2024-01-20 15:00:00,-0.546,10.27,1016.2299999999999,-6.5200000000000005,1.8199999999999998
2024-01-20 16:00:00,-0.364,9.28,1015.7700000000001,-5.88,1.9
2024-01-20 17:00:00,-0.131,9.52,1015.1,-5.4,2.0100000000000002
2024-01-20 18:00:00,0.068,9.86,1014.6299999999999,-4.7299999999999995,2.0
2024-01-20 19:00:00,0.245,10.790000000000001,1014.8699999999999,-4.6,2.0
2024-01-20 20:00:00,0.362,11.55,1015.5600000000001,-4.569999999999999,1.92
2024-01-20 21:00:00,0.364,12.05,1016.28,-4.79,1.8800000000000001
2024-01-20 22:00:00,0.233,11.5,1017.4,-5.36,1.8
2024-01-20 23:00:00,-0.032,12.22,1017.97,-5.63,1.78
2024-01-21 00:00:00,-0.305,11.91,1018.36,-5.779999999999999,1.7100000000000002
2024-01-21 01:00:00,-0.534,11.36,1018.9100000000001,-6.15,1.61
2024-01-21 02:00:00,-0.734,11.17,1019.51,-6.34,1.54
2024-01-21 03:00:00,-0.784,11.14,1019.95,-6.25,1.17
2024-01-21 04:00:00,-0.607,9.870000000000001,1020.43,-6.11,0.8800000000000001
2024-01-21 05:00:00,-0.233,9.86,1020.78,-5.85,0.75
2024-01-21 06:00:00,0.187,7.99,1021.3700000000001,-5.5600000000000005,0.67
2024-01-21 07:00:00,0.455,8.09,1021.9,-5.34,0.55
2024-01-21 08:00:00,0.602,8.77,1022.43,-5.25,0.43
2024-01-21 09:00:00,0.698,9.26,1023.01,-5.18,0.29
2024-01-21 10:00:00,0.678,7.63,1024.0700000000002,-5.35,0.13
2024-01-21 11:00:00,0.51,8.26,1025.34,-5.62,0.1
2024-01-21 12:00:00,0.245,8.9,1026.42,-5.8100000000000005,-0.08
2024-01-21 13:00:00,-0.081,10.76,1027.4,-5.71,-0.1
2024-01-21 14:00:00,-0.341,10.84,1028.19,-5.470000000000001,0.1
2024-01-21 15:00:00,-0.565,12.309999999999999,1028.75,-4.9,0.71
2024-01-21 16:00:00,-0.653,10.709999999999999,1028.5800000000002,-3.96,0.8300000000000001
2024-01-21 17:00:00,-0.567,8.93,1027.84,-2.9699999999999998,0.89
2024-01-21 18:00:00,-0.31,10.309999999999999,1027.43,-1.98,1.01
2024-01-21 19:00:00,-0.011,10.55,1027.72,-1.1300000000000001,1.12
2024-01-21 20:00:00,0.218,10.059999999999999,1028.5,-0.73,1.2
2024-01-21 21:00:00,0.371,9.58,1029.54,-0.6699999999999999,1.2
2024-01-21 22:00:00,0.397,8.690000000000001,1030.46,-0.89,1.24
2024-01-21 23:00:00,0.262,7.81,1031.26,-1.15,1.29
2024-01-22 00:00:00,0.015,9.8,1031.99,-1.46,1.26
2024-01-22 01:00:00,-0.318,8.59,1032.58,-1.9100000000000001,1.3
2024-01-22 02:00:00,-0.547,8.45,1033.21,-2.23,1.3
2024-01-22 03:00:00,-0.685,7.76,1033.79,-2.58,1.21
2024-01-22 04:00:00,-0.685,7.68,1034.3700000000001,-2.82,1.07
2024-01-22 05:00:00,-0.473,8.1,1034.6299999999999,-2.7800000000000002,0.6599999999999999
2024-01-22 06:00:00,-0.131,7.33,1034.6799999999998,-2.84,0.44000000000000006
2024-01-22 07:00:00,0.205,6.970000000000001,1034.81,-2.84,0.42000000000000004
2024-01-22 08:00:00,0.447,7.220000000000001,1034.9299999999998,-2.9,0.37
2024-01-22 09:00:00,0.611,5.9,1034.94,-2.96,0.3
2024-01-22 10:00:00,0.72,5.4,1035.1,-2.95,0.22000000000000003
2024-01-22 11:00:00,0.695,5.11,1035.74,-2.9699999999999998,0.14
2024-01-22 12:00:00,0.514,5.63,1035.79,-3.2299999999999995,0.08
2024-01-22 13:00:00,0.201,5.622222222222223,1035.8333333333333,-3.211111111111111,0.011111111111111112
2024-01-22 14:00:00,-0.117,5.66,1036.3600000000001,-3.06,-0.06000000000000001
2024-01-22 15:00:00,-0.393,4.89,1036.1100000000001,-2.45,-0.07
2024-01-22 16:00:00,-0.566,3.6700000000000004,1035.3,-1.35,0.0
2024-01-22 17:00:00,-0.6,3.45,1034.44,-0.36,0.05
2024-01-22 18:00:00,-0.446,4.3,1033.68,0.6,0.25
2024-01-22 19:00:00,-0.213,5.12,1033.23,1.6199999999999999,0.2
2024-01-22 20:00:00,0.049,5.3,1032.79,1.6199999999999999,0.3
2024-01-22 21:00:00,0.255,4.970000000000001,1032.8200000000002,1.52,0.3
2024-01-22 22:00:00,0.456,4.7299999999999995,1033.0,1.35,0.25
2024-01-22 23:00:00,0.514,4.85,1033.1200000000001,1.06,0.2
2024-01-23 00:00:00,0.363,6.470000000000001,1033.3,0.9199999999999999,0.26
2024-01-23 01:00:00,0.063,6.69,1033.08,0.8099999999999999,0.3
2024-01-23 02:00:00,-0.267,6.640000000000001,1032.8600000000001,0.6799999999999999,0.3
2024-01-23 03:00:00,-0.525,8.49,1032.6399999999999,0.62,0.3
2024-01-23 04:00:00,-0.724,8.260000000000002,1032.31,0.71,0.2
2024-01-23 05:00:00,-0.761,6.93,1032.03,0.76,0.16
2024-01-23 06:00:00,-0.572,5.85,1031.7,0.74,0.2
2024-01-23 07:00:00,-0.259,6.14,1031.8,0.76,0.2
2024-01-23 08:00:00,0.126,6.26,1031.44,0.69,0.2
2024-01-23 09:00:00,0.423,5.46,1031.3,0.48,0.2
2024-01-23 10:00:00,0.615,5.92,1031.35,0.45999999999999996,0.2
2024-01-23 11:00:00,0.613,6.279999999999999,1031.56,0.6599999999999999,0.2
2024-01-23 12:00:00,0.451,6.0,1032.0,1.1,0.2
2024-01-23 13:00:00,0.17,4.21,1032.49,1.55,0.76
2024-01-23 14:00:00,-0.115,3.0100000000000002,1033.1399999999999,1.9899999999999998,0.3
2024-01-23 15:00:00,-0.343,4.76,1033.71,2.27,0.29
2024-01-23 16:00:00,-0.623,4.779999999999999,1033.6799999999998,2.44,0.36
2024-01-23 17:00:00,-0.853,3.75,1033.02,2.77,0.4
2024-01-23 18:00:00,-0.889,3.45,1032.78,3.65,0.49000000000000005
2024-01-23 19:00:00,-0.686,2.81,1033.24,3.4899999999999998,0.61
2024-01-23 20:00:00,-0.415,2.27,1033.95,3.72,1.07
2024-01-23 21:00:00,-0.055,1.23,1034.15,3.8600000000000003,0.9600000000000002
2024-01-23 22:00:00,0.227,1.3800000000000001,1034.49,3.6399999999999997,1.3
2024-01-23 23:00:00,0.451,0.7,1035.12,2.68,1.3
2024-01-24 00:00:00,0.46,0.06,1035.06,1.9600000000000002,1.06
2024-01-24 01:00:00,0.294,0.9400000000000001,1034.98,1.95,0.8700000000000001
2024-01-24 02:00:00,-0.021,0.52,1034.85,2.31,0.8
2024-01-24 03:00:00,-0.318,1.01,1035.03,2.9899999999999998,0.8
2024-01-24 04:00:00,-0.555,1.59,1034.92,3.07,0.8200000000000001
2024-01-24 05:00:00,-0.645,1.42,1034.78,3.02,1.23
2024-01-24 06:00:00,-0.516,1.45,1034.9299999999998,3.1900000000000004,1.61
2024-01-24 07:00:00,-0.264,2.1399999999999997,1034.99,3.3,2.2
2024-01-24 08:00:00,0.111,2.2,1034.9299999999998,3.54,2.0
2024-01-24 09:00:00,0.473,2.6399999999999997,1034.84,3.9799999999999995,2.0900000000000003
2024-01-24 10:00:00,0.749,3.9299999999999997,1034.1399999999999,4.2299999999999995,1.95
2024-01-24 11:00:00,0.895,3.66,1033.9299999999998,4.67,1.7899999999999998
2024-01-24 12:00:00,0.891,2.84,1034.04,4.94,1.92
2024-01-24 13:00:00,0.786,2.011111111111111,1033.788888888889,5.166666666666667,2.3111111111111113
2024-01-24 14:00:00,0.534,1.3199999999999998,1033.66,5.5,2.29
2024-01-24 15:00:00,0.227,2.02,1033.72,5.319999999999999,1.75
2024-01-24 16:00:00,-0.096,1.1800000000000002,1033.02,5.43,1.6
2024-01-24 17:00:00,-0.429,1.3699999999999999,1032.17,5.17,1.73
2024-01-24 18:00:00,-0.636,1.7,1031.2,5.0200000000000005,1.7899999999999998
2024-01-24 19:00:00,-0.602,1.73,1030.67,5.45,1.9899999999999998
2024-01-24 20:00:00,-0.329,1.7399999999999998,1030.0,5.65,2.2199999999999998
2024-01-24 21:00:00,0.024,1.27,1029.3600000000001,5.62,2.95
2024-01-24 22:00:00,0.411,1.78,1028.94,5.55,2.96
2024-01-24 23:00:00,0.701,2.21,1028.29,5.83,2.8
2024-01-25 00:00:00,0.813,1.97,1027.8,5.9,2.23
2024-01-25 01:00:00,0.725,3.04,1026.57,6.25,2.1
2024-01-25 02:00:00,0.449,1.1300000000000001,1025.7,6.470000000000001,2.1
2024-01-25 03:00:00,0.122,1.67,1025.09,6.75,2.27
2024-01-25 04:00:00,-0.133,1.45,1024.33,6.540000000000001,2.4200000000000004
2024-01-25 05:00:00,-0.296,0.89,1023.24,6.55,2.7
2024-01-25 06:00:00,-0.35,0.15,1022.25,4.43,2.86
2024-01-25 07:00:00,-0.28,0.75,1021.85,5.18,2.71
2024-01-25 08:00:00,-0.098,3.17,1021.5,5.43,2.82
2024-01-25 09:00:00,0.221,3.7299999999999995,1020.9100000000001,5.7,3.2600000000000002
2024-01-25 10:00:00,0.576,3.7600000000000002,1020.75,6.81,3.21
2024-01-25 11:00:00,0.864,3.9899999999999998,1020.8799999999999,6.590000000000001,3.21
2024-01-25 12:00:00,1.012,5.12,1021.1200000000001,6.95,2.73
2024-01-25 13:00:00,0.96,4.79,1021.1600000000001,7.85,2.92
2024-01-25 14:00:00,0.729,3.16,1021.3399999999999,8.120000000000001,3.22
2024-01-25 15:00:00,0.414,2.7399999999999998,1021.45,8.4,2.94
2024-01-25 16:00:00,0.023,2.8400000000000003,1020.8100000000001,7.99,2.6700000000000004
2024-01-25 17:00:00,-0.325,3.07,1020.3,7.840000000000001,2.7
2024-01-25 18:00:00,-0.567,1.89,1019.78,9.3,2.8
2024-01-25 19:00:00,-0.655,2.68,1019.93,9.309999999999999,2.88
2024-01-25 20:00:00,-0.524,1.15,1020.04,9.48,3.0
2024-01-25 21:00:00,-0.225,0.67,1020.4799999999999,9.32,3.04
2024-01-25 22:00:00,0.125,0.52,1021.05,10.209999999999999,3.2299999999999995
2024-01-25 23:00:00,0.43,1.05,1021.74,9.49,3.14
2024-01-26 00:00:00,0.63,1.52,1022.55,9.22,3.35
2024-01-26 01:00:00,0.699,3.07,1022.64,9.85,3.3299999999999996
2024-01-26 02:00:00,0.57,3.94,1022.5600000000001,9.209999999999999,3.2299999999999995
2024-01-26 03:00:00,0.32,4.93,1023.03,7.75,3.22
2024-01-26 04:00:00,0.018,5.79,1022.99,6.1899999999999995,3.2
2024-01-26 05:00:00,-0.179,6.0600000000000005,1022.4399999999999,5.74,3.3299999999999996
2024-01-26 06:00:00,-0.291,5.75,1021.5899999999999,5.45,3.59
2024-01-26 07:00:00,-0.366,6.25,1020.96,5.4,3.96
2024-01-26 08:00:00,-0.237,5.68,1020.6200000000001,5.4,4.380000000000001
2024-01-26 09:00:00,0.089,5.25,1020.11,5.5,4.4
2024-01-26 10:00:00,0.549,4.970000000000001,1019.4100000000001,5.71,4.4
2024-01-26 11:00:00,0.904,4.77,1018.93,5.8,4.4799999999999995
2024-01-26 12:00:00,1.095,4.4399999999999995,1018.5799999999999,5.51,4.42
2024-01-26 13:00:00,1.124,4.68,1018.1200000000001,5.7299999999999995,4.42
2024-01-26 14:00:00,1.06,4.244444444444444,1017.7666666666667,6.055555555555555,4.6
2024-01-26 15:00:00,0.863,3.0,1018.1299999999999,5.9799999999999995,4.6
2024-01-26 16:00:00,0.538,3.04,1017.49,5.85,4.619999999999999
2024-01-26 17:00:00,0.142,1.9899999999999998,1016.4300000000001,6.1,4.7
2024-01-26 18:00:00,-0.189,1.49,1016.03,6.15,4.66
2024-01-26 19:00:00,-0.423,1.54,1016.18,5.8100000000000005,4.7700000000000005
2024-01-26 20:00:00,-0.452,1.26,1016.68,5.9399999999999995,4.5
2024-01-26 21:00:00,-0.211,0.9800000000000001,1016.6299999999999,6.23,4.41
2024-01-26 22:00:00,0.159,1.4300000000000002,1017.11,5.46,4.7
2024-01-26 23:00:00,0.544,0.85,1017.8399999999999,5.46,4.7
2024-01-27 00:00:00,0.813,1.28,1018.47,5.880000000000001,4.720000000000001
2024-01-27 01:00:00,0.952,0.61,1019.0799999999999,6.029999999999999,4.68
2024-01-27 02:00:00,0.919,0.37,1019.55,5.99,4.430000000000001
2024-01-27 03:00:00,0.728,1.3199999999999998,1019.4399999999999,5.58,4.36
2024-01-27 04:00:00,0.422,1.08,1019.61,5.4399999999999995,4.32
2024-01-27 05:00:00,0.146,0.35,1019.7700000000001,5.45,4.25
2024-01-27 06:00:00,-0.066,1.48,1020.25,5.93,4.25
2024-01-27 07:00:00,-0.237,2.71,1020.4100000000001,5.59,4.36
2024-01-27 08:00:00,-0.271,3.12,1020.22,5.89,4.34
2024-01-27 09:00:00,-0.141,3.28,1020.6600000000001,5.68,4.3
2024-01-27 10:00:00,0.21,3.05,1021.2700000000001,5.25,4.41
2024-01-27 11:00:00,0.609,1.9,1022.3100000000001,5.5600000000000005,4.33
2024-01-27 12:00:00,0.892,0.71,1023.11,5.619999999999999,4.4799999999999995
2024-01-27 13:00:00,1.066,0.72,1023.9,5.55,4.6
2024-01-27 14:00:00,1.094,0.93,1024.1299999999999,5.65,4.58
2024-01-27 15:00:00,0.943,1.8699999999999999,1024.5700000000002,5.88,4.5
2024-01-27 16:00:00,0.628,1.49,1024.27,6.35,4.5
2024-01-27 17:00:00,0.24,0.86,1023.89,5.92,4.5
2024-01-27 18:00:00,-0.125,1.77,1023.75,5.76,4.54
2024-01-27 19:00:00,-0.386,1.1199999999999999,1023.65,5.79,4.7
2024-01-27 20:00:00,-0.474,1.8399999999999999,1023.8799999999999,6.26,4.7
2024-01-27 21:00:00,-0.391,1.5899999999999999,1023.68,6.17,4.8
2024-01-27 22:00:00,-0.09,1.86,1023.4200000000001,5.7700000000000005,4.8
2024-01-27 23:00:00,0.258,1.85,1023.53,5.6,4.8
2024-01-28 00:00:00,0.562,2.5555555555555554,1023.7333333333333,5.433333333333334,4.788888888888889
2024-01-28 01:00:00,0.745,2.4699999999999998,1023.79,5.4,4.7
2024-01-28 02:00:00,0.809,1.86,1023.6600000000001,5.4,4.720000000000001
2024-01-28 03:00:00,0.789,1.92,1023.07,5.35,4.720000000000001
2024-01-28 04:00:00,0.561,0.96,1022.64,5.3100000000000005,4.76
2024-01-28 05:00:00,0.28,2.15,1021.74,5.430000000000001,4.7
2024-01-28 06:00:00,0.024,4.2700000000000005,1020.46,5.21,4.66
2024-01-28 07:00:00,-0.238,4.36,1019.05,4.89,4.6
2024-01-28 08:00:00,-0.362,5.34,1017.8399999999999,4.75,4.7
2024-01-28 09:00:00,-0.28,4.74,1017.8,4.64,4.779999999999999
2024-01-28 10:00:00,0.03,6.62,1016.4100000000001,4.49,4.83
2024-01-28 11:00:00,0.499,6.7299999999999995,1015.3,4.55,4.930000000000001
2024-01-28 12:00:00,0.895,7.65,1014.5,4.45,5.0
2024-01-28 13:00:00,1.076,7.366666666666666,1013.9000000000001,4.300000000000001,5.0
2024-01-28 14:00:00,1.165,8.870000000000001,1011.5799999999999,4.3,5.0
2024-01-28 15:00:00,1.163,9.17,1009.76,4.25,5.11
2024-01-28 16:00:00,0.999,8.36,1008.3100000000001,4.430000000000001,5.38
2024-01-28 17:00:00,0.767,5.96,1007.0899999999999,4.380000000000001,5.49
2024-01-28 18:00:00,0.458,5.42,1005.57,4.29,5.37
2024-01-28 19:00:00,0.275,4.64,1005.0200000000001,4.15,5.3
2024-01-28 20:00:00,0.094,5.05,1004.6300000000001,3.94,5.3
2024-01-28 21:00:00,-0.002,5.17,1004.5,3.71,5.34
2024-01-28 22:00:00,0.034,4.95,1004.43,3.5,5.4
2024-01-28 23:00:00,0.22,4.529999999999999,1004.47,3.66,5.4
2024-01-29 00:00:00,0.616,5.05,1004.5,3.62,5.33
2024-01-29 01:00:00,0.928,4.42,1004.18,3.54,5.2700000000000005
2024-01-29 02:00:00,1.118,4.3,1003.9399999999999,2.9699999999999998,5.2
2024-01-29 03:00:00,1.163,4.779999999999999,1003.76,3.14,5.2
2024-01-29 04:00:00,1.002,5.14,1003.8100000000001,3.13,5.2
2024-01-29 05:00:00,0.736,5.18,1004.01,3.08,5.2
2024-01-29 06:00:00,0.46,5.2299999999999995,1004.39,2.82,5.2
2024-01-29 07:00:00,0.219,5.51,1005.0,2.77,5.2
2024-01-29 08:00:00,0.005,6.32,1005.4200000000001,2.7800000000000002,5.18
2024-01-29 09:00:00,-0.107,5.54,1005.96,3.06,5.2
2024-01-29 10:00:00,0.011,5.2700000000000005,1006.61,3.3600000000000003,5.15
2024-01-29 11:00:00,0.291,4.4399999999999995,1007.5600000000001,3.0,5.09
2024-01-29 12:00:00,0.651,3.17,1008.53,3.06,5.0
2024-01-29 13:00:00,0.915,3.8899999999999997,1009.3,3.31,5.0
2024-01-29 14:00:00,1.061,4.15,1009.89,3.66,5.0
2024-01-29 15:00:00,1.118,5.89,1010.7299999999999,3.91,5.0
2024-01-29 16:00:00,1.005,4.76,1011.15,3.8,5.0
2024-01-29 17:00:00,0.711,6.5200000000000005,1011.3,3.87,5.0
2024-01-29 18:00:00,0.355,7.529999999999999,1011.61,4.04,5.0
2024-01-29 19:00:00,0.008,6.540000000000001,1012.0899999999999,4.2299999999999995,4.96
2024-01-29 20:00:00,-0.224,6.0,1013.03,4.25,5.0
2024-01-29 21:00:00,-0.302,6.3100000000000005,1014.03,3.8899999999999997,5.0
2024-01-29 22:00:00,-0.183,3.9200000000000004,1015.2,3.53,4.970000000000001
2024-01-29 23:00:00,0.091,3.9200000000000004,1016.43,3.34,4.9
2024-01-30 00:00:00,0.429,3.7299999999999995,1017.5,3.13,4.8
2024-01-30 01:00:00,0.687,4.4799999999999995,1018.43,3.12,4.779999999999999
2024-01-30 02:00:00,0.835,4.7299999999999995,1019.11,3.0,4.7
2024-01-30 03:00:00,0.934,4.68,1019.7700000000001,2.88,4.7
2024-01-30 04:00:00,0.989,4.9,1020.22,2.67,4.7
2024-01-30 05:00:00,0.949,4.26,1020.6,2.44,4.7
2024-01-30 06:00:00,0.763,4.13,1020.74,2.2800000000000002,4.76
2024-01-30 07:00:00,0.453,3.54,1020.86,2.23,4.7
2024-01-30 08:00:00,0.161,3.06,1021.25,2.1,4.7
2024-01-30 09:00:00,0.008,3.11,1021.76,1.94,4.7
2024-01-30 10:00:00,0.069,2.57,1022.3799999999999,1.8399999999999999,4.609999999999999
2024-01-30 11:00:00,0.325,1.4300000000000002,1023.0799999999999,1.7899999999999998,4.54
2024-01-30 12:00:00,0.633,1.5,1023.61,1.9100000000000001,4.56
2024-01-30 13:00:00,0.882,1.73,1024.23,2.1700000000000004,4.5
2024-01-30 14:00:00,1.077,1.7600000000000002,1024.42,2.35,4.5
2024-01-30 15:00:00,1.164,1.64,1024.45,2.46,4.5
2024-01-30 16:00:00,1.154,2.34,1024.0,2.4899999999999998,4.5
2024-01-30 17:00:00,0.987,3.2299999999999995,1023.55,2.6100000000000003,4.5
2024-01-30 18:00:00,0.694,3.13,1023.45,2.64,4.41
2024-01-30 19:00:00,0.39,2.71,1023.21,2.63,4.4
2024-01-30 20:00:00,0.112,3.7600000000000002,1023.07,2.5100000000000002,4.4
2024-01-30 21:00:00,-0.097,3.7,1023.11,2.4699999999999998,4.4
2024-01-30 22:00:00,-0.141,3.9799999999999995,1023.07,2.41,4.430000000000001
2024-01-30 23:00:00,0.034,5.622222222222223,1022.9888888888888,2.2444444444444445,4.488888888888889
2024-01-31 00:00:00,0.366,5.36,1023.2700000000001,2.21,4.44
2024-01-31 01:00:00,0.698,5.12,1023.3100000000001,2.0100000000000002,4.4
2024-01-31 02:00:00,0.849,5.62,1022.9799999999999,2.34,4.4
2024-01-31 03:00:00,0.947,4.96,1022.8,2.2,4.4
2024-01-31 04:00:00,1.012,4.86,1022.64,1.97,4.3
2024-01-31 05:00:00,0.998,4.3100000000000005,1022.36,1.8699999999999999,4.3
2024-01-31 06:00:00,0.847,4.15,1021.8100000000001,1.7,4.3
2024-01-31 07:00:00,0.551,3.47,1021.9,2.31,4.3
2024-01-31 08:00:00,0.224,3.63,1021.4200000000001,2.58,4.3100000000000005
2024-01-31 09:00:00,-0.049,3.44,1021.04,2.5900000000000003,4.32
2024-01-31 10:00:00,-0.127,3.45,1020.97,2.5100000000000002,4.220000000000001
2024-01-31 11:00:00,-0.052,3.22,1021.22,2.4,4.2
2024-01-31 12:00:00,0.184,3.55,1021.57,2.45,4.14
2024-01-31 13:00:00,0.461,3.988888888888889,1021.4000000000001,2.6888888888888887,4.111111111111111
2024-01-31 14:00:00,0.718,3.75,1021.28,2.77,4.1
2024-01-31 15:00:00,0.872,4.21,1021.1,3.15,4.1
2024-01-31 16:00:00,0.942,3.37,1020.96,3.38,4.1
2024-01-31 17:00:00,0.836,3.2600000000000002,1020.39,3.65,4.1
2024-01-31 18:00:00,0.591,2.31,1020.28,3.6799999999999997,4.16
2024-01-31 19:00:00,0.347,2.09,1020.4,3.65,4.2
2024-01-31 20:00:00,0.076,2.15,1020.46,3.5799999999999996,4.2
2024-01-31 21:00:00,-0.147,1.78,1020.1700000000001,3.5,4.2
2024-01-31 22:00:00,-0.264,1.8699999999999999,1020.0600000000001,3.46,4.25
2024-01-31 23:00:00,-0.238,1.55,1020.05,3.54,4.3
2024-02-01 00:00:00,-0.033,1.97,1019.9,3.4,4.3
2024-02-01 01:00:00,0.245,2.23,1019.53,3.28,4.3
2024-02-01 02:00:00,0.495,2.21,1019.5200000000001,3.06,4.3
2024-02-01 03:00:00,0.67,2.32,1019.54,2.8899999999999997,4.220000000000001
2024-02-01 04:00:00,0.787,2.6100000000000003,1019.43,2.9099999999999997,4.2
2024-02-01 05:00:00,0.857,3.2399999999999998,1018.8299999999999,3.07,4.17
2024-02-01 06:00:00,0.789,3.5700000000000003,1018.3100000000001,3.08,4.13
2024-02-01 07:00:00,0.571,3.71,1018.1299999999999,2.8600000000000003,4.08
2024-02-01 08:00:00,0.26,3.96,1018.01,2.58,4.0
2024-02-01 09:00:00,-0.013,3.5799999999999996,1018.03,2.4699999999999998,4.0
2024-02-01 10:00:00,-0.138,3.8899999999999997,1018.1299999999999,2.2399999999999998,4.01
2024-02-01 11:00:00,-0.157,3.5700000000000003,1018.4,2.25,4.06
2024-02-01 12:00:00,-0.042,2.75,1018.65,1.9899999999999998,3.8899999999999997
2024-02-01 13:00:00,0.173,4.4799999999999995,1018.8299999999999,2.12,3.8
2024-02-01 14:00:00,0.392,4.611111111111111,1018.7111111111111,3.1444444444444444,3.7999999999999994
2024-02-01 15:00:00,0.583,4.4,1018.4799999999999,4.74,3.8699999999999997
2024-02-01 16:00:00,0.73,3.1700000000000004,1017.7,5.17,4.0
2024-02-01 17:00:00,0.754,3.8,1016.5200000000001,4.96,4.09
2024-02-01 18:00:00,0.639,2.82,1015.5200000000001,5.5,4.220000000000001
2024-02-01 19:00:00,0.43,2.9699999999999998,1015.0,5.82,4.17
2024-02-01 20:00:00,0.19,3.2600000000000002,1014.55,5.87,4.2299999999999995
2024-02-01 21:00:00,-0.032,1.24,1013.95,5.89,4.3
2024-02-01 22:00:00,-0.186,0.93,1014.04,5.68,4.2299999999999995
2024-02-01 23:00:00,-0.225,1.09,1014.22,5.7299999999999995,4.2
2024-02-02 00:00:00,-0.152,1.0699999999999998,1014.15,5.85,4.24
2024-02-02 01:00:00,0.055,1.42,1014.2,6.14,4.24
2024-02-02 02:00:00,0.282,1.54,1013.9399999999999,6.24,4.3
2024-02-02 03:00:00,0.51,1.4,1013.57,6.109999999999999,4.2700000000000005
2024-02-02 04:00:00,0.687,1.6300000000000001,1013.1200000000001,5.970000000000001,4.2
2024-02-02 05:00:00,0.842,1.4300000000000002,1012.5899999999999,5.6,4.2
2024-02-02 06:00:00,0.915,1.8699999999999999,1012.4,5.34,4.2
2024-02-02 07:00:00,0.78,1.26,1012.28,4.7,4.2700000000000005
2024-02-02 08:00:00,0.513,0.9800000000000001,1011.82,4.6,4.279999999999999
2024-02-02 09:00:00,0.229,1.58,1011.1600000000001,4.4,4.2
2024-02-02 10:00:00,0.022,2.41,1010.74,4.45,4.2
2024-02-02 11:00:00,-0.081,1.9600000000000002,1010.9799999999999,4.569999999999999,4.2
2024-02-02 12:00:00,-0.058,0.78,1010.96,4.430000000000001,4.21
2024-02-02 13:00:00,0.081,1.1111111111111112,1011.3888888888889,4.555555555555555,4.3
2024-02-02 14:00:00,0.31,1.8199999999999998,1011.6,4.49,4.3
2024-02-02 15:00:00,0.534,2.37,1011.8700000000001,4.5200000000000005,4.3
2024-02-02 16:00:00,0.674,2.98,1011.78,4.7,4.21
2024-02-02 17:00:00,0.717,4.14,1011.4399999999999,4.38,4.2
2024-02-02 18:00:00,0.694,4.13,1011.35,4.93,4.2
2024-02-02 19:00:00,0.586,3.91,1011.7299999999999,5.27,4.25
2024-02-02 20:00:00,0.398,3.47,1012.43,5.38,4.3
2024-02-02 21:00:00,0.196,3.38,1013.22,5.220000000000001,4.3
2024-02-02 22:00:00,0.014,4.1,1014.0200000000001,5.1899999999999995,4.36
2024-02-02 23:00:00,-0.123,4.05,1014.7299999999999,4.82,4.4
2024-02-03 00:00:00,-0.168,3.8299999999999996,1015.3799999999999,4.4799999999999995,4.4
2024-02-03 01:00:00,-0.106,3.87,1015.9,4.25,4.4
2024-02-03 02:00:00,0.11,4.0600000000000005,1016.11,4.220000000000001,4.33
2024-02-03 03:00:00,0.367,4.59,1016.32,4.34,4.25
2024-02-03 04:00:00,0.619,4.25,1016.51,3.9699999999999998,4.2
2024-02-03 05:00:00,0.803,4.74,1016.5,3.2600000000000002,4.2
2024-02-03 06:00:00,0.922,4.720000000000001,1016.86,2.75,4.2
2024-02-03 07:00:00,0.907,4.52,1017.22,2.31,4.279999999999999
2024-02-03 08:00:00,0.726,4.5600000000000005,1017.3199999999999,2.02,4.3
2024-02-03 09:00:00,0.466,4.6899999999999995,1017.4,1.81,4.390000000000001
2024-02-03 10:00:00,0.266,4.0200000000000005,1017.85,1.55,4.4
2024-02-03 11:00:00,0.091,4.15,1018.21,1.1400000000000001,4.36
2024-02-03 12:00:00,-0.016,4.5600000000000005,1018.9,0.86,4.12
2024-02-03 13:00:00,-0.039,5.16,1019.3299999999999,1.0,4.0
2024-02-03 14:00:00,0.056,5.869999999999999,1019.5600000000001,1.16,4.0
2024-02-03 15:00:00,0.239,6.18,1019.61,1.6600000000000001,4.0
2024-02-03 16:00:00,0.44,5.0600000000000005,1019.03,2.6399999999999997,4.06
2024-02-03 17:00:00,0.613,5.34,1018.1899999999999,3.53,4.109999999999999
2024-02-03 18:00:00,0.709,4.34,1017.54,4.26,4.2
2024-02-03 19:00:00,0.71,4.8,1017.1700000000001,4.76,4.2
2024-02-03 20:00:00,0.609,3.5200000000000005,1017.01,5.32,4.2299999999999995
2024-02-03 21:00:00,0.43,3.37,1016.8799999999999,5.4799999999999995,4.3
2024-02-03 22:00:00,0.209,3.5100000000000002,1017.2,5.0200000000000005,4.33
2024-02-03 23:00:00,0.048,3.25,1017.4799999999999,4.55,4.4
2024-02-04 00:00:00,-0.045,3.3600000000000003,1017.7299999999999,4.1899999999999995,4.3100000000000005
2024-02-04 01:00:00,-0.066,3.2700000000000005,1017.96,4.18,4.2
2024-02-04 02:00:00,0.02,3.0100000000000002,1018.0,3.62,4.2
2024-02-04 03:00:00,0.21,2.68,1018.07,3.18,4.3
2024-02-04 04:00:00,0.474,2.96,1018.1600000000001,2.88,4.2
2024-02-04 05:00:00,0.733,2.25,1017.89,2.43,4.2
2024-02-04 06:00:00,0.976,2.7199999999999998,1017.6600000000001,2.17,4.25
2024-02-04 07:00:00,1.077,2.8,1017.57,1.7899999999999998,4.18
2024-02-04 08:00:00,1.045,3.34,1017.6899999999999,1.3,4.2
2024-02-04 09:00:00,0.862,3.1100000000000003,1017.71,0.8400000000000001,4.4
2024-02-04 10:00:00,0.625,2.66,1017.71,0.64,4.340000000000001
2024-02-04 11:00:00,0.402,2.7600000000000002,1017.79,0.35,3.95
2024-02-04 12:00:00,0.18,3.4299999999999997,1018.0600000000001,0.5,3.9200000000000004
2024-02-04 13:00:00,0.043,3.4200000000000004,1018.3700000000001,1.02,3.8
2024-02-04 14:00:00,0.026,5.029999999999999,1018.4200000000001,0.8400000000000001,3.84
2024-02-04 15:00:00,0.15,5.2299999999999995,1018.03,1.25,3.95
2024-02-04 16:00:00,0.348,4.04,1017.25,2.2600000000000002,4.069999999999999
2024-02-04 17:00:00,0.508,2.91,1016.3100000000001,2.82,4.2
2024-02-04 18:00:00,0.641,2.12,1015.3799999999999,3.8200000000000003,4.2
2024-02-04 19:00:00,0.767,1.98,1014.51,4.68,4.29
2024-02-04 20:00:00,0.785,1.73,1014.1200000000001,5.49,4.57
2024-02-04 21:00:00,0.691,1.44,1013.86,5.8,4.86
2024-02-04 22:00:00,0.513,0.48,1013.75,5.14,4.95
2024-02-04 23:00:00,0.31,0.7,1013.71,4.18,4.6899999999999995
2024-02-05 00:00:00,0.144,1.5699999999999998,1013.96,4.58,4.58
2024-02-05 01:00:00,0.002,1.7600000000000002,1014.0899999999999,4.25,4.4799999999999995
2024-02-05 02:00:00,-0.07,2.29,1014.1899999999999,4.13,4.37
2024-02-05 03:00:00,-0.015,2.08,1014.21,3.53,4.3
2024-02-05 04:00:00,0.198,2.45,1014.04,3.07,4.380000000000001
2024-02-05 05:00:00,0.535,2.9899999999999998,1013.8399999999999,2.7600000000000002,4.44
2024-02-05 06:00:00,0.861,3.13,1013.3799999999999,2.29,4.5
2024-02-05 07:00:00,1.062,1.67,1013.2299999999999,1.9899999999999998,4.5
2024-02-05 08:00:00,1.105,2.29,1013.2,1.67,4.569999999999999
2024-02-05 09:00:00,1.054,3.6,1013.03,1.3599999999999999,4.5
2024-02-05 10:00:00,0.922,3.4799999999999995,1013.43,1.16,4.5
2024-02-05 11:00:00,0.707,3.1399999999999997,1014.0799999999999,1.02,4.5
2024-02-05 12:00:00,0.471,3.13,1014.5600000000001,1.27,4.5
2024-02-05 13:00:00,0.241,4.29,1014.9100000000001,1.81,4.5
2024-02-05 14:00:00,0.023,4.42,1014.97,2.38,4.46
2024-02-05 15:00:00,-0.003,4.529999999999999,1015.1300000000001,2.82,4.46
2024-02-05 16:00:00,0.122,5.2700000000000005,1014.85,3.5100000000000002,4.5
2024-02-05 17:00:00,0.323,4.71,1014.3399999999999,4.33,4.5
2024-02-05 18:00:00,0.553,4.279999999999999,1013.9399999999999,4.8100000000000005,4.51
2024-02-05 19:00:00,0.752,3.87,1013.65,5.89,4.6899999999999995
2024-02-05 20:00:00,0.871,3.66,1013.6200000000001,6.35,4.7299999999999995
2024-02-05 21:00:00,0.907,3.95,1014.04,6.16,4.76
2024-02-05 22:00:00,0.839,3.65,1014.74,5.0600000000000005,4.659999999999999
2024-02-05 23:00:00,0.644,4.42,1015.75,4.52,4.569999999999999
2024-02-06 00:00:00,0.412,7.2299999999999995,1016.49,3.96,4.6
2024-02-06 01:00:00,0.202,6.26,1016.9799999999999,3.54,4.6
2024-02-06 02:00:00,-0.011,5.8,1017.28,3.29,4.6
2024-02-06 03:00:00,-0.09,5.9799999999999995,1017.5600000000001,2.73,4.6
2024-02-06 04:00:00,0.02,5.36,1017.9799999999999,2.0300000000000002,4.6
2024-02-06 05:00:00,0.314,5.49,1018.15,1.5,4.6
2024-02-06 06:00:00,0.686,5.07,1018.5200000000001,1.0,4.6
2024-02-06 07:00:00,0.983,4.68,1019.0,0.45,4.59
2024-02-06 08:00:00,1.163,4.87,1019.4799999999999,-0.17,4.2700000000000005
2024-02-06 09:00:00,1.241,5.2,1019.8100000000001,-0.6900000000000001,4.18
2024-02-06 10:00:00,1.189,4.37,1020.45,-0.9800000000000001,4.43
2024-02-06 11:00:00,0.996,5.029999999999999,1021.4200000000001,-0.93,4.76
2024-02-06 12:00:00,0.716,5.220000000000001,1022.1700000000001,-0.95,4.71
2024-02-06 13:00:00,0.427,5.4799999999999995,1022.76,-0.49000000000000005,4.42
2024-02-06 14:00:00,0.152,5.13,1023.05,0.32999999999999996,4.119999999999999
2024-02-06 15:00:00,-0.032,4.52,1023.29,1.22,4.119999999999999
2024-02-06 16:00:00,-0.121,4.74,1022.9799999999999,1.86,4.26
2024-02-06 17:00:00,-0.036,3.72,1022.45,2.4,4.37
2024-02-06 18:00:00,0.185,3.9,1022.1299999999999,2.77,4.42
2024-02-06 19:00:00,0.469,4.46,1021.99,3.7,4.569999999999999
2024-02-06 20:00:00,0.722,3.53,1022.28,4.37,4.61
2024-02-06 21:00:00,0.887,1.83,1023.04,4.29,4.529999999999999
2024-02-06 22:00:00,0.951,1.05,1023.3399999999999,3.8299999999999996,4.340000000000001
2024-02-06 23:00:00,0.812,1.8399999999999999,1023.6300000000001,3.6,4.15
2024-02-07 00:00:00,0.587,2.32,1023.8700000000001,3.5700000000000003,3.97
2024-02-07 01:00:00,0.326,3.94,1024.21,3.5200000000000005,3.97
2024-02-07 02:00:00,0.07,3.5700000000000003,1024.31,3.05,3.9
2024-02-07 03:00:00,-0.127,3.9899999999999998,1024.44,2.9899999999999998,4.04
2024-02-07 04:00:00,-0.186,3.81,1024.55,2.6100000000000003,4.3100000000000005
2024-02-07 05:00:00,-0.056,4.3,1024.3600000000001,2.18,4.4
2024-02-07 06:00:00,0.269,2.96,1024.79,1.9,4.5200000000000005
2024-02-07 07:00:00,0.602,3.15,1024.8200000000002,1.81,4.5200000000000005
2024-02-07 08:00:00,0.893,3.1599999999999997,1025.0700000000002,1.8199999999999998,4.41
2024-02-07 09:00:00,1.104,3.3200000000000003,1025.24,1.77,4.4
2024-02-07 10:00:00,1.233,4.3100000000000005,1025.8,1.53,4.4
2024-02-07 11:00:00,1.234,3.96,1026.3899999999999,1.27,4.14
2024-02-07 12:00:00,1.048,3.6,1027.25,1.5,4.26
2024-02-07 13:00:00,0.713,3.54,1027.6799999999998,2.42,4.54
2024-02-07 14:00:00,0.324,3.21,1027.9,3.0,4.32
2024-02-07 15:00:00,-0.015,2.63,1027.9299999999998,3.29,4.220000000000001
2024-02-07 16:00:00,-0.267,3.3200000000000003,1027.41,3.91,4.2
2024-02-07 17:00:00,-0.378,4.029999999999999,1026.58,4.64,4.2700000000000005
2024-02-07 18:00:00,-0.223,3.13,1025.6399999999999,5.6,4.54
2024-02-07 19:00:00,0.082,2.1399999999999997,1025.3600000000001,5.07,4.5200000000000005
2024-02-07 20:00:00,0.434,2.24,1025.24,5.14,4.5
2024-02-07 21:00:00,0.709,2.6399999999999997,1025.3200000000002,5.279999999999999,4.76
2024-02-07 22:00:00,0.908,1.6,1025.76,5.4,4.7299999999999995
2024-02-07 23:00:00,0.96,1.81,1026.0,4.13,4.6
2024-02-08 00:00:00,0.821,1.8,1026.33,3.9899999999999998,4.430000000000001
2024-02-08 01:00:00,0.557,1.98,1026.23,3.7299999999999995,4.3100000000000005
2024-02-08 02:00:00,0.19,2.46,1026.33,3.79,4.24
2024-02-08 03:00:00,-0.134,1.7599999999999998,1026.8200000000002,3.4,4.44
2024-02-08 04:00:00,-0.372,2.0,1026.54,3.17,4.4799999999999995
2024-02-08 05:00:00,-0.395,2.4699999999999998,1026.65,3.2,4.4
2024-02-08 06:00:00,-0.206,2.43,1027.08,2.9899999999999998,4.34
2024-02-08 07:00:00,0.116,1.9100000000000001,1027.05,2.88,4.220000000000001
2024-02-08 08:00:00,0.506,2.45,1026.65,2.7600000000000002,4.1
2024-02-08 09:00:00,0.837,3.8600000000000003,1026.95,2.57,4.18
2024-02-08 10:00:00,1.08,3.09,1026.96,2.13,4.3
2024-02-08 11:00:00,1.216,2.8600000000000003,1027.35,2.2,4.279999999999999
2024-02-08 12:00:00,1.177,2.57,1027.65,2.12,4.2
2024-02-08 13:00:00,0.941,1.61,1027.99,2.8899999999999997,4.0600000000000005
2024-02-08 14:00:00,0.558,1.27,1027.96,3.4899999999999998,4.119999999999999
2024-02-08 15:00:00,0.136,0.74,1027.6799999999998,3.8200000000000003,4.22
2024-02-08 16:00:00,-0.269,0.82,1027.26,5.01,4.0200000000000005
2024-02-08 17:00:00,-0.543,2.95,1026.55,6.25,4.1
2024-02-08 18:00:00,-0.619,3.56,1025.9199999999998,6.24,4.13
2024-02-08 19:00:00,-0.374,3.4299999999999997,1025.5,6.319999999999999,4.46
2024-02-08 20:00:00,-0.021,3.8600000000000003,1025.31,6.18,4.619999999999999
2024-02-08 21:00:00,0.376,4.2299999999999995,1025.59,6.32,4.7
2024-02-08 22:00:00,0.7,4.11,1025.56,5.76,4.64
2024-02-08 23:00:00,0.936,3.97,1025.3,5.46,4.569999999999999
2024-02-09 00:00:00,0.96,4.5200000000000005,1025.05,5.380000000000001,4.6
2024-02-09 01:00:00,0.774,5.277777777777778,1024.7444444444445,5.522222222222222,4.6
2024-02-09 02:00:00,0.39,5.29,1024.77,5.68,4.6
2024-02-09 03:00:00,0.026,5.4,1024.7,5.55,4.6
2024-02-09 04:00:00,-0.276,5.17,1024.77,5.380000000000001,4.6
2024-02-09 05:00:00,-0.462,5.2,1024.85,5.2299999999999995,4.6
2024-02-09 06:00:00,-0.513,4.32,1023.4,5.17,4.6
2024-02-09 07:00:00,-0.349,3.53,1022.74,5.17,4.6
2024-02-09 08:00:00,-0.006,4.029999999999999,1023.03,5.21,4.6
2024-02-09 09:00:00,0.444,2.7800000000000002,1023.0799999999999,5.13,4.6
2024-02-09 10:00:00,0.901,4.8,1022.4799999999999,5.16,4.6
2024-02-09 11:00:00,1.259,5.6899999999999995,1022.2,5.42,4.6
2024-02-09 12:00:00,1.399,5.32,1022.43,5.529999999999999,4.6899999999999995
2024-02-09 13:00:00,1.298,6.12,1022.2,5.85,4.66
2024-02-09 14:00:00,0.919,6.9125000000000005,1021.8875,6.2875,4.6
2024-02-09 15:00:00,0.474,5.65,1021.3100000000001,6.94,4.6
2024-02-09 16:00:00,0.047,5.42,1020.3100000000001,7.93,4.609999999999999
2024-02-09 17:00:00,-0.366,7.37,1019.15,7.7,4.8
2024-02-09 18:00:00,-0.622,7.4799999999999995,1018.24,7.9799999999999995,4.9
2024-02-09 19:00:00,-0.651,7.4,1017.32,7.74,5.13
2024-02-09 20:00:00,-0.337,5.529999999999999,1016.9200000000001,8.129999999999999,5.04
2024-02-09 21:00:00,0.092,4.5,1016.75,7.9,4.99
2024-02-09 22:00:00,0.518,3.06,1016.36,7.779999999999999,5.0
2024-02-09 23:00:00,0.904,2.9899999999999998,1016.18,7.159999999999999,5.05
2024-02-10 00:00:00,1.13,1.77,1016.26,7.26,5.2
2024-02-10 01:00:00,1.128,1.95,1015.8799999999999,7.44,5.279999999999999
2024-02-10 02:00:00,0.845,1.6800000000000002,1015.5799999999999,7.19,5.3
2024-02-10 03:00:00,0.464,1.44,1015.45,6.65,5.3
2024-02-10 04:00:00,0.055,0.6599999999999999,1015.1200000000001,5.91,5.3
2024-02-10 05:00:00,-0.266,1.56,1014.72,6.36,5.3
2024-02-10 06:00:00,-0.487,0.9800000000000001,1014.1299999999999,5.99,5.3
2024-02-10 07:00:00,-0.536,0.9400000000000001,1013.6200000000001,5.41,5.32
2024-02-10 08:00:00,-0.357,0.72,1013.21,5.29,5.4
2024-02-10 09:00:00,0.051,0.6300000000000001,1012.99,5.1899999999999995,5.4
2024-02-10 10:00:00,0.6,0.49000000000000005,1013.03,6.09,5.4
2024-02-10 11:00:00,1.072,0.54,1012.7299999999999,6.26,5.4
2024-02-10 12:00:00,1.351,2.0100000000000002,1013.05,5.91,5.4
2024-02-10 13:00:00,1.438,2.7444444444444445,1013.3777777777777,5.955555555555556,5.388888888888889
2024-02-10 14:00:00,1.303,1.8599999999999999,1013.05,6.93,5.3
2024-02-10 15:00:00,0.925,1.1400000000000001,1012.49,7.109999999999999,5.3
2024-02-10 16:00:00,0.418,0.45,1012.2,8.97,5.34
2024-02-10 17:00:00,-0.064,1.4,1011.46,10.02,5.470000000000001
2024-02-10 18:00:00,-0.451,3.0100000000000002,1010.53,10.15,5.51
2024-02-10 19:00:00,-0.692,1.6300000000000001,1010.01,10.86,5.51
2024-02-10 20:00:00,-0.682,1.6,1009.6600000000001,11.190000000000001,5.56
2024-02-10 21:00:00,-0.345,0.7,1009.4200000000001,12.41,5.56
2024-02-10 22:00:00,0.115,2.29,1009.46,11.69,5.6
2024-02-10 23:00:00,0.626,5.07,1009.97,11.36,5.58
2024-02-11 00:00:00,1.03,4.2555555555555555,1010.3555555555556,10.511111111111111,5.511111111111111
2024-02-11 01:00:00,1.205,3.2299999999999995,1010.8,8.9,5.6
2024-02-11 02:00:00,1.122,3.12,1011.1700000000001,9.02,5.66
2024-02-11 03:00:00,0.798,2.58,1011.1299999999999,9.89,5.74
2024-02-11 04:00:00,0.402,1.73,1011.15,9.57,5.75
2024-02-11 05:00:00,0.012,1.44,1010.9799999999999,9.03,5.76
2024-02-11 06:00:00,-0.304,3.28,1011.25,7.51,5.82
2024-02-11 07:00:00,-0.564,2.7600000000000002,1011.82,7.3100000000000005,5.82
2024-02-11 08:00:00,-0.641,3.18,1011.86,7.55,5.8
2024-02-11 09:00:00,-0.435,3.6799999999999997,1012.3299999999999,8.209999999999999,5.83
2024-02-11 10:00:00,0.071,4.49,1012.9100000000001,7.279999999999999,5.86
2024-02-11 11:00:00,0.61,3.38,1013.57,6.75,5.75
2024-02-11 12:00:00,1.047,4.35,1014.39,6.83,5.7
2024-02-11 13:00:00,1.308,3.97,1014.86,6.82,5.7
2024-02-11 14:00:00,1.358,3.6100000000000003,1014.79,6.9799999999999995,5.7
2024-02-11 15:00:00,1.123,4.32,1015.22,7.1,5.720000000000001
2024-02-11 16:00:00,0.734,3.71,1014.49,7.15,5.8
2024-02-11 17:00:00,0.242,2.9,1013.93,7.1,5.8
2024-02-11 18:00:00,-0.215,2.3,1013.43,7.13,5.85
2024-02-11 19:00:00,-0.564,1.8800000000000001,1013.22,6.87,5.930000000000001
2024-02-11 20:00:00,-0.792,2.57,1013.03,6.81,6.04
2024-02-11 21:00:00,-0.707,2.68,1013.3299999999999,6.74,6.119999999999999
2024-02-11 22:00:00,-0.283,2.96,1013.8399999999999,7.17,6.2
2024-02-11 23:00:00,0.232,1.8399999999999999,1013.6600000000001,6.82,6.119999999999999
2024-02-12 00:00:00,0.706,1.77,1013.71,6.709999999999999,5.86
2024-02-12 01:00:00,1.064,1.72,1013.53,6.319999999999999,5.8100000000000005
2024-02-12 02:00:00,1.199,1.8399999999999999,1013.93,6.14,5.9
2024-02-12 03:00:00,1.112,1.78,1014.1299999999999,6.07,5.9
2024-02-12 04:00:00,0.806,2.16,1014.07,5.96,5.9
2024-02-12 05:00:00,0.351,2.44,1013.99,5.720000000000001,5.9
2024-02-12 06:00:00,-0.067,2.6,1013.96,5.42,5.8
2024-02-12 07:00:00,-0.41,3.2299999999999995,1013.7,5.0200000000000005,5.8
2024-02-12 08:00:00,-0.651,1.89,1013.3399999999999,4.51,5.8
2024-02-12 09:00:00,-0.66,2.23,1013.72,4.18,5.8
2024-02-12 10:00:00,-0.322,1.9100000000000001,1014.04,3.44,5.8
2024-02-12 11:00:00,0.167,2.16,1014.3299999999999,3.22,5.8
2024-02-12 12:00:00,0.673,1.73,1014.6200000000001,3.35,5.8
2024-02-12 13:00:00,1.054,1.7600000000000002,1014.68,3.7399999999999998,5.8
2024-02-12 14:00:00,1.268,2.52,1015.46,3.8899999999999997,5.8
2024-02-12 15:00:00,1.298,2.3,1014.8700000000001,4.3100000000000005,5.8
2024-02-12 16:00:00,1.076,1.45,1013.89,4.83,5.9
2024-02-12 17:00:00,0.619,1.52,1013.21,4.720000000000001,5.92
2024-02-12 18:00:00,0.11,1.83,1011.7,4.6,6.04
2024-02-12 19:00:00,-0.288,1.28,1012.1600000000001,5.7299999999999995,6.24
2024-02-12 20:00:00,-0.601,3.2,1011.3299999999999,5.05,6.51
2024-02-12 21:00:00,-0.736,3.19,1011.32,5.3100000000000005,6.5
2024-02-12 22:00:00,-0.568,2.3600000000000003,1011.29,5.1,6.5
2024-02-12 23:00:00,-0.137,2.5100000000000002,1011.1700000000001,5.2,6.36
2024-02-13 00:00:00,0.399,2.07,1011.0799999999999,5.0,5.970000000000001
2024-02-13 01:00:00,0.837,2.5,1010.74,5.08,5.91
2024-02-13 02:00:00,1.176,1.7100000000000002,1010.5799999999999,5.0,5.9799999999999995
2024-02-13 03:00:00,1.275,3.59,1009.1899999999999,4.46,6.15
2024-02-13 04:00:00,1.132,3.88,1007.8399999999999,4.21,6.08
2024-02-13 05:00:00,0.808,4.38,1006.5799999999999,4.029999999999999,5.9
2024-02-13 06:00:00,0.387,5.1899999999999995,1004.96,3.6700000000000004,5.9
2024-02-13 07:00:00,0.026,6.1899999999999995,1004.2700000000001,2.9699999999999998,5.9
2024-02-13 08:00:00,-0.288,7.390000000000001,1003.11,2.33,5.8100000000000005
2024-02-13 09:00:00,-0.427,7.909999999999999,1001.5600000000001,1.56,5.8
2024-02-13 10:00:00,-0.387,7.9799999999999995,1000.32,1.46,5.8
2024-02-13 11:00:00,-0.019,7.33,999.1,0.6900000000000001,5.8
2024-02-13 12:00:00,0.467,6.92,997.9399999999999,0.22999999999999998,5.720000000000001
2024-02-13 13:00:00,0.915,3.7299999999999995,998.86,0.11000000000000001,5.5
2024-02-13 14:00:00,1.274,5.2,997.9200000000001,0.11000000000000001,5.6
2024-02-13 15:00:00,1.462,5.38,998.4200000000001,0.4,5.569999999999999
2024-02-13 16:00:00,1.394,7.81,999.54,0.47000000000000003,5.5
2024-02-13 17:00:00,1.062,8.459999999999999,1000.89,0.37,5.49
2024-02-13 18:00:00,0.676,8.51,1001.6299999999999,1.83,5.37
2024-02-13 19:00:00,0.205,8.98,1003.05,3.56,5.3
2024-02-13 20:00:00,-0.283,8.03,1004.28,4.2700000000000005,5.3
2024-02-13 21:00:00,-0.537,7.390000000000001,1005.3299999999999,4.8,5.4
2024-02-13 22:00:00,-0.587,6.859999999999999,1006.6200000000001,4.9399999999999995,5.36
2024-02-13 23:00:00,-0.189,6.4,1007.9100000000001,4.930000000000001,5.3
2024-02-14 00:00:00,0.303,7.7700000000000005,1008.8399999999999,4.78,5.3
2024-02-14 01:00:00,0.721,6.12,1009.74,4.33,5.3
2024-02-14 02:00:00,0.919,6.67,1010.43,4.08,5.32
2024-02-14 03:00:00,1.125,7.889999999999999,1010.4,4.13,5.390000000000001
2024-02-14 04:00:00,1.254,7.609999999999999,1010.6700000000001,4.04,5.3
2024-02-14 05:00:00,1.233,7.45,1011.05,3.7600000000000002,5.3
2024-02-14 06:00:00,0.914,9.91,1011.49,3.7299999999999995,5.279999999999999
2024-02-14 07:00:00,0.44,10.66,1011.9799999999999,3.3299999999999996,5.109999999999999
2024-02-14 08:00:00,-0.042,11.190000000000001,1012.55,2.29,5.029999999999999
2024-02-14 09:00:00,-0.425,11.966666666666667,1013.5,1.5333333333333334,5.0
2024-02-14 10:00:00,-0.614,11.83,1014.2700000000001,1.04,5.0
2024-02-14 11:00:00,-0.602,10.940000000000001,1015.04,0.61,4.970000000000001
2024-02-14 12:00:00,-0.298,12.67,1016.3100000000001,-0.18,4.71
2024-02-14 13:00:00,0.081,12.875,1017.1625,-0.45,4.7
2024-02-14 14:00:00,0.473,12.22,1017.6899999999999,-0.55,4.65
2024-02-14 15:00:00,0.774,11.540000000000001,1018.11,-0.35,4.619999999999999
2024-02-14 16:00:00,0.874,11.959999999999999,1018.0899999999999,0.25,4.71
2024-02-14 17:00:00,0.753,12.3,1017.47,0.77,4.8
2024-02-14 18:00:00,0.427,11.129999999999999,1017.3100000000001,1.16,4.9
2024-02-14 19:00:00,0.096,11.07,1017.32,1.65,4.9
2024-02-14 20:00:00,-0.186,11.02,1017.79,2.0,4.9
2024-02-14 21:00:00,-0.486,11.36,1018.4200000000001,2.18,4.930000000000001
2024-02-14 22:00:00,-0.742,10.45,1019.32,2.1100000000000003,4.8100000000000005
2024-02-14 23:00:00,-0.843,9.45,1020.35,1.85,4.68
2024-02-15 00:00:00,-0.654,8.43,1020.82,1.53,4.56
2024-02-15 01:00:00,-0.256,8.8,1020.8799999999999,1.31,4.5
2024-02-15 02:00:00,0.154,8.870000000000001,1021.1,0.95,4.49
2024-02-15 03:00:00,0.469,8.82,1021.57,0.39,4.41
2024-02-15 04:00:00,0.695,9.59,1022.1600000000001,-0.03,4.44
2024-02-15 05:00:00,0.76,8.879999999999999,1022.55,-0.5900000000000001,4.340000000000001
2024-02-15 06:00:00,0.648,9.4,1022.8100000000001,-0.8800000000000001,4.18
2024-02-15 07:00:00,0.325,8.74,1023.2299999999999,-1.09,4.1
2024-02-15 08:00:00,-0.087,8.59,1023.35,-1.42,4.06
2024-02-15 09:00:00,-0.431,6.8,1023.79,-1.6800000000000002,3.95
2024-02-15 10:00:00,-0.671,6.9,1024.19,-1.77,3.9
2024-02-15 11:00:00,-0.747,7.25,1023.89,-1.7899999999999998,3.8299999999999996
2024-02-15 12:00:00,-0.608,6.87,1024.26,-1.78,3.66
2024-02-15 13:00:00,-0.286,4.51,1024.1100000000001,-1.72,3.7
2024-02-15 14:00:00,0.036,3.95,1023.96,-1.21,3.8
2024-02-15 15:00:00,0.354,4.09,1023.72,-0.65,4.11
2024-02-15 16:00:00,0.585,4.12,1023.1700000000001,0.019999999999999997,4.3100000000000005
2024-02-15 17:00:00,0.735,2.5300000000000002,1021.36,0.73,4.0
2024-02-15 18:00:00,0.71,1.54,1019.47,1.23,4.109999999999999
2024-02-15 19:00:00,0.471,2.96,1018.0,1.16,4.279999999999999
2024-02-15 20:00:00,0.127,6.17,1016.2299999999999,1.6199999999999999,4.56
2024-02-15 21:00:00,-0.177,7.51,1014.6,1.9300000000000002,4.6
2024-02-15 22:00:00,-0.395,7.81,1013.55,2.23,4.6
2024-02-15 23:00:00,-0.451,6.09,1012.6899999999999,2.2600000000000002,4.6
2024-02-16 00:00:00,-0.343,6.58,1012.45,2.34,4.51
2024-02-16 01:00:00,-0.098,7.13,1011.3100000000001,2.3099999999999996,4.5
2024-02-16 02:00:00,0.184,5.32,1010.11,2.28,4.41
2024-02-16 03:00:00,0.492,4.93,1009.14,2.2600000000000002,4.4
2024-02-16 04:00:00,0.726,6.459999999999999,1008.75,2.62,4.35
2024-02-16 05:00:00,0.918,6.39,1007.89,2.84,4.29
2024-02-16 06:00:00,1.004,8.959999999999999,1007.5600000000001,3.08,4.2
2024-02-16 07:00:00,0.843,10.2,1007.82,3.8899999999999997,4.1899999999999995
2024-02-16 08:00:00,0.479,10.48,1008.32,4.2299999999999995,4.109999999999999
2024-02-16 09:00:00,0.078,12.73,1009.03,4.51,4.0200000000000005
2024-02-16 10:00:00,-0.308,12.75,1010.22,4.16,3.94
2024-02-16 11:00:00,-0.569,13.2,1011.26,3.66,3.84
2024-02-16 12:00:00,-0.697,13.48,1012.97,2.68,3.8
2024-02-16 13:00:00,-0.651,11.84,1013.5600000000001,2.42,3.8
2024-02-16 14:00:00,-0.49,12.75,1013.28,2.6399999999999997,3.8
2024-02-16 15:00:00,-0.281,12.040000000000001,1013.6899999999999,3.0,3.8
2024-02-16 16:00:00,-0.027,10.51,1014.1,3.34,3.8
2024-02-16 17:00:00,0.244,10.16,1013.9100000000001,3.7700000000000005,3.8
2024-02-16 18:00:00,0.456,8.84,1013.5200000000001,4.1,3.8699999999999997
2024-02-16 19:00:00,0.478,7.4799999999999995,1013.15,4.42,3.9
2024-02-16 20:00:00,0.277,8.33,1013.6899999999999,4.569999999999999,3.9299999999999997
2024-02-16 21:00:00,-0.072,7.840000000000001,1013.6899999999999,4.79,4.08
2024-02-16 22:00:00,-0.409,6.39,1014.14,4.59,4.1
2024-02-16 23:00:00,-0.588,5.4399999999999995,1014.71,4.25,4.1
2024-02-17 00:00:00,-0.617,3.5700000000000003,1014.7,3.6399999999999997,4.1
2024-02-17 01:00:00,-0.495,3.45,1014.4799999999999,3.3600000000000003,4.01
2024-02-17 02:00:00,-0.239,3.21,1013.79,3.17,4.0
2024-02-17 03:00:00,0.081,1.65,1012.9799999999999,3.0900000000000003,4.08
2024-02-17 04:00:00,0.406,2.9,1012.9399999999999,2.9699999999999998,4.01
2024-02-17 05:00:00,0.667,1.4100000000000001,1013.3799999999999,0.24,3.84
2024-02-17 06:00:00,0.883,1.8,1011.7299999999999,-0.71,3.7399999999999998
2024-02-17 07:00:00,0.976,2.35,1011.2700000000001,-0.5,3.65
2024-02-17 08:00:00,0.869,1.98,1009.95,-0.64,3.2299999999999995
2024-02-17 09:00:00,0.604,2.04,1009.3299999999999,-0.37,3.41
2024-02-17 10:00:00,0.31,1.9,1008.3,-0.31,4.08
2024-02-17 11:00:00,0.047,3.56,1007.93,-0.6199999999999999,4.2299999999999995
2024-02-17 12:00:00,-0.109,2.73,1008.2299999999999,-0.61,4.3
2024-02-17 13:00:00,-0.15,2.16,1008.5799999999999,-0.2,4.3
2024-02-17 14:00:00,-0.038,2.94,1008.82,-0.02,4.3
2024-02-17 15:00:00,0.177,3.78,1008.8399999999999,0.12,4.29
2024-02-17 16:00:00,0.416,4.79,1008.6,0.58,4.119999999999999
2024-02-17 17:00:00,0.57,6.39,1008.21,0.79,4.029999999999999
2024-02-17 18:00:00,0.641,8.41,1007.9799999999999,1.16,4.04
2024-02-17 19:00:00,0.706,9.75,1008.1299999999999,1.48,4.0
2024-02-17 20:00:00,0.605,9.790000000000001,1008.5200000000001,1.8199999999999998,3.9299999999999997
2024-02-17 21:00:00,0.429,11.209999999999999,1008.97,2.0100000000000002,3.9
2024-02-17 22:00:00,0.223,11.23,1009.89,1.3900000000000001,3.9
2024-02-17 23:00:00,-0.034,10.540000000000001,1011.2700000000001,0.6,3.9
2024-02-18 00:00:00,-0.259,10.01,1012.21,0.18,3.8
2024-02-18 01:00:00,-0.377,9.379999999999999,1013.05,-0.58,3.8
2024-02-18 02:00:00,-0.335,7.87,1013.7,-0.9400000000000001,3.7
2024-02-18 03:00:00,-0.156,8.4,1014.22,-1.3,3.54
2024-02-18 04:00:00,0.113,7.0200000000000005,1014.3299999999999,-1.52,3.41
2024-02-18 05:00:00,0.398,5.49,1014.3299999999999,-1.7899999999999998,3.34
2024-02-18 06:00:00,0.682,5.58,1014.78,-2.46,3.3
2024-02-18 07:00:00,0.885,8.03,1014.9200000000001,-2.43,3.29
2024-02-18 08:00:00,0.88,6.8,1015.07,-2.59,3.15
2024-02-18 09:00:00,0.672,6.42,1014.9100000000001,-2.58,3.1
2024-02-18 10:00:00,0.395,6.37,1015.04,-2.8899999999999997,3.02
2024-02-18 11:00:00,0.106,6.470000000000001,1014.9399999999999,-3.44,3.0
2024-02-18 12:00:00,-0.131,8.33,1014.5899999999999,-3.44,2.8899999999999997
2024-02-18 13:00:00,-0.285,9.120000000000001,1014.6200000000001,-2.75,2.8
2024-02-18 14:00:00,-0.413,9.633333333333333,1013.7333333333333,-1.3777777777777778,2.8
2024-02-18 15:00:00,-0.381,9.61,1012.7299999999999,-0.3,2.8
2024-02-18 16:00:00,-0.287,10.559999999999999,1012.24,0.99,2.8099999999999996
2024-02-18 17:00:00,-0.144,10.4,1010.96,2.1,2.92
2024-02-18 18:00:00,0.031,9.73,1010.1299999999999,3.0,3.1
2024-02-18 19:00:00,0.247,9.65,1009.4200000000001,3.81,3.2600000000000002
2024-02-18 20:00:00,0.391,9.16,1009.1200000000001,4.46,3.35
2024-02-18 21:00:00,0.391,8.52,1009.35,5.029999999999999,3.4
2024-02-18 22:00:00,0.184,6.63,1009.82,4.779999999999999,3.4299999999999997
2024-02-18 23:00:00,-0.08,4.111111111111111,1010.4333333333333,4.266666666666667,3.4
2024-02-19 00:00:00,-0.248,3.62,1010.85,3.5700000000000003,3.4
2024-02-19 01:00:00,-0.429,6.4799999999999995,1011.4200000000001,3.44,3.46
2024-02-19 02:00:00,-0.579,8.23,1012.4399999999999,3.21,3.3899999999999997
2024-02-19 03:00:00,-0.604,6.68,1013.35,3.25,3.3
2024-02-19 04:00:00,-0.465,6.33,1014.29,3.18,3.3
2024-02-19 05:00:00,-0.173,7.42,1014.9799999999999,2.81,3.25
2024-02-19 06:00:00,0.155,7.88,1015.7299999999999,2.64,3.2
2024-02-19 07:00:00,0.372,7.12,1016.18,2.37,3.2
2024-02-19 08:00:00,0.439,6.13,1016.39,1.65,3.14
2024-02-19 09:00:00,0.412,6.7700000000000005,1017.07,1.54,2.9899999999999998
2024-02-19 10:00:00,0.316,7.08,1017.85,1.33,2.8899999999999997
2024-02-19 11:00:00,0.185,7.6,1018.8100000000001,1.28,2.8
2024-02-19 12:00:00,0.032,6.93,1019.9100000000001,1.22,2.73
2024-02-19 13:00:00,-0.19,6.888888888888889,1020.9777777777776,1.5444444444444445,2.7
2024-02-19 14:00:00,-0.451,4.84,1021.74,1.78,2.87
2024-02-19 15:00:00,-0.57,7.720000000000001,1022.3399999999999,2.2600000000000002,2.9
2024-02-19 16:00:00,-0.612,7.2299999999999995,1022.96,2.17,2.95
2024-02-19 17:00:00,-0.476,5.46,1022.82,2.5,3.0
2024-02-19 18:00:00,-0.24,5.54,1022.39,3.1100000000000003,3.0
2024-02-19 19:00:00,0.061,4.85,1022.0200000000001,3.56,3.1
2024-02-19 20:00:00,0.32,3.54,1022.01,4.14,3.3
2024-02-19 21:00:00,0.449,3.2,1022.7700000000001,4.35,3.3
2024-02-19 22:00:00,0.47,3.63,1023.78,3.69,3.4
2024-02-19 23:00:00,0.334,2.87,1024.9,3.15,3.41
2024-02-20 00:00:00,0.084,3.033333333333333,1025.8111111111111,2.8555555555555556,3.5
2024-02-20 01:00:00,-0.181,3.4200000000000004,1026.6799999999998,2.42,3.5
2024-02-20 02:00:00,-0.406,3.7,1027.5,1.8800000000000001,3.6100000000000003
2024-02-20 03:00:00,-0.515,2.68,1028.26,1.28,3.78
2024-02-20 04:00:00,-0.429,3.0300000000000002,1028.79,0.77,3.71
2024-02-20 05:00:00,-0.168,2.8600000000000003,1029.27,0.54,3.4799999999999995
2024-02-20 06:00:00,0.124,3.35,1029.45,0.2,3.2399999999999998
2024-02-20 07:00:00,0.419,3.22,1029.48,-0.2,3.2
2024-02-20 08:00:00,0.584,4.76,1029.6299999999999,-0.9199999999999999,3.1900000000000004
2024-02-20 09:00:00,0.652,5.08,1029.99,-1.7399999999999998,3.07
2024-02-20 10:00:00,0.678,4.59,1030.67,-2.2399999999999998,3.19
2024-02-20 11:00:00,0.597,4.49,1031.51,-2.46,3.6399999999999997
2024-02-20 12:00:00,0.434,3.9200000000000004,1032.6100000000001,-2.19,3.7
2024-02-20 13:00:00,0.199,4.0200000000000005,1033.6799999999998,-1.6300000000000001,3.7399999999999998
2024-02-20 14:00:00,-0.065,3.6700000000000004,1034.33,-1.2,3.59
2024-02-20 15:00:00,-0.315,3.4799999999999995,1034.71,-0.85,3.3199999999999994
2024-02-20 16:00:00,-0.499,3.2,1034.71,-0.6,3.56
2024-02-20 17:00:00,-0.522,3.12,1034.15,-0.55,3.6800000000000006
2024-02-20 18:00:00,-0.322,2.79,1033.6,-0.27999999999999997,3.6700000000000004
2024-02-20 19:00:00,-0.025,2.04,1033.0700000000002,0.4,3.7700000000000005
2024-02-20 20:00:00,0.277,2.91,1032.76,0.48,3.9
2024-02-20 21:00:00,0.48,3.5200000000000005,1032.6799999999998,0.65,3.8200000000000003
2024-02-20 22:00:00,0.56,2.94,1032.75,0.33999999999999997,3.6100000000000003
2024-02-20 23:00:00,0.522,2.2199999999999998,1032.89,0.06000000000000001,3.66
2024-02-21 00:00:00,0.371,2.2600000000000002,1032.9,0.15,3.71
2024-02-21 01:00:00,0.163,2.87,1033.17,0.45999999999999996,3.6
2024-02-21 02:00:00,-0.05,2.96,1033.43,0.5900000000000001,3.5
2024-02-21 03:00:00,-0.249,3.31,1033.45,0.85,3.44
2024-02-21 04:00:00,-0.407,3.65,1033.29,1.04,3.5799999999999996
2024-02-21 05:00:00,-0.401,3.81,1033.19,1.1099999999999999,3.7299999999999995
2024-02-21 06:00:00,-0.225,3.55,1032.85,1.1199999999999999,3.8
2024-02-21 07:00:00,0.102,3.44,1032.5700000000002,1.12,3.88
2024-02-21 08:00:00,0.453,3.5100000000000002,1032.38,1.07,3.8
2024-02-21 09:00:00,0.717,3.9200000000000004,1032.48,1.48,3.8
2024-02-21 10:00:00,0.836,3.6700000000000004,1032.6399999999999,1.86,3.8
2024-02-21 11:00:00,0.832,3.3200000000000003,1032.72,1.19,3.69
2024-02-21 12:00:00,0.65,3.46,1032.79,1.48,3.6
2024-02-21 13:00:00,0.361,3.966666666666667,1033.0888888888887,2.1888888888888887,3.566666666666667
2024-02-21 14:00:00,0.085,3.79,1033.27,2.23,3.5
2024-02-21 15:00:00,-0.153,4.470000000000001,1033.02,2.67,3.4200000000000004
2024-02-21 16:00:00,-0.335,4.96,1032.1799999999998,3.05,3.53
2024-02-21 17:00:00,-0.475,3.78,1031.1299999999999,2.98,3.6399999999999997
2024-02-21 18:00:00,-0.478,3.31,1030.09,2.8600000000000003,3.7
2024-02-21 19:00:00,-0.314,3.4,1029.27,2.93,3.7
2024-02-21 20:00:00,-0.01,3.16,1028.8,2.93,3.72
2024-02-21 21:00:00,0.309,3.3777777777777778,1028.6666666666667,2.9555555555555557,3.8333333333333335
2024-02-21 22:00:00,0.568,3.94,1028.3700000000001,2.63,3.7299999999999995
2024-02-21 23:00:00,0.71,3.84,1028.0,2.46,3.7
2024-02-22 00:00:00,0.688,3.37,1027.6100000000001,2.5,3.7
2024-02-22 01:00:00,0.492,3.17,1027.53,2.43,3.7
2024-02-22 02:00:00,0.164,2.79,1027.27,2.4099999999999997,3.7
2024-02-22 03:00:00,-0.13,2.67,1026.29,2.21,3.7
2024-02-22 04:00:00,-0.307,1.9100000000000001,1025.6,1.8800000000000001,3.6300000000000003
2024-02-22 05:00:00,-0.358,1.24,1024.91,1.7,3.6
2024-02-22 06:00:00,-0.25,1.24,1024.27,1.73,3.6
2024-02-22 07:00:00,0.006,1.8,1023.78,1.95,3.6
2024-02-22 08:00:00,0.327,1.1099999999999999,1022.6299999999999,1.6300000000000001,3.7600000000000002
2024-02-22 09:00:00,0.649,0.6900000000000001,1022.1700000000001,1.1,3.85
2024-02-22 10:00:00,0.873,1.6800000000000002,1022.0600000000001,1.6300000000000001,3.79
2024-02-22 11:00:00,0.981,2.42,1021.45,1.48,3.7700000000000005
2024-02-22 12:00:00,0.95,2.8,1020.89,1.6,3.6300000000000003
2024-02-22 13:00:00,0.799,2.95,1020.18,1.89,3.46
2024-02-22 14:00:00,0.516,3.5,1019.25,2.55,3.4
2024-02-22 15:00:00,0.165,4.87,1018.43,3.05,3.47
2024-02-22 16:00:00,-0.126,6.35,1017.55,3.4,3.69
2024-02-22 17:00:00,-0.365,7.63,1015.85,3.6,3.8600000000000003
2024-02-22 18:00:00,-0.462,7.62,1014.24,3.75,4.1899999999999995
2024-02-22 19:00:00,-0.328,7.93,1012.65,4.04,4.13
2024-02-22 20:00:00,-0.057,7.08,1011.55,4.38,4.05
2024-02-22 21:00:00,0.296,7.159999999999999,1011.11,4.13,4.029999999999999
2024-02-22 22:00:00,0.598,7.709999999999999,1010.0799999999999,4.21,4.06
2024-02-22 23:00:00,0.826,6.0200000000000005,1010.3299999999999,4.37,4.09
2024-02-23 00:00:00,0.931,3.71,1010.61,4.569999999999999,4.1
2024-02-23 01:00:00,0.803,3.4899999999999998,1009.5899999999999,4.59,4.1
2024-02-23 02:00:00,0.482,3.2399999999999998,1008.4799999999999,4.68,4.1
2024-02-23 03:00:00,0.165,2.66,1007.1,4.7,4.1
2024-02-23 04:00:00,-0.088,2.52,1005.9399999999999,4.96,4.2
2024-02-23 05:00:00,-0.223,2.01,1005.05,5.1,4.2
2024-02-23 06:00:00,-0.254,2.2600000000000002,1003.8100000000001,5.029999999999999,4.2299999999999995
2024-02-23 07:00:00,-0.065,2.79,1002.36,5.15,4.3
2024-02-23 08:00:00,0.209,1.65,1001.55,5.33,4.3
2024-02-23 09:00:00,0.546,2.1100000000000003,1000.78,5.2299999999999995,4.3100000000000005
2024-02-23 10:00:00,0.844,0.41,1000.76,5.43,4.3
2024-02-23 11:00:00,1.047,1.8,1000.57,5.6899999999999995,4.3
2024-02-23 12:00:00,1.129,3.2399999999999998,1000.5,5.37,4.390000000000001
2024-02-23 13:00:00,1.055,2.29,1000.71,4.92,4.380000000000001
2024-02-23 14:00:00,0.803,2.7777777777777777,1000.5666666666667,4.822222222222222,4.3
2024-02-23 15:00:00,0.454,3.4299999999999997,1000.05,5.12,4.3
2024-02-23 16:00:00,0.122,1.8800000000000001,999.76,5.29,4.33
2024-02-23 17:00:00,-0.178,1.1300000000000001,999.0200000000001,5.55,4.470000000000001
2024-02-23 18:00:00,-0.381,2.7399999999999998,998.3700000000001,6.15,4.68
2024-02-23 19:00:00,-0.386,2.84,997.8399999999999,6.88,4.779999999999999
2024-02-23 20:00:00,-0.141,2.94,997.6,7.040000000000001,4.83
2024-02-23 21:00:00,0.204,2.15,997.8,6.87,4.84
2024-02-23 22:00:00,0.539,1.45,998.11,6.55,4.71
2024-02-23 23:00:00,0.766,0.9,998.57,6.529999999999999,4.59
2024-02-24 00:00:00,0.917,2.52,998.5600000000001,6.6,4.6
2024-02-24 01:00:00,0.92,2.31,998.6,6.3,4.6
2024-02-24 02:00:00,0.751,1.83,999.01,5.72,4.6
2024-02-24 03:00:00,0.464,3.55,998.76,5.46,4.6
2024-02-24 04:00:00,0.158,4.11,998.51,5.1899999999999995,4.6
2024-02-24 05:00:00,-0.111,4.58,998.8700000000001,4.85,4.6
2024-02-24 06:00:00,-0.285,3.3,999.45,4.76,4.6
2024-02-24 07:00:00,-0.323,2.75,999.64,4.71,4.6
2024-02-24 08:00:00,-0.13,4.49,999.97,4.66,4.56
2024-02-24 09:00:00,0.244,4.01,1000.35,5.15,4.45
2024-02-24 10:00:00,0.647,3.7,1000.99,5.04,4.4
2024-02-24 11:00:00,0.943,5.3,1001.9,5.09,4.51
2024-02-24 12:00:00,1.093,6.909999999999999,1003.3799999999999,4.7,4.6
2024-02-24 13:00:00,1.058,6.279999999999999,1004.4399999999999,4.569999999999999,4.54
2024-02-24 14:00:00,0.912,6.779999999999999,1005.05,4.33,4.5
2024-02-24 15:00:00,0.58,8.58,1005.8,3.47,4.5
2024-02-24 16:00:00,0.228,8.620000000000001,1006.3199999999999,3.1700000000000004,4.5
2024-02-24 17:00:00,-0.095,7.92,1006.39,3.4899999999999998,4.51
2024-02-24 18:00:00,-0.362,6.029999999999999,1006.5600000000001,4.29,4.6
2024-02-24 19:00:00,-0.496,6.81,1006.8,4.61,4.6
2024-02-24 20:00:00,-0.357,6.470000000000001,1007.4799999999999,4.779999999999999,4.68
2024-02-24 21:00:00,-0.081,7.08,1008.54,4.7299999999999995,4.8
2024-02-24 22:00:00,0.268,7.9799999999999995,1009.95,4.029999999999999,4.86
2024-02-24 23:00:00,0.577,7.56,1011.45,3.21,4.779999999999999
2024-02-25 00:00:00,0.791,7.2,1012.8399999999999,2.3600000000000003,4.7
2024-02-25 01:00:00,0.887,6.92,1013.93,1.42,4.619999999999999
2024-02-25 02:00:00,0.786,5.86,1015.0600000000001,0.58,4.56
2024-02-25 03:00:00,0.496,5.970000000000001,1015.89,-0.24,4.5
2024-02-25 04:00:00,0.162,5.9,1016.6,-1.17,4.470000000000001
2024-02-25 05:00:00,-0.129,5.86,1017.39,-1.94,4.380000000000001
2024-02-25 06:00:00,-0.314,5.43,1018.22,-2.57,4.569999999999999
2024-02-25 07:00:00,-0.419,4.86,1019.0200000000001,-3.05,4.609999999999999
2024-02-25 08:00:00,-0.333,4.4,1019.64,-3.4,4.41
2024-02-25 09:00:00,-0.055,3.79,1020.26,-3.72,4.21
2024-02-25 10:00:00,0.338,2.84,1021.1,-3.78,4.08
2024-02-25 11:00:00,0.678,1.92,1021.7299999999999,-3.7700000000000005,3.91
2024-02-25 12:00:00,0.885,1.24,1022.2700000000001,-2.96,4.0
2024-02-25 13:00:00,0.987,1.8888888888888888,1022.8333333333334,-2.477777777777778,4.033333333333333
2024-02-25 14:00:00,0.938,2.1,1023.24,-2.52,3.9699999999999998
2024-02-25 15:00:00,0.749,0.86,1023.24,-1.53,4.02
2024-02-25 16:00:00,0.403,1.16,1022.79,-1.54,3.9899999999999998
2024-02-25 17:00:00,-0.002,1.58,1021.99,-1.1300000000000001,4.29
2024-02-25 18:00:00,-0.356,2.82,1021.24,-0.96,4.92
2024-02-25 19:00:00,-0.587,3.54,1020.8100000000001,-0.1,5.4399999999999995
2024-02-25 20:00:00,-0.634,4.9399999999999995,1020.32,0.5700000000000001,6.02
2024-02-25 21:00:00,-0.379,5.3100000000000005,1020.1899999999999,1.1400000000000001,5.95
2024-02-25 22:00:00,-0.01,6.540000000000001,1019.9,1.56,5.71
2024-02-25 23:00:00,0.372,6.279999999999999,1019.93,1.78,5.64
2024-02-26 00:00:00,0.645,5.5200000000000005,1020.07,1.7100000000000002,5.529999999999999
2024-02-26 01:00:00,0.777,5.54,1020.1700000000001,1.54,5.470000000000001
2024-02-26 02:00:00,0.757,5.61,1020.3,1.1800000000000002,5.4
2024-02-26 03:00:00,0.584,6.32,1020.1,1.19,5.37
2024-02-26 04:00:00,0.303,6.87,1019.68,0.86,5.2299999999999995
2024-02-26 05:00:00,-0.017,6.62,1019.2299999999999,1.02,5.1
2024-02-26 06:00:00,-0.283,6.9,1019.1899999999999,1.29,5.08
2024-02-26 07:00:00,-0.502,6.1899999999999995,1019.07,1.3599999999999999,4.82
2024-02-26 08:00:00,-0.624,5.85,1018.9200000000001,1.4,4.62
2024-02-26 09:00:00,-0.466,3.72,1018.76,1.1800000000000002,4.44
2024-02-26 10:00:00,-0.1,3.72,1018.55,1.19,4.380000000000001
2024-02-26 11:00:00,0.345,3.78,1018.4,1.3599999999999999,4.3
2024-02-26 12:00:00,0.664,3.1,1018.95,1.59,4.220000000000001
2024-02-26 13:00:00,0.809,3.46,1019.0600000000001,2.54,4.2
2024-02-26 14:00:00,0.824,2.58,1018.9799999999999,3.4899999999999998,4.2
2024-02-26 15:00:00,0.707,1.5699999999999998,1019.25,4.07,4.2
2024-02-26 16:00:00,0.414,2.73,1018.3700000000001,4.52,4.2
2024-02-26 17:00:00,0.041,2.33,1017.9200000000001,6.2700000000000005,4.3
2024-02-26 18:00:00,-0.287,2.2600000000000002,1017.6600000000001,6.55,4.45
2024-02-26 19:00:00,-0.566,2.57,1017.18,7.51,4.5
2024-02-26 20:00:00,-0.69,3.2,1016.68,8.36,4.59
2024-02-26 21:00:00,-0.601,3.37,1016.55,8.67,5.029999999999999
2024-02-26 22:00:00,-0.256,4.08,1016.74,7.99,5.16
2024-02-26 23:00:00,0.173,3.59,1017.29,7.75,4.9
2024-02-27 00:00:00,0.498,2.44,1017.53,7.279999999999999,5.029999999999999
2024-02-27 01:00:00,0.699,2.02,1017.78,7.9799999999999995,5.0200000000000005
2024-02-27 02:00:00,0.78,3.22,1018.4399999999999,7.92,4.92
2024-02-27 03:00:00,0.691,2.16,1018.5899999999999,7.07,4.87
2024-02-27 04:00:00,0.46,1.08,1018.46,7.109999999999999,4.74
2024-02-27 05:00:00,0.167,1.67,1018.1700000000001,5.71,4.7
2024-02-27 06:00:00,-0.121,2.44,1018.0899999999999,5.1,4.64
2024-02-27 07:00:00,-0.356,2.68,1017.7299999999999,4.9,4.66
2024-02-27 08:00:00,-0.555,3.0,1017.53,5.05,4.7
2024-02-27 09:00:00,-0.539,2.29,1017.74,5.32,4.7
2024-02-27 10:00:00,-0.253,2.67,1017.8699999999999,5.24,4.7
2024-02-27 11:00:00,0.153,3.0100000000000002,1017.6700000000001,5.3,4.7
2024-02-27 12:00:00,0.519,3.2,1017.79,5.67,4.779999999999999
2024-02-27 13:00:00,0.751,3.07,1017.7,6.69,4.68
2024-02-27 14:00:00,0.836,2.2333333333333334,1017.3666666666666,7.677777777777777,4.633333333333333
2024-02-27 15:00:00,0.8,2.6,1016.8,9.17,4.7700000000000005
2024-02-27 16:00:00,0.612,2.71,1016.1,10.68,4.91
2024-02-27 17:00:00,0.313,4.41,1015.05,10.379999999999999,5.08
2024-02-27 18:00:00,0.001,6.2700000000000005,1014.55,9.35,5.09
2024-02-27 19:00:00,-0.279,4.08,1013.5799999999999,9.99,5.6
2024-02-27 20:00:00,-0.458,6.409999999999999,1012.97,11.32,5.7299999999999995
2024-02-27 21:00:00,-0.514,4.66,1012.76,9.7,5.76
2024-02-27 22:00:00,-0.326,8.379999999999999,1012.5600000000001,9.02,5.8100000000000005
2024-02-27 23:00:00,0.045,5.35,1013.4799999999999,8.98,5.5
2024-02-28 00:00:00,0.445,5.7299999999999995,1013.4,10.559999999999999,5.279999999999999
2024-02-28 01:00:00,0.741,10.959999999999999,1012.45,11.64,5.4399999999999995
2024-02-28 02:00:00,0.877,9.41,1012.21,10.1,5.5
2024-02-28 03:00:00,0.851,8.72,1011.93,11.18,5.5200000000000005
2024-02-28 04:00:00,0.65,7.720000000000001,1011.4,11.129999999999999,5.67
2024-02-28 05:00:00,0.38,6.87,1011.0,11.120000000000001,5.64
2024-02-28 06:00:00,0.177,5.35,1010.57,10.67,5.529999999999999
2024-02-28 07:00:00,-0.059,5.0600000000000005,1009.9399999999999,9.95,5.6
2024-02-28 08:00:00,-0.308,5.68,1009.0799999999999,9.5,5.7
2024-02-28 09:00:00,-0.511,5.220000000000001,1008.8333333333334,9.209999999999999,5.7
2024-02-28 10:00:00,-0.408,4.64,1008.22,9.68,5.7
2024-02-28 11:00:00,-0.078,6.51,1007.45,9.82,5.7
2024-02-28 12:00:00,0.353,4.180000000000001,1007.3799999999999,10.02,5.7
2024-02-28 13:00:00,0.682,3.4299999999999997,1007.0799999999999,9.559999999999999,5.7299999999999995
2024-02-28 14:00:00,0.814,3.08,1006.64,9.55,5.67
2024-02-28 15:00:00,0.839,2.21,1006.3299999999999,9.73,5.7
2024-02-28 16:00:00,0.763,3.13,1005.39,11.66,5.7
2024-02-28 17:00:00,0.53,7.05,1004.71,14.05,5.74
2024-02-28 18:00:00,0.154,7.840000000000001,1003.82,14.540000000000001,6.0
2024-02-28 19:00:00,-0.107,6.87,1002.6200000000001,14.1,6.069999999999999
2024-02-28 20:00:00,-0.325,8.75,1002.24,14.16,6.25
2024-02-28 21:00:00,-0.459,8.18,1002.15,14.01,6.589999999999999
2024-02-28 22:00:00,-0.363,5.92,1002.3399999999999,12.309999999999999,6.56
2024-02-28 23:00:00,-0.115,7.459999999999999,1001.1299999999999,13.330000000000002,6.4
2024-03-01 00:00:00,-0.538,8.42,1029.27,3.8699999999999997,5.68
2024-03-01 01:00:00,-0.111,7.74,1030.1,3.7600000000000002,5.51
2024-03-01 02:00:00,0.225,7.57,1030.77,3.4200000000000004,5.5
2024-03-01 03:00:00,0.352,6.8125,1031.3875,2.9125,5.5
2024-03-01 04:00:00,0.379,7.62,1031.73,2.54,5.430000000000001
2024-03-01 05:00:00,0.313,5.029999999999999,1032.3700000000001,1.67,5.4
2024-03-01 06:00:00,0.121,3.6100000000000003,1033.2,0.95,5.3100000000000005
2024-03-01 07:00:00,-0.152,2.23,1033.59,0.25,5.3
2024-03-01 08:00:00,-0.438,2.73,1034.17,-0.030000000000000006,5.34
2024-03-01 09:00:00,-0.661,3.2,1035.28,-0.22000000000000003,5.5
2024-03-01 10:00:00,-0.719,3.4200000000000004,1036.42,-0.45,5.529999999999999
2024-03-01 11:00:00,-0.673,2.3,1037.4299999999998,-0.44000000000000006,5.5
2024-03-01 12:00:00,-0.458,1.6300000000000001,1038.1299999999999,0.35,5.36
2024-03-01 13:00:00,-0.209,1.1800000000000002,1038.4,1.24,5.0200000000000005
2024-03-01 14:00:00,-0.001,1.21,1038.77,1.49,4.9
2024-03-01 15:00:00,0.175,2.02,1038.8600000000001,2.52,4.970000000000001
2024-03-01 16:00:00,0.28,4.2299999999999995,1038.6200000000001,3.08,5.3
2024-03-01 17:00:00,0.294,6.4799999999999995,1037.5,3.0900000000000003,5.68
2024-03-01 18:00:00,0.129,7.959999999999999,1036.67,3.1399999999999997,5.86
2024-03-01 19:00:00,-0.124,7.87,1036.6299999999999,3.8299999999999996,6.069999999999999
2024-03-01 20:00:00,-0.449,8.27,1036.1200000000001,4.37,6.119999999999999
2024-03-01 21:00:00,-0.655,8.28,1035.99,4.75,6.17
2024-03-01 22:00:00,-0.77,6.659999999999999,1036.0,4.7299999999999995,6.109999999999999
2024-03-01 23:00:00,-0.684,6.05,1035.8700000000001,4.63,6.06
2024-03-02 00:00:00,-0.406,5.0,1035.78,4.5200000000000005,5.930000000000001
2024-03-02 01:00:00,-0.095,4.0600000000000005,1035.72,4.4799999999999995,5.83
2024-03-02 02:00:00,0.195,3.5799999999999996,1035.69,4.5200000000000005,5.8
2024-03-02 03:00:00,0.356,3.15,1035.16,4.76,5.8
2024-03-02 04:00:00,0.475,4.3100000000000005,1034.49,5.220000000000001,5.8
2024-03-02 05:00:00,0.535,3.9299999999999997,1034.51,5.34,5.8
2024-03-02 06:00:00,0.51,3.75,1034.08,5.45,5.8
2024-03-02 07:00:00,0.315,3.22,1033.42,5.5,5.8
2024-03-02 08:00:00,0.01,2.16,1032.6200000000001,5.430000000000001,5.8
2024-03-02 09:00:00,-0.314,2.95,1032.03,5.5,5.779999999999999
2024-03-02 10:00:00,-0.505,3.1100000000000003,1031.6599999999999,5.54,5.7
2024-03-02 11:00:00,-0.611,3.97,1031.23,5.720000000000001,5.7
2024-03-02 12:00:00,-0.482,3.3299999999999996,1030.6100000000001,6.11,5.79
2024-03-02 13:00:00,-0.273,3.8200000000000003,1030.1100000000001,6.43,5.720000000000001
2024-03-02 14:00:00,0.019,3.85,1029.5700000000002,6.5200000000000005,5.66
2024-03-02 15:00:00,0.227,4.470000000000001,1028.52,6.9,5.6
2024-03-02 16:00:00,0.331,4.4399999999999995,1027.4,6.92,5.6
2024-03-02 17:00:00,0.345,5.61,1025.81,7.459999999999999,5.6
2024-03-02 18:00:00,0.294,5.42,1024.34,7.56,5.6
2024-03-02 19:00:00,0.135,5.87,1022.76,8.3,5.51
2024-03-02 20:00:00,-0.043,7.470000000000001,1021.07,8.92,5.6899999999999995
2024-03-02 21:00:00,-0.184,9.379999999999999,1018.9200000000001,9.27,5.8
2024-03-02 22:00:00,-0.254,7.51,1018.1600000000001,9.14,5.87
2024-03-02 23:00:00,-0.224,4.779999999999999,1017.54,8.53,5.8
2024-03-03 00:00:00,-0.207,3.5,1017.25,8.43,5.8
2024-03-03 01:00:00,-0.077,1.7899999999999998,1017.49,8.66,5.71
2024-03-03 02:00:00,0.153,1.35,1017.43,9.190000000000001,5.6
2024-03-03 03:00:00,0.378,3.02,1017.61,7.56,5.619999999999999
2024-03-03 04:00:00,0.563,4.9,1017.78,7.109999999999999,5.6
2024-03-03 05:00:00,0.764,5.0600000000000005,1018.28,7.609999999999999,5.619999999999999
2024-03-03 06:00:00,0.829,5.37,1018.8,7.24,5.7
2024-03-03 07:00:00,0.727,4.4799999999999995,1019.01,6.840000000000001,5.7
2024-03-03 08:00:00,0.442,5.38,1019.4200000000001,7.2,5.7
2024-03-03 09:00:00,0.088,3.8200000000000003,1020.1,7.19,5.7
2024-03-03 10:00:00,-0.15,3.8899999999999997,1020.8,7.2,5.7
2024-03-03 11:00:00,-0.295,4.569999999999999,1021.54,7.2700000000000005,5.7
2024-03-03 12:00:00,-0.347,3.15,1022.35,7.9799999999999995,5.7
2024-03-03 13:00:00,-0.275,3.28,1022.96,7.95,5.7
2024-03-03 14:00:00,-0.087,3.71,1023.21,8.2,5.7299999999999995
2024-03-03 15:00:00,0.087,2.15,1023.3199999999999,8.78,5.8
2024-03-03 16:00:00,0.235,3.4299999999999997,1023.29,10.01,5.9
2024-03-03 17:00:00,0.336,2.8899999999999997,1022.76,11.08,5.85
2024-03-03 18:00:00,0.385,1.97,1022.3,12.620000000000001,5.76
2024-03-03 19:00:00,0.342,0.9199999999999999,1021.96,15.51,5.7299999999999995
2024-03-03 20:00:00,0.156,0.5700000000000001,1021.86,16.34,5.87
2024-03-03 21:00:00,-0.097,2.05,1022.01,16.07,6.0
2024-03-03 22:00:00,-0.272,3.15,1022.5,15.1,6.16
2024-03-03 23:00:00,-0.402,3.65,1023.0200000000001,13.88,7.2
2024-03-04 00:00:00,-0.447,2.68,1023.5200000000001,13.209999999999999,6.87
2024-03-04 01:00:00,-0.36,1.3900000000000001,1023.93,12.7,6.3100000000000005
2024-03-04 02:00:00,-0.176,1.1700000000000002,1024.24,11.93,6.34
2024-03-04 03:00:00,0.045,2.55,1024.72,9.42,7.15
2024-03-04 04:00:00,0.249,2.55,1025.31,8.26,7.37
2024-03-04 05:00:00,0.45,2.43,1025.72,8.41,7.359999999999999
2024-03-04 06:00:00,0.615,1.6300000000000001,1026.03,8.040000000000001,7.279999999999999
2024-03-04 07:00:00,0.662,1.9,1026.24,8.22,7.4
2024-03-04 08:00:00,0.538,1.72,1026.3600000000001,8.26,7.42
2024-03-04 09:00:00,0.265,0.95,1026.6799999999998,7.279999999999999,7.4
2024-03-04 10:00:00,-0.019,0.45,1027.1799999999998,6.57,7.359999999999999
2024-03-04 11:00:00,-0.224,0.32999999999999996,1027.8799999999999,6.909999999999999,7.2
2024-03-04 12:00:00,-0.347,1.7600000000000002,1028.48,7.67,7.140000000000001
2024-03-04 13:00:00,-0.386,2.8600000000000003,1029.17,8.41,7.2700000000000005
2024-03-04 14:00:00,-0.288,3.45,1029.5,8.629999999999999,7.4
2024-03-04 15:00:00,-0.162,4.62,1029.29,8.059999999999999,7.4
2024-03-04 16:00:00,0.006,5.37,1029.1299999999999,7.95,7.2299999999999995
2024-03-04 17:00:00,0.19,5.85,1028.96,8.32,7.05
2024-03-04 18:00:00,0.383,4.59,1028.8,8.36,6.92
2024-03-04 19:00:00,0.478,4.279999999999999,1028.9699999999998,8.66,6.75
2024-03-04 20:00:00,0.394,4.64,1029.09,8.24,7.090000000000001
2024-03-04 21:00:00,0.221,4.6,1029.1799999999998,7.7700000000000005,7.83
2024-03-04 22:00:00,0.01,5.2299999999999995,1029.27,6.75,8.09
2024-03-04 23:00:00,-0.117,4.62,1029.3899999999999,6.05,8.1
2024-03-05 00:00:00,-0.211,5.2299999999999995,1029.49,5.5,8.1
2024-03-05 01:00:00,-0.255,5.36,1029.51,5.61,8.1
2024-03-05 02:00:00,-0.22,5.7700000000000005,1029.46,5.92,8.1
2024-03-05 03:00:00,-0.073,6.4,1029.29,5.9799999999999995,8.02
2024-03-05 04:00:00,0.163,5.61,1028.77,5.6,8.0
2024-03-05 05:00:00,0.441,5.6,1027.9299999999998,5.67,7.99
2024-03-05 06:00:00,0.727,5.29,1027.5700000000002,5.68,7.76
2024-03-05 07:00:00,0.882,5.84,1026.74,5.54,7.1
2024-03-05 08:00:00,0.891,6.6,1025.66,5.54,7.4
2024-03-05 09:00:00,0.751,6.37,1025.3700000000001,5.51,7.540000000000001
2024-03-05 10:00:00,0.525,7.37,1024.73,5.41,6.9
2024-03-05 11:00:00,0.296,7.32,1024.29,5.470000000000001,6.6
2024-03-05 12:00:00,0.09,7.4,1023.3299999999999,5.7299999999999995,6.63
2024-03-05 13:00:00,-0.059,6.470000000000001,1022.89,5.75,6.68
2024-03-05 14:00:00,-0.11,5.18,1022.6,5.83,6.5200000000000005
2024-03-05 15:00:00,-0.061,6.333333333333333,1021.6999999999999,6.044444444444444,6.6
2024-03-05 16:00:00,0.097,7.860000000000001,1020.61,6.16,6.859999999999999
2024-03-05 17:00:00,0.29,7.17,1019.24,6.45,6.81
2024-03-05 18:00:00,0.463,7.18,1017.8399999999999,6.82,6.6
2024-03-05 19:00:00,0.616,7.18,1016.9399999999999,6.68,6.4
2024-03-05 20:00:00,0.719,5.05,1016.49,7.18,6.279999999999999
2024-03-05 21:00:00,0.714,1.47,1016.0799999999999,7.82,6.3100000000000005
2024-03-05 22:00:00,0.55,3.13,1016.61,7.05,6.4
2024-03-05 23:00:00,0.32,2.87,1017.3299999999999,6.57,6.4
2024-03-06 00:00:00,0.123,4.3100000000000005,1017.79,6.67,6.4
2024-03-06 01:00:00,-0.069,5.279999999999999,1018.53,6.9799999999999995,6.49
2024-03-06 02:00:00,-0.258,3.72,1018.71,6.95,6.5
2024-03-06 03:00:00,-0.293,3.5200000000000005,1018.72,7.279999999999999,6.5
2024-03-06 04:00:00,-0.191,3.8299999999999996,1018.8299999999999,7.49,6.5
2024-03-06 05:00:00,0.112,5.18,1018.8199999999999,7.790000000000001,6.5
2024-03-06 06:00:00,0.446,4.47,1018.6700000000001,7.74,6.5
2024-03-06 07:00:00,0.738,3.1399999999999997,1018.24,7.7700000000000005,6.5
2024-03-06 08:00:00,0.883,3.25,1018.4,7.75,6.5
2024-03-06 09:00:00,0.859,2.6700000000000004,1018.49,7.7700000000000005,6.5
2024-03-06 10:00:00,0.67,0.9199999999999999,1018.3100000000001,7.790000000000001,6.5
2024-03-06 11:00:00,0.402,0.85,1018.57,7.779999999999999,6.5
2024-03-06 12:00:00,0.17,0.9,1018.5899999999999,7.99,6.5
2024-03-06 13:00:00,-0.06,2.81,1018.8799999999999,8.059999999999999,6.58
2024-03-06 14:00:00,-0.298,4.05,1019.0,7.779999999999999,6.65
2024-03-06 15:00:00,-0.475,4.0,1018.89,7.58,6.75
2024-03-06 16:00:00,-0.531,3.3,1018.61,7.32,6.75
2024-03-06 17:00:00,-0.4,2.88,1018.0799999999999,7.2299999999999995,6.709999999999999
2024-03-06 18:00:00,-0.088,0.97,1017.1899999999999,7.609999999999999,6.8
2024-03-06 19:00:00,0.255,3.09,1015.86,7.239999999999999,6.87
2024-03-06 20:00:00,0.518,4.779999999999999,1014.9200000000001,6.9,6.9
2024-03-06 21:00:00,0.661,4.4799999999999995,1014.1,6.709999999999999,6.890000000000001
2024-03-06 22:00:00,0.623,4.57,1013.2299999999999,6.7700000000000005,6.9
2024-03-06 23:00:00,0.495,4.49,1012.03,7.2299999999999995,6.890000000000001
2024-03-07 00:00:00,0.346,4.26,1010.7700000000001,7.94,6.9
2024-03-07 01:00:00,0.171,5.13,1009.3700000000001,8.01,6.81
2024-03-07 02:00:00,-0.059,4.41,1008.5200000000001,7.859999999999999,6.7299999999999995
2024-03-07 03:00:00,-0.205,3.2299999999999995,1007.6700000000001,7.75,6.8
2024-03-07 04:00:00,-0.252,4.18,1007.0,7.340000000000001,6.8
2024-03-07 05:00:00,-0.084,3.22,1006.9799999999999,7.49,6.859999999999999
2024-03-07 06:00:00,0.268,2.0,1006.95,7.790000000000001,6.83
2024-03-07 07:00:00,0.625,2.7399999999999998,1005.9799999999999,8.15,6.8
2024-03-07 08:00:00,0.874,3.7,1005.35,8.7,6.8
2024-03-07 09:00:00,1.07,3.87,1005.9399999999999,8.83,6.74
2024-03-07 10:00:00,1.129,4.47,1007.1600000000001,8.93,6.7700000000000005
2024-03-07 11:00:00,1.017,5.5600000000000005,1008.4100000000001,8.860000000000001,6.790000000000001
2024-03-07 12:00:00,0.729,5.1,1009.1600000000001,8.84,6.7700000000000005
2024-03-07 13:00:00,0.352,4.41,1010.2,9.46,6.8
2024-03-07 14:00:00,0.007,4.86,1010.82,9.82,6.8
2024-03-07 15:00:00,-0.265,4.08,1011.49,10.25,6.8
2024-03-07 16:00:00,-0.43,3.84,1012.53,9.84,6.8
2024-03-07 17:00:00,-0.403,3.59,1013.2299999999999,10.879999999999999,6.82
2024-03-07 18:00:00,-0.151,4.43,1013.6600000000001,10.32,6.910000000000001
2024-03-07 19:00:00,0.195,3.87,1013.8399999999999,10.440000000000001,7.07
2024-03-07 20:00:00,0.518,4.61,1014.3399999999999,10.45,7.159999999999999
2024-03-07 21:00:00,0.735,4.7299999999999995,1014.8700000000001,10.17,7.209999999999999
2024-03-07 22:00:00,0.88,5.4799999999999995,1015.97,9.93,7.2700000000000005
2024-03-07 23:00:00,0.86,4.64,1017.1,9.129999999999999,7.3
2024-03-08 00:00:00,0.744,4.66,1018.15,8.930000000000001,7.2299999999999995
2024-03-08 01:00:00,0.464,4.79,1019.26,8.76,7.2
2024-03-08 02:00:00,0.127,5.16,1020.1600000000001,8.33,7.2
2024-03-08 03:00:00,-0.197,4.5600000000000005,1020.95,7.75,7.2
2024-03-08 04:00:00,-0.429,4.6899999999999995,1021.49,7.06,7.2
2024-03-08 05:00:00,-0.414,4.57,1021.78,7.040000000000001,7.2
2024-03-08 06:00:00,-0.156,5.08,1022.14,7.0200000000000005,7.18
2024-03-08 07:00:00,0.249,4.86,1022.28,6.540000000000001,7.01
2024-03-08 08:00:00,0.669,5.0600000000000005,1023.04,6.25,7.0
2024-03-08 09:00:00,0.995,4.3,1024.09,5.9,7.0
2024-03-08 10:00:00,1.231,4.01,1025.24,5.63,7.0
2024-03-08 11:00:00,1.283,3.6,1026.19,5.279999999999999,7.0
2024-03-08 12:00:00,1.145,5.29,1026.71,5.65,7.0
2024-03-08 13:00:00,0.839,5.766666666666667,1026.7777777777778,5.9,6.9222222222222225
2024-03-08 14:00:00,0.456,4.7299999999999995,1027.0700000000002,6.279999999999999,6.93
2024-03-08 15:00:00,0.076,3.3600000000000003,1027.4,6.890000000000001,7.0
2024-03-08 16:00:00,-0.263,2.2399999999999998,1027.3,7.459999999999999,7.0200000000000005
2024-03-08 17:00:00,-0.465,1.7100000000000002,1026.9,7.970000000000001,7.1
2024-03-08 18:00:00,-0.439,2.3899999999999997,1026.25,7.62,7.139999999999999
2024-03-08 19:00:00,-0.136,3.35,1026.34,7.92,7.969999999999999
2024-03-08 20:00:00,0.287,3.3,1026.0700000000002,8.5,8.290000000000001
2024-03-08 21:00:00,0.693,4.08,1026.19,8.25,8.209999999999999
2024-03-08 22:00:00,1.022,3.06,1026.3600000000001,7.640000000000001,8.16
2024-03-08 23:00:00,1.194,3.88,1026.38,6.6,8.219999999999999
2024-03-09 00:00:00,1.145,4.51,1026.21,6.16,8.290000000000001
2024-03-09 01:00:00,0.858,5.2,1027.47,6.119999999999999,8.440000000000001
2024-03-09 02:00:00,0.453,4.63,1028.3200000000002,6.01,8.48
2024-03-09 03:00:00,0.046,4.41,1027.6100000000001,5.7299999999999995,8.4
2024-03-09 04:00:00,-0.258,4.96,1027.02,5.4799999999999995,8.4
2024-03-09 05:00:00,-0.485,4.6899999999999995,1026.5,5.2,8.330000000000002
2024-03-09 06:00:00,-0.525,4.01,1026.8600000000001,5.069999999999999,8.26
2024-03-09 07:00:00,-0.235,3.9299999999999997,1026.6100000000001,4.91,8.2
2024-03-09 08:00:00,0.192,4.5,1026.17,4.82,8.139999999999999
2024-03-09 09:00:00,0.711,4.76,1025.6799999999998,4.779999999999999,7.81
2024-03-09 10:00:00,1.078,4.8100000000000005,1025.1100000000001,4.65,7.5200000000000005
2024-03-09 11:00:00,1.293,5.2299999999999995,1023.93,4.68,7.529999999999999
2024-03-09 12:00:00,1.337,5.3100000000000005,1023.9100000000001,4.82,7.140000000000001
2024-03-09 13:00:00,1.176,5.8,1023.25,5.07,7.26
2024-03-09 14:00:00,0.828,7.2333333333333325,1021.9222222222221,5.166666666666667,7.433333333333334
2024-03-09 15:00:00,0.404,6.790000000000001,1021.24,5.4,7.5200000000000005
2024-03-09 16:00:00,-0.024,6.470000000000001,1020.5799999999999,5.4799999999999995,7.49
2024-03-09 17:00:00,-0.397,6.709999999999999,1019.0600000000001,5.42,7.35
2024-03-09 18:00:00,-0.616,7.35,1017.5,5.46,7.390000000000001
2024-03-09 19:00:00,-0.468,7.13,1016.29,5.58,7.340000000000001
2024-03-09 20:00:00,-0.052,6.76,1014.75,5.88,7.3
2024-03-09 21:00:00,0.481,6.540000000000001,1012.82,6.18,7.279999999999999
2024-03-09 22:00:00,0.965,10.73,1009.95,6.56,7.2
2024-03-09 23:00:00,1.322,11.4,1007.8700000000001,6.7,7.109999999999999
2024-03-10 00:00:00,1.539,11.68,1005.54,6.57,6.9
2024-03-10 01:00:00,1.603,10.440000000000001,1004.0200000000001,6.9799999999999995,6.82
2024-03-10 02:00:00,1.379,9.0,1001.53,7.57,6.890000000000001
2024-03-10 03:00:00,0.959,5.970000000000001,999.75,8.48,6.9
2024-03-10 04:00:00,0.55,2.82,998.22,9.379999999999999,6.9
2024-03-10 05:00:00,0.133,2.49,996.14,9.09,6.94
2024-03-10 06:00:00,-0.125,3.28,995.53,8.34,7.0
2024-03-10 07:00:00,-0.226,6.970000000000001,995.4200000000001,7.340000000000001,7.040000000000001
2024-03-10 08:00:00,-0.152,8.1,995.6299999999999,7.159999999999999,7.0200000000000005
2024-03-10 09:00:00,0.294,9.22,996.4,7.1,7.0
2024-03-10 10:00:00,0.84,9.66,997.03,6.75,7.0
2024-03-10 11:00:00,1.295,9.01,997.01,6.959999999999999,7.0
2024-03-10 12:00:00,1.565,9.309999999999999,997.24,7.3,6.95
2024-03-10 13:00:00,1.487,9.209999999999999,997.7,7.7,6.94
2024-03-10 14:00:00,1.154,9.08,998.1700000000001,8.02,7.0
2024-03-10 15:00:00,0.725,9.040000000000001,998.3,8.36,7.0
2024-03-10 16:00:00,0.321,8.0,997.99,8.34,7.029999999999999
2024-03-10 17:00:00,-0.123,11.89,997.4799999999999,7.4799999999999995,7.18
2024-03-10 18:00:00,-0.485,12.47,996.8700000000001,7.590000000000001,7.33
2024-03-10 19:00:00,-0.703,12.23,997.0899999999999,6.859999999999999,7.340000000000001
2024-03-10 20:00:00,-0.584,14.38,997.35,6.17,7.3
2024-03-10 21:00:00,-0.213,12.28,997.8299999999999,4.66,7.3
2024-03-10 22:00:00,0.269,11.77,997.89,5.45,7.279999999999999
2024-03-10 23:00:00,0.735,12.14,998.0899999999999,5.540000000000001,7.17
2024-03-11 00:00:00,1.024,13.84,998.74,5.1,7.1
2024-03-11 01:00:00,1.082,14.030000000000001,999.51,4.58,7.029999999999999
2024-03-11 02:00:00,0.962,14.309999999999999,999.93,4.09,6.970000000000001
2024-03-11 03:00:00,0.55,14.030000000000001,1000.35,3.72,6.88
2024-03-11 04:00:00,0.031,13.7,1000.5899999999999,3.07,6.8
2024-03-11 05:00:00,-0.446,13.169999999999998,1000.95,2.8,6.7299999999999995
2024-03-11 06:00:00,-0.825,14.219999999999999,1001.2299999999999,2.7600000000000002,6.62
2024-03-11 07:00:00,-1.039,15.419999999999998,1001.2,2.83,6.529999999999999
2024-03-11 08:00:00,-1.085,16.4,1001.4399999999999,3.09,6.44
2024-03-11 09:00:00,-0.844,15.13,1002.3799999999999,3.4299999999999997,6.380000000000001
2024-03-11 10:00:00,-0.417,14.65,1003.01,3.69,6.3
2024-03-11 11:00:00,0.107,15.430000000000001,1003.6299999999999,3.9299999999999997,6.32
2024-03-11 12:00:00,0.546,16.46,1004.14,4.16,6.3
2024-03-11 13:00:00,0.824,16.64,1004.4100000000001,4.41,6.3
2024-03-11 14:00:00,0.861,16.56,1005.4,5.12,6.3
2024-03-11 15:00:00,0.511,15.830000000000002,1006.0799999999999,5.82,6.4
2024-03-11 16:00:00,0.025,16.39,1006.0200000000001,6.720000000000001,6.4
2024-03-11 17:00:00,-0.5,14.11,1006.47,7.6,6.529999999999999
2024-03-11 18:00:00,-0.916,14.11,1006.35,8.49,6.720000000000001
2024-03-11 19:00:00,-1.215,12.739999999999998,1006.45,9.32,7.0
2024-03-11 20:00:00,-1.217,14.430000000000001,1006.6899999999999,9.940000000000001,7.1
2024-03-11 21:00:00,-0.911,11.620000000000001,1007.1899999999999,10.1,7.1
2024-03-11 22:00:00,-0.374,11.59,1008.1700000000001,10.0,7.07
2024-03-11 23:00:00,0.162,10.67,1009.39,9.830000000000002,6.959999999999999
2024-03-12 00:00:00,0.587,8.68,1010.26,9.22,6.9
2024-03-12 01:00:00,0.877,7.090000000000001,1011.01,8.59,6.81
2024-03-12 02:00:00,0.931,9.09,1011.54,8.309999999999999,6.790000000000001
2024-03-12 03:00:00,0.775,8.89,1011.8799999999999,7.959999999999999,6.709999999999999
2024-03-12 04:00:00,0.383,8.77,1011.8299999999999,7.7,6.68
2024-03-12 05:00:00,-0.105,8.459999999999999,1011.79,7.2700000000000005,6.6
2024-03-12 06:00:00,-0.52,7.0,1011.89,7.040000000000001,6.57
2024-03-12 07:00:00,-0.849,7.45,1011.3399999999999,6.99,6.5
2024-03-12 08:00:00,-1.03,8.18,1010.96,7.029999999999999,6.4799999999999995
2024-03-12 09:00:00,-0.893,9.17,1010.7299999999999,7.6,6.459999999999999
2024-03-12 10:00:00,-0.484,8.709999999999999,1010.9,7.720000000000001,6.49
2024-03-12 11:00:00,0.038,9.05,1011.36,7.4799999999999995,6.4
2024-03-12 12:00:00,0.518,7.840000000000001,1011.6300000000001,7.68,6.4
2024-03-12 13:00:00,0.883,7.99,1011.6299999999999,8.5,6.4
2024-03-12 14:00:00,1.032,7.26,1011.79,9.379999999999999,6.4
2024-03-12 15:00:00,0.909,8.309999999999999,1011.39,9.870000000000001,6.4
2024-03-12 16:00:00,0.55,7.92,1010.95,10.45,6.43
2024-03-12 17:00:00,0.089,8.72,1010.3700000000001,10.98,6.540000000000001
2024-03-12 18:00:00,-0.363,8.040000000000001,1009.64,11.92,6.99
2024-03-12 19:00:00,-0.708,7.7,1009.07,12.459999999999999,7.459999999999999
2024-03-12 20:00:00,-0.947,6.790000000000001,1008.6899999999999,12.41,7.69
2024-03-12 21:00:00,-0.933,6.409999999999999,1008.6700000000001,12.65,7.58
2024-03-12 22:00:00,-0.588,6.56,1008.99,12.290000000000001,7.75
2024-03-12 23:00:00,-0.071,4.54,1009.53,11.129999999999999,7.7
2024-03-13 00:00:00,0.503,3.8600000000000003,1010.1299999999999,11.059999999999999,7.63
2024-03-13 01:00:00,0.981,1.6111111111111112,1010.6555555555556,11.433333333333334,7.522222222222222
2024-03-13 02:00:00,1.211,2.96,1010.9799999999999,11.84,7.5
2024-03-13 03:00:00,1.216,1.48,1011.3799999999999,11.42,7.5
2024-03-13 04:00:00,0.982,0.97,1011.74,11.3,7.32
2024-03-13 05:00:00,0.538,0.45999999999999996,1012.1200000000001,10.4,7.32
2024-03-13 06:00:00,0.088,0.5,1012.29,9.879999999999999,7.359999999999999
2024-03-13 07:00:00,-0.303,0.79,1012.3100000000001,8.1,7.15
2024-03-13 08:00:00,-0.611,0.49000000000000005,1012.7299999999999,7.959999999999999,7.01
2024-03-13 09:00:00,-0.726,0.57,1013.1600000000001,7.94,7.0
2024-03-13 10:00:00,-0.563,0.85,1013.6200000000001,7.76,7.0
2024-03-13 11:00:00,-0.17,2.0,1013.78,9.129999999999999,6.970000000000001
2024-03-13 12:00:00,0.293,2.0,1014.1600000000001,10.51,6.910000000000001
2024-03-13 13:00:00,0.711,2.09,1014.36,10.66,7.0
2024-03-13 14:00:00,1.022,3.04,1014.6200000000001,11.92,7.05
2024-03-13 15:00:00,1.148,4.87,1014.82,13.819999999999999,7.089999999999999
2024-03-13 16:00:00,0.987,5.970000000000001,1014.61,13.51,7.3
2024-03-13 17:00:00,0.602,6.720000000000001,1014.1,12.59,7.43
2024-03-13 18:00:00,0.136,5.811111111111111,1013.3333333333334,11.722222222222221,7.588888888888889
2024-03-13 19:00:00,-0.256,5.99,1012.9100000000001,11.28,7.8
2024-03-13 20:00:00,-0.577,5.14,1012.6700000000001,10.45,7.859999999999999
2024-03-13 21:00:00,-0.718,5.18,1012.6300000000001,9.08,8.08
2024-03-13 22:00:00,-0.569,4.18,1012.93,8.4,7.859999999999999
2024-03-13 23:00:00,-0.122,5.32,1013.18,8.72,7.35
2024-03-14 00:00:00,0.41,2.2399999999999998,1013.8700000000001,10.05,7.56
2024-03-14 01:00:00,0.842,1.64,1014.1700000000001,9.96,7.8
2024-03-14 02:00:00,1.116,0.18,1014.51,9.209999999999999,7.76
2024-03-14 03:00:00,1.247,0.39,1014.5799999999999,8.55,7.43
2024-03-14 04:00:00,1.196,1.1199999999999999,1014.8,8.05,7.62
2024-03-14 05:00:00,0.976,0.58,1014.72,7.2700000000000005,7.68
2024-03-14 06:00:00,0.62,1.3800000000000001,1014.6700000000001,6.92,7.33
2024-03-14 07:00:00,0.21,1.52,1014.7299999999999,6.709999999999999,7.2
2024-03-14 08:00:00,-0.179,0.61,1014.85,6.83,7.279999999999999
2024-03-14 09:00:00,-0.469,0.8699999999999999,1015.5,6.76,7.470000000000001
2024-03-14 10:00:00,-0.547,0.8300000000000001,1016.26,6.45,7.44
2024-03-14 11:00:00,-0.342,0.35,1017.01,6.5200000000000005,7.5
2024-03-14 12:00:00,0.019,0.61,1017.74,7.840000000000001,7.459999999999999
2024-03-14 13:00:00,0.425,0.8099999999999999,1018.39,8.26,7.390000000000001
2024-03-14 14:00:00,0.756,0.99,1018.5899999999999,8.09,7.15
2024-03-14 15:00:00,0.967,0.5599999999999999,1018.78,9.82,7.2
2024-03-14 16:00:00,1.011,0.5,1018.4799999999999,12.110000000000001,7.2
2024-03-14 17:00:00,0.818,1.55,1017.93,13.5,7.279999999999999
2024-03-14 18:00:00,0.467,2.5,1017.05,16.54,7.890000000000001
2024-03-14 19:00:00,0.059,4.08,1016.4,16.35,8.25
2024-03-14 20:00:00,-0.247,5.45,1016.05,13.98,8.64
2024-03-14 21:00:00,-0.482,6.1,1016.2,13.3,9.709999999999999
2024-03-14 22:00:00,-0.553,6.58,1016.0600000000001,13.1,9.719999999999999
2024-03-14 23:00:00,-0.378,6.33,1015.93,12.379999999999999,9.65
2024-03-15 00:00:00,0.01,5.911111111111111,1015.3444444444444,12.31111111111111,9.18888888888889
2024-03-15 01:00:00,0.449,2.33,1014.71,11.040000000000001,8.85
2024-03-15 02:00:00,0.754,2.07,1014.26,11.41,8.709999999999999
2024-03-15 03:00:00,0.969,1.9,1013.1,12.129999999999999,8.540000000000001
2024-03-15 04:00:00,1.136,1.97,1012.29,12.370000000000001,8.42
2024-03-15 05:00:00,1.161,1.72,1011.3799999999999,13.76,8.5
2024-03-15 06:00:00,0.923,4.35,1011.1600000000001,13.05,8.51
2024-03-15 07:00:00,0.551,4.6,1010.1200000000001,12.89,8.540000000000001
2024-03-15 08:00:00,0.128,3.6700000000000004,1008.49,13.55,8.6
2024-03-15 09:00:00,-0.227,5.65,1007.8700000000001,13.49,8.6
2024-03-15 10:00:00,-0.444,5.79,1007.4200000000001,13.6,8.52
2024-03-15 11:00:00,-0.443,6.01,1006.9399999999999,13.45,8.39
2024-03-15 12:00:00,-0.187,6.51,1006.89,14.14,8.25
2024-03-15 13:00:00,0.14,7.6,1007.1299999999999,14.0,8.31
2024-03-15 14:00:00,0.475,5.5200000000000005,1006.8,12.27,8.3
2024-03-15 15:00:00,0.691,6.1,1005.9,13.0,8.3
2024-03-15 16:00:00,0.809,6.49,1005.68,14.280000000000001,8.34
2024-03-15 17:00:00,0.825,5.88,1005.6,15.27,8.219999999999999
2024-03-15 18:00:00,0.657,6.74,1005.21,16.630000000000003,8.370000000000001
2024-03-15 19:00:00,0.425,5.6899999999999995,1005.03,13.6,8.52
2024-03-15 20:00:00,0.127,6.279999999999999,1005.1700000000001,14.2,8.3
2024-03-15 21:00:00,-0.148,6.7,1005.76,14.9,8.35
2024-03-15 22:00:00,-0.41,6.14,1006.5200000000001,15.16,8.48
2024-03-15 23:00:00,-0.411,6.55,1007.8399999999999,13.34,8.459999999999999
2024-03-16 00:00:00,-0.231,4.58,1008.36,12.01,8.31
2024-03-16 01:00:00,0.128,3.7700000000000005,1008.78,11.309999999999999,8.440000000000001
2024-03-16 02:00:00,0.5,3.12,1009.04,11.01,8.47
2024-03-16 03:00:00,0.752,3.31,1009.6600000000001,10.540000000000001,8.5
2024-03-16 04:00:00,0.942,2.67,1009.85,10.25,8.5
2024-03-16 05:00:00,1.105,2.57,1009.99,10.15,8.24
2024-03-16 06:00:00,1.108,3.13,1010.1600000000001,8.209999999999999,7.9799999999999995
2024-03-16 07:00:00,0.898,2.41,1010.4100000000001,8.219999999999999,8.1
2024-03-16 08:00:00,0.515,1.29,1010.4200000000001,8.209999999999999,8.25
2024-03-16 09:00:00,0.179,0.97,1010.65,8.040000000000001,8.4
2024-03-16 10:00:00,-0.118,4.279999999999999,1011.0,7.9799999999999995,8.4
2024-03-16 11:00:00,-0.306,4.18,1011.61,7.720000000000001,8.4
2024-03-16 12:00:00,-0.262,3.22,1012.28,7.74,8.440000000000001
2024-03-16 13:00:00,-0.038,3.3200000000000003,1012.6600000000001,8.26,8.4
2024-03-16 14:00:00,0.229,2.73,1012.71,8.55,8.49
2024-03-16 15:00:00,0.43,2.3,1012.3799999999999,8.790000000000001,8.58
2024-03-16 16:00:00,0.591,1.7399999999999998,1011.5600000000001,10.190000000000001,8.6
2024-03-16 17:00:00,0.734,2.93,1011.0899999999999,10.25,8.6
2024-03-16 18:00:00,0.797,5.04,1009.89,10.0,8.95
2024-03-16 19:00:00,0.688,6.36,1009.14,9.57,9.62
2024-03-16 20:00:00,0.444,5.970000000000001,1008.46,10.58,9.76
2024-03-16 21:00:00,0.188,5.63,1007.6600000000001,11.129999999999999,9.940000000000001
2024-03-16 22:00:00,0.007,5.63,1007.5799999999999,10.78,9.78
2024-03-16 23:00:00,-0.127,4.7555555555555555,1008.0222222222224,11.81111111111111,9.577777777777778
2024-03-17 00:00:00,-0.173,4.71,1008.26,12.28,9.5
2024-03-17 01:00:00,-0.059,4.57,1008.11,11.67,9.43
2024-03-17 02:00:00,0.185,5.91,1007.43,10.6,9.41
2024-03-17 03:00:00,0.438,6.409999999999999,1006.51,9.8,9.31
2024-03-17 04:00:00,0.709,7.18,1005.99,9.39,9.09
2024-03-17 05:00:00,0.937,6.88,1005.36,9.4,8.85
2024-03-17 06:00:00,1.066,7.31,1003.95,10.1,8.75
2024-03-17 07:00:00,0.992,7.890000000000001,1003.1,10.68,8.7
2024-03-17 08:00:00,0.775,6.26,1002.9,10.35,8.719999999999999
2024-03-17 09:00:00,0.455,6.95,1001.8299999999999,10.25,8.76
2024-03-17 10:00:00,0.194,8.379999999999999,1001.8700000000001,10.59,8.8
2024-03-17 11:00:00,-0.016,6.7299999999999995,1002.65,10.58,8.8
2024-03-17 12:00:00,-0.204,5.5,1003.8399999999999,9.85,8.830000000000002
2024-03-17 13:00:00,-0.261,2.888888888888889,1003.6999999999999,9.566666666666666,8.9
2024-03-17 14:00:00,-0.106,3.25,1003.4100000000001,10.629999999999999,9.0
2024-03-17 15:00:00,0.151,5.39,1002.93,11.620000000000001,9.01
2024-03-17 16:00:00,0.402,9.01,1002.24,12.17,9.24
2024-03-17 17:00:00,0.559,10.41,1001.9200000000001,12.45,9.41
2024-03-17 18:00:00,0.68,9.82,1001.86,12.45,9.629999999999999
2024-03-17 19:00:00,0.684,8.99,1001.4,12.39,9.69
2024-03-17 20:00:00,0.592,7.220000000000001,1001.6600000000001,12.47,9.73
2024-03-17 21:00:00,0.407,6.83,1001.6299999999999,12.919999999999998,9.8
2024-03-17 22:00:00,0.207,6.05,1001.96,12.75,9.8
2024-03-17 23:00:00,0.07,4.26,1002.7,12.67,9.8
2024-03-18 00:00:00,-0.067,4.08,1003.82,12.440000000000001,9.8
2024-03-18 01:00:00,-0.108,4.58,1004.64,11.59,9.74
2024-03-18 02:00:00,-0.069,2.71,1004.8699999999999,11.16,9.65
2024-03-18 03:00:00,0.14,0.8300000000000001,1005.3700000000001,10.08,9.5
2024-03-18 04:00:00,0.451,4.5200000000000005,1006.1200000000001,9.6,9.459999999999999
2024-03-18 05:00:00,0.73,4.38,1006.5200000000001,8.26,9.35
2024-03-18 06:00:00,0.867,3.1100000000000003,1006.39,7.959999999999999,9.3
2024-03-18 07:00:00,0.896,4.07,1006.45,8.03,9.290000000000001
2024-03-18 08:00:00,0.788,6.279999999999999,1006.72,7.81,9.2
2024-03-18 09:00:00,0.585,7.05,1007.26,7.35,9.139999999999999
2024-03-18 10:00:00,0.371,7.17,1007.3799999999999,6.99,9.1
2024-03-18 11:00:00,0.163,8.82,1007.8799999999999,6.529999999999999,9.02
2024-03-18 12:00:00,-0.067,7.94,1007.8100000000001,6.17,9.0
2024-03-18 13:00:00,-0.21,8.9,1007.97,5.92,9.08
2024-03-18 14:00:00,-0.261,8.377777777777778,1008.0,6.177777777777778,9.088888888888889
2024-03-18 15:00:00,-0.137,7.65,1007.74,6.56,9.1
2024-03-18 16:00:00,0.081,7.33,1006.85,6.93,9.2
2024-03-18 17:00:00,0.285,7.779999999999999,1006.2700000000001,7.38,9.1
2024-03-18 18:00:00,0.412,7.840000000000001,1005.5200000000001,7.720000000000001,9.19
2024-03-18 19:00:00,0.552,7.95,1004.8399999999999,8.23,9.41
2024-03-18 20:00:00,0.654,9.52,1005.2,8.05,9.59
2024-03-18 21:00:00,0.598,8.75,1005.4200000000001,7.83,9.6
2024-03-18 22:00:00,0.408,8.72,1006.0799999999999,7.5,9.6
2024-03-18 23:00:00,0.158,12.379999999999999,1006.6700000000001,6.87,9.55
2024-03-19 00:00:00,-0.063,11.73,1007.32,6.220000000000001,9.41
2024-03-19 01:00:00,-0.227,10.8,1007.61,5.76,9.3
2024-03-19 02:00:00,-0.279,9.92,1007.96,4.89,9.25
2024-03-19 03:00:00,-0.244,10.36,1008.0,4.58,9.129999999999999
2024-03-19 04:00:00,-0.053,10.55,1008.39,3.9799999999999995,9.08
2024-03-19 05:00:00,0.223,10.260000000000002,1008.5899999999999,3.4,8.870000000000001
2024-03-19 06:00:00,0.532,10.370000000000001,1008.45,3.12,8.709999999999999
2024-03-19 07:00:00,0.701,9.82,1008.07,2.84,8.629999999999999
2024-03-19 08:00:00,0.701,10.1,1007.51,2.71,8.559999999999999
2024-03-19 09:00:00,0.608,9.52,1007.6700000000001,2.69,8.5
2024-03-19 10:00:00,0.435,9.68,1008.22,2.7,8.45
2024-03-19 11:00:00,0.199,7.82,1009.15,2.3899999999999997,8.360000000000001
2024-03-19 12:00:00,-0.004,9.3,1010.0600000000001,2.35,8.3
2024-03-19 13:00:00,-0.219,11.077777777777778,1010.3888888888889,2.6555555555555554,8.21111111111111
2024-03-19 14:00:00,-0.397,9.76,1010.57,3.06,8.2
2024-03-19 15:00:00,-0.448,8.73,1010.14,3.78,8.24
2024-03-19 16:00:00,-0.411,9.17,1009.43,4.779999999999999,8.35
2024-03-19 17:00:00,-0.211,10.18,1008.86,5.1,8.49
2024-03-19 18:00:00,0.072,10.51,1007.99,5.46,8.629999999999999
2024-03-19 19:00:00,0.36,8.58,1007.24,5.88,8.81
2024-03-19 20:00:00,0.547,8.52,1006.86,6.459999999999999,8.870000000000001
2024-03-19 21:00:00,0.564,8.3,1006.6200000000001,6.68,8.89
2024-03-19 22:00:00,0.45,8.59,1006.6600000000001,6.709999999999999,8.8
2024-03-19 23:00:00,0.309,7.26,1006.8700000000001,6.7299999999999995,8.73
2024-03-20 00:00:00,0.118,10.2,1007.57,6.35,8.66
2024-03-20 01:00:00,-0.055,6.32,1008.57,5.0,8.6
2024-03-20 02:00:00,-0.248,0.78,1008.35,4.79,8.6
2024-03-20 03:00:00,-0.312,1.49,1007.9399999999999,4.529999999999999,8.58
2024-03-20 04:00:00,-0.259,2.69,1007.46,4.92,8.5
2024-03-20 05:00:00,-0.003,4.26,1006.82,5.79,8.43
2024-03-20 06:00:00,0.337,6.93,1005.9399999999999,6.840000000000001,8.26
2024-03-20 07:00:00,0.648,8.26,1005.22,6.44,8.2
2024-03-20 08:00:00,0.829,8.23,1005.1,6.36,8.12
2024-03-20 09:00:00,0.866,8.17,1004.9799999999999,6.6,8.08
2024-03-20 10:00:00,0.755,8.540000000000001,1005.2299999999999,6.62,8.08
2024-03-20 11:00:00,0.506,8.27,1005.74,6.69,8.1
2024-03-20 12:00:00,0.279,6.4,1006.05,7.459999999999999,8.02
2024-03-20 13:00:00,0.065,4.11,1006.0200000000001,7.51,8.07
2024-03-20 14:00:00,-0.1,4.720000000000001,1006.2,7.4,8.18
2024-03-20 15:00:00,-0.225,2.7399999999999998,1005.6899999999999,8.3,8.2
2024-03-20 16:00:00,-0.281,0.78,1004.1,10.03,8.26
2024-03-20 17:00:00,-0.227,4.7,1003.1700000000001,10.86,8.3
2024-03-20 18:00:00,-0.03,4.32,1002.1700000000001,11.36,8.42
2024-03-20 19:00:00,0.292,2.9899999999999998,1001.04,10.559999999999999,8.52
2024-03-20 20:00:00,0.582,9.08,1001.03,11.73,8.669999999999998
2024-03-20 21:00:00,0.752,9.360000000000001,1002.71,9.25,8.7
2024-03-20 22:00:00,0.786,7.75,1004.55,7.859999999999999,8.7
2024-03-20 23:00:00,0.674,10.744444444444445,1006.3222222222222,6.455555555555556,8.411111111111111
2024-03-21 00:00:00,0.376,9.72,1008.24,5.5,8.040000000000001
2024-03-21 01:00:00,0.102,11.15,1010.1600000000001,4.25,8.05
2024-03-21 02:00:00,-0.213,11.290000000000001,1011.35,3.81,8.169999999999998
2024-03-21 03:00:00,-0.452,10.9,1012.45,3.02,8.1
2024-03-21 04:00:00,-0.547,13.059999999999999,1013.51,2.18,8.01
2024-03-21 05:00:00,-0.443,12.02,1014.15,1.61,7.779999999999999
2024-03-21 06:00:00,-0.139,11.71,1014.95,1.17,7.720000000000001
2024-03-21 07:00:00,0.202,11.5,1015.57,0.7,7.709999999999999
2024-03-21 08:00:00,0.45,11.33,1016.35,0.4,7.51
2024-03-21 09:00:00,0.585,10.809999999999999,1017.25,0.039999999999999994,7.37
2024-03-21 10:00:00,0.532,10.440000000000001,1018.25,-0.3,7.140000000000001
2024-03-21 11:00:00,0.429,10.82,1019.4100000000001,-0.52,7.109999999999999
2024-03-21 12:00:00,0.261,10.22,1020.1299999999999,-0.52,6.94
2024-03-21 13:00:00,0.079,9.43,1020.5600000000001,-0.24,6.9
2024-03-21 14:00:00,-0.182,10.23,1020.8,0.32999999999999996,6.92
2024-03-21 15:00:00,-0.438,9.26,1020.97,1.08,7.0
2024-03-21 16:00:00,-0.675,9.78,1020.9100000000001,1.98,7.040000000000001
2024-03-21 17:00:00,-0.816,9.52,1020.71,2.62,7.2
2024-03-21 18:00:00,-0.713,10.23,1020.43,3.3899999999999997,7.459999999999999
2024-03-21 19:00:00,-0.409,8.959999999999999,1020.1200000000001,4.1,7.640000000000001
2024-03-21 20:00:00,-0.05,9.03,1020.07,4.71,7.8
2024-03-21 21:00:00,0.195,8.35,1020.47,5.029999999999999,7.75
2024-03-21 22:00:00,0.346,7.65,1021.45,5.01,7.7
2024-03-21 23:00:00,0.381,8.2,1022.54,4.63,7.63
2024-03-22 00:00:00,0.257,6.220000000000001,1023.8100000000001,3.85,7.540000000000001
2024-03-22 01:00:00,0.021,6.444444444444445,1024.8444444444444,3.3,7.377777777777778
2024-03-22 02:00:00,-0.254,6.51,1025.73,2.57,7.2
2024-03-22 03:00:00,-0.516,5.7700000000000005,1026.6100000000001,1.8699999999999999,7.1
2024-03-22 04:00:00,-0.684,6.42,1027.4,0.96,7.05
2024-03-22 05:00:00,-0.729,5.43,1028.06,0.41,6.67
2024-03-22 06:00:00,-0.595,6.33,1028.3700000000001,0.05,6.6
2024-03-22 07:00:00,-0.343,5.17,1028.47,-0.37,6.51
2024-03-22 08:00:00,-0.002,5.3100000000000005,1028.76,-0.9,6.55
2024-03-22 09:00:00,0.305,5.75,1029.3200000000002,-1.15,6.7299999999999995
2024-03-22 10:00:00,0.483,4.92,1029.8899999999999,-1.26,6.85
2024-03-22 11:00:00,0.52,5.7,1030.3600000000001,-1.19,6.8
2024-03-22 12:00:00,0.456,4.211111111111111,1031.388888888889,-0.911111111111111,6.766666666666667
2024-03-22 13:00:00,0.237,3.1555555555555554,1031.4777777777779,-0.6888888888888889,6.433333333333334
2024-03-22 14:00:00,-0.051,2.21,1031.01,-0.22999999999999998,6.220000000000001
2024-03-22 15:00:00,-0.355,1.51,1030.44,0.78,6.529999999999999
2024-03-22 16:00:00,-0.65,2.1,1029.77,0.5700000000000001,6.57
2024-03-22 17:00:00,-0.825,3.34,1029.26,1.24,7.290000000000001
2024-03-22 18:00:00,-0.805,4.5200000000000005,1028.48,1.5,7.88
2024-03-22 19:00:00,-0.535,5.0600000000000005,1027.8,1.9300000000000002,7.51
2024-03-22 20:00:00,-0.178,5.04,1027.3200000000002,2.2800000000000002,6.859999999999999
2024-03-22 21:00:00,0.158,6.23,1026.98,3.0100000000000002,7.2
2024-03-22 22:00:00,0.385,6.3,1026.92,3.72,7.589999999999999
2024-03-22 23:00:00,0.503,5.29,1026.27,4.09,7.38
2024-03-23 00:00:00,0.495,4.5,1025.75,4.54,7.15
2024-03-23 01:00:00,0.358,3.65,1025.8600000000001,4.6899999999999995,7.0200000000000005
2024-03-23 02:00:00,0.099,4.04,1025.4,4.7700000000000005,7.0
2024-03-23 03:00:00,-0.214,3.81,1024.75,4.92,6.9
2024-03-23 04:00:00,-0.449,4.779999999999999,1023.5899999999999,5.09,6.9
2024-03-23 05:00:00,-0.576,5.87,1022.3399999999999,5.0200000000000005,6.9
2024-03-23 06:00:00,-0.563,5.4,1021.25,5.42,6.840000000000001
2024-03-23 07:00:00,-0.382,5.76,1019.72,5.6,6.8
2024-03-23 08:00:00,-0.019,5.63,1018.5899999999999,5.79,6.8
2024-03-23 09:00:00,0.401,4.92,1017.04,6.2700000000000005,6.8
2024-03-23 10:00:00,0.707,4.6899999999999995,1016.0600000000001,6.4799999999999995,6.8
2024-03-23 11:00:00,0.873,4.17,1015.3,7.029999999999999,6.8
2024-03-23 12:00:00,0.88,1.92,1014.5,9.0,6.8
2024-03-23 13:00:00,0.746,4.04,1013.57,9.620000000000001,6.8
2024-03-23 14:00:00,0.461,3.0300000000000002,1012.72,9.6,6.8
2024-03-23 15:00:00,0.128,2.81,1011.39,9.25,6.8
2024-03-23 16:00:00,-0.17,4.18,1008.7299999999999,8.959999999999999,6.83
2024-03-23 17:00:00,-0.404,6.76,1005.93,9.18,6.890000000000001
2024-03-23 18:00:00,-0.391,7.859999999999999,1002.03,9.23,6.8
2024-03-23 19:00:00,-0.127,5.4399999999999995,1001.65,10.15,6.859999999999999
2024-03-23 20:00:00,0.268,7.109999999999999,1001.1899999999999,7.42,6.9
2024-03-23 21:00:00,0.68,8.5,1002.1299999999999,6.25,6.81
2024-03-23 22:00:00,0.693,10.51,1004.0799999999999,7.209999999999999,6.8
2024-03-23 23:00:00,0.623,11.52,1006.3399999999999,6.32,6.8
2024-03-24 00:00:00,0.61,10.39,1008.4,5.9799999999999995,6.8
2024-03-24 01:00:00,0.473,10.51,1010.6299999999999,4.76,6.76
2024-03-24 02:00:00,0.269,11.709999999999999,1011.43,3.62,6.7
2024-03-24 03:00:00,0.094,11.68,1012.68,2.8600000000000003,6.6
2024-03-24 04:00:00,-0.217,11.03,1013.6200000000001,2.3,6.529999999999999
2024-03-24 05:00:00,-0.461,9.9,1014.9100000000001,1.8699999999999999,6.42
2024-03-24 06:00:00,-0.56,8.4,1016.0799999999999,1.56,6.3
2024-03-24 07:00:00,-0.506,8.190000000000001,1017.2299999999999,1.17,6.2299999999999995
2024-03-24 08:00:00,-0.284,7.57,1018.5600000000001,0.78,6.2299999999999995
2024-03-24 09:00:00,0.169,6.709999999999999,1019.9,0.43,6.109999999999999
2024-03-24 10:00:00,0.548,6.11,1021.6,0.06000000000000001,6.15
2024-03-24 11:00:00,0.772,5.18,1023.0200000000001,0.11000000000000001,6.2
2024-03-24 12:00:00,0.83,5.13,1024.2,0.62,6.18
2024-03-24 13:00:00,0.751,4.8100000000000005,1025.3799999999999,1.3800000000000001,6.2
2024-03-24 14:00:00,0.549,6.444444444444445,1026.288888888889,2.1888888888888887,6.2
2024-03-24 15:00:00,0.23,6.01,1026.65,3.0300000000000002,6.26
2024-03-24 16:00:00,-0.092,5.91,1026.75,3.7399999999999998,6.33
2024-03-24 17:00:00,-0.337,5.57,1026.73,4.51,6.4
2024-03-24 18:00:00,-0.527,5.92,1026.25,5.01,6.49
2024-03-24 19:00:00,-0.541,4.99,1026.01,6.029999999999999,6.5200000000000005
2024-03-24 20:00:00,-0.347,4.36,1025.92,6.790000000000001,6.609999999999999
2024-03-24 21:00:00,0.08,4.05,1026.1100000000001,7.290000000000001,6.83
2024-03-24 22:00:00,0.464,4.79,1026.66,7.05,6.890000000000001
2024-03-24 23:00:00,0.756,4.32,1027.6399999999999,6.409999999999999,6.720000000000001
2024-03-25 00:00:00,0.96,5.0200000000000005,1028.6,5.95,6.7
2024-03-25 01:00:00,0.989,4.85,1029.4299999999998,5.49,6.7
2024-03-25 02:00:00,0.832,5.17,1029.95,4.720000000000001,6.67
2024-03-25 03:00:00,0.494,5.41,1030.01,3.9,6.6
2024-03-25 04:00:00,0.127,5.26,1030.16,3.5799999999999996,6.51
2024-03-25 05:00:00,-0.178,5.21,1030.34,3.2700000000000005,6.5
2024-03-25 06:00:00,-0.352,5.15,1030.51,3.13,6.5200000000000005
2024-03-25 07:00:00,-0.389,5.6899999999999995,1030.6399999999999,2.96,6.6
2024-03-25 08:00:00,-0.194,5.73,1031.01,2.7199999999999998,6.6
2024-03-25 09:00:00,0.167,6.05,1031.01,2.56,6.44
2024-03-25 10:00:00,0.558,6.56,1031.33,2.5300000000000002,6.25
2024-03-25 11:00:00,0.819,6.55,1031.51,2.63,6.3
2024-03-25 12:00:00,0.976,6.39,1031.84,3.04,6.21
2024-03-25 13:00:00,1.032,6.0,1032.3,3.8299999999999996,6.220000000000001
2024-03-25 14:00:00,0.983,5.7,1032.3700000000001,4.33,6.32
2024-03-25 15:00:00,0.782,4.11,1032.3700000000001,4.66,6.43
2024-03-25 16:00:00,0.466,3.95,1032.11,4.8100000000000005,6.75
2024-03-25 17:00:00,0.111,2.6,1031.76,5.2299999999999995,6.959999999999999
2024-03-25 18:00:00,-0.186,2.48,1030.77,6.05,7.109999999999999
2024-03-25 19:00:00,-0.354,2.4899999999999998,1029.94,6.74,6.92
2024-03-25 20:00:00,-0.259,2.5900000000000003,1029.49,7.56,7.05
2024-03-25 21:00:00,0.053,1.46,1029.06,7.8,7.529999999999999
2024-03-25 22:00:00,0.493,0.8800000000000001,1028.53,7.37,7.42
2024-03-25 23:00:00,0.94,0.8699999999999999,1028.29,6.909999999999999,7.45
2024-03-26 00:00:00,1.254,3.5,1028.06,7.470000000000001,7.2700000000000005
2024-03-26 01:00:00,1.365,3.3,1028.4888888888888,7.2444444444444445,7.344444444444444
2024-03-26 02:00:00,1.267,4.4799999999999995,1028.24,7.220000000000001,7.58
2024-03-26 03:00:00,1.037,4.87,1027.53,6.69,7.390000000000001
2024-03-26 04:00:00,0.748,6.779999999999999,1026.72,5.87,7.18
2024-03-26 05:00:00,0.425,6.04,1026.24,5.07,6.859999999999999
2024-03-26 06:00:00,0.17,5.0,1026.22,4.38,6.8
2024-03-26 07:00:00,-0.015,4.220000000000001,1026.1,4.17,6.7299999999999995
2024-03-26 08:00:00,-0.018,4.41,1025.42,4.220000000000001,6.7
2024-03-26 09:00:00,0.212,5.9399999999999995,1024.45,4.11,6.68
2024-03-26 10:00:00,0.512,5.21,1024.26,3.8600000000000003,6.659999999999999
2024-03-26 11:00:00,0.818,3.02,1024.67,4.4,6.7
2024-03-26 12:00:00,1.028,2.9699999999999998,1025.06,5.1,6.7
2024-03-26 13:00:00,1.196,4.7555555555555555,1024.0555555555557,5.644444444444444,6.7
2024-03-26 14:00:00,1.269,4.79,1023.5,6.08,6.74
2024-03-26 15:00:00,1.063,4.2700000000000005,1023.51,6.2,6.8
2024-03-26 16:00:00,0.723,2.9400000000000004,1023.9100000000001,6.2700000000000005,6.890000000000001
2024-03-26 17:00:00,0.351,3.2299999999999995,1023.86,6.17,7.029999999999999
2024-03-26 18:00:00,0.034,3.59,1023.32,6.28,7.18
2024-03-26 19:00:00,-0.178,3.6799999999999997,1022.29,6.93,7.31
2024-03-26 20:00:00,-0.232,4.65,1021.49,6.58,7.43
2024-03-26 21:00:00,-0.044,4.4,1021.22,6.24,7.589999999999999
2024-03-26 22:00:00,0.363,3.95,1021.49,6.15,7.5
2024-03-26 23:00:00,0.781,3.63,1021.5,6.05,7.37
2024-03-27 00:00:00,1.082,3.34,1020.9799999999999,6.09,7.3
2024-03-27 01:00:00,1.208,2.5,1021.8299999999999,6.1899999999999995,7.209999999999999
2024-03-27 02:00:00,1.201,2.4899999999999998,1021.8299999999999,6.2700000000000005,7.290000000000001
2024-03-27 03:00:00,1.062,3.19,1021.35,6.05,7.3
2024-03-27 04:00:00,0.756,5.3,1019.9100000000001,5.83,7.290000000000001
2024-03-27 05:00:00,0.405,4.11,1019.97,5.64,7.2
2024-03-27 06:00:00,0.064,3.4200000000000004,1019.9,5.34,7.2
2024-03-27 07:00:00,-0.219,3.17,1019.54,5.09,7.2
2024-03-27 08:00:00,-0.363,1.55,1019.7299999999999,4.99,7.12
2024-03-27 09:00:00,-0.219,1.1555555555555557,1019.9555555555556,5.044444444444444,7.1
2024-03-27 10:00:00,0.088,0.75,1020.36,5.0,7.15
2024-03-27 11:00:00,0.403,1.08,1020.9399999999999,5.2700000000000005,7.1
2024-03-27 12:00:00,0.638,1.1,1021.1200000000001,5.67,7.1
2024-03-27 13:00:00,0.829,1.4555555555555555,1020.8888888888889,5.844444444444445,7.111111111111111
2024-03-27 14:00:00,0.9,1.9899999999999998,1020.85,5.6899999999999995,7.26
2024-03-27 15:00:00,0.796,1.81,1020.78,5.86,7.290000000000001
2024-03-27 16:00:00,0.519,1.49,1020.6899999999999,6.17,7.2
2024-03-27 17:00:00,0.156,1.3900000000000001,1020.1200000000001,6.38,7.2
2024-03-27 18:00:00,-0.145,0.7100000000000001,1019.82,6.8,7.2
2024-03-27 19:00:00,-0.398,1.8699999999999999,1020.26,7.05,7.2
2024-03-27 20:00:00,-0.517,1.25,1020.85,7.390000000000001,7.2
2024-03-27 21:00:00,-0.42,3.62,1019.3399999999999,7.290000000000001,7.2
2024-03-27 22:00:00,-0.141,3.38,1018.4799999999999,6.7,7.2
2024-03-27 23:00:00,0.267,1.1099999999999999,1018.89,6.9,7.18
2024-03-28 00:00:00,0.588,1.55,1019.47,7.2299999999999995,7.19
2024-03-28 01:00:00,0.812,0.9,1019.05,7.33,7.2700000000000005
2024-03-28 02:00:00,0.984,1.02,1018.82,7.44,7.33
2024-03-28 03:00:00,0.948,0.96,1018.36,7.4799999999999995,7.589999999999999
2024-03-28 04:00:00,0.631,2.27,1018.1700000000001,7.31,7.57
2024-03-28 05:00:00,0.289,2.54,1018.72,7.4,7.540000000000001
2024-03-28 06:00:00,-0.045,2.23,1018.3799999999999,7.459999999999999,7.5200000000000005
2024-03-28 07:00:00,-0.25,1.48,1016.93,7.470000000000001,7.56
2024-03-28 08:00:00,-0.395,2.61,1017.18,7.6,7.51
2024-03-28 09:00:00,-0.466,1.8699999999999999,1016.11,7.67,7.5
2024-03-28 10:00:00,-0.266,2.64,1015.6699999999998,7.6,7.4799999999999995
2024-03-28 11:00:00,0.142,1.6800000000000002,1016.1299999999999,7.609999999999999,7.35
2024-03-28 12:00:00,0.474,3.07,1015.71,7.74,7.3
2024-03-28 13:00:00,0.749,2.32,1016.29,7.9,7.3
2024-03-28 14:00:00,0.841,1.15,1015.64,7.88,7.3
2024-03-28 15:00:00,0.772,1.4,1015.36,7.8,7.3
2024-03-28 16:00:00,0.624,2.91,1015.0200000000001,7.859999999999999,7.340000000000001
2024-03-28 17:00:00,0.35,2.66,1014.32,8.42,7.65
2024-03-28 18:00:00,0.123,3.05,1012.26,8.55,7.7700000000000005
2024-03-28 19:00:00,-0.139,4.07,1013.4,8.57,7.7700000000000005
2024-03-28 20:00:00,-0.353,3.22,1012.68,8.540000000000001,7.8
2024-03-28 21:00:00,-0.456,2.98,1011.24,8.34,7.8
2024-03-28 22:00:00,-0.229,4.96,1011.68,8.28,7.790000000000001
2024-03-28 23:00:00,0.093,4.92,1011.57,7.909999999999999,7.57
2024-03-29 00:00:00,0.533,4.45,1011.07,7.67,7.69
2024-03-29 01:00:00,0.84,5.5,1011.4200000000001,7.459999999999999,7.63
2024-03-29 02:00:00,0.994,4.84,1011.6600000000001,7.2700000000000005,7.56
2024-03-29 03:00:00,0.916,5.53,1010.8100000000001,7.290000000000001,7.5
2024-03-29 04:00:00,0.746,6.05,1010.8299999999999,6.9799999999999995,7.5
2024-03-29 05:00:00,0.521,7.42,1010.35,7.01,7.5
2024-03-29 06:00:00,0.223,8.620000000000001,1009.9200000000001,7.3,7.4
2024-03-29 07:00:00,-0.097,9.47,1009.3299999999999,7.2700000000000005,7.359999999999999
2024-03-29 08:00:00,-0.327,9.26,1009.15,6.9799999999999995,7.3
2024-03-29 09:00:00,-0.441,9.42,1009.15,6.36,7.25
2024-03-29 10:00:00,-0.369,8.809999999999999,1008.97,5.92,7.109999999999999
2024-03-29 11:00:00,-0.173,8.809999999999999,1008.96,5.59,7.1
2024-03-29 12:00:00,0.119,8.7,1008.8799999999999,5.86,7.08
2024-03-29 13:00:00,0.364,8.120000000000001,1008.7299999999999,6.95,7.089999999999999
2024-03-29 14:00:00,0.585,9.64,1008.2,7.92,7.159999999999999
2024-03-29 15:00:00,0.71,9.59,1007.6200000000001,8.41,7.2299999999999995
2024-03-29 16:00:00,0.648,9.84,1006.86,8.99,7.409999999999999
2024-03-29 17:00:00,0.45,9.15,1006.1899999999999,9.84,7.57
2024-03-29 18:00:00,0.184,9.98,1005.45,9.8,7.56
2024-03-29 19:00:00,-0.07,10.709999999999999,1005.14,10.23,7.840000000000001
2024-03-29 20:00:00,-0.273,12.57,1005.6299999999999,10.35,7.99
2024-03-29 21:00:00,-0.414,10.98,1006.36,9.82,8.0
2024-03-29 22:00:00,-0.381,11.52,1007.43,9.059999999999999,8.040000000000001
2024-03-29 23:00:00,-0.17,11.66,1008.25,8.09,8.059999999999999
2024-03-30 00:00:00,0.147,11.440000000000001,1009.22,7.32,7.959999999999999
2024-03-30 01:00:00,0.471,12.75,1009.72,6.779999999999999,7.9
2024-03-30 02:00:00,0.626,11.72,1009.7700000000001,6.34,7.81
2024-03-30 03:00:00,0.675,9.33,1010.39,6.1,7.7
2024-03-30 04:00:00,0.698,8.58,1010.4399999999999,5.970000000000001,7.67
2024-03-30 05:00:00,0.615,10.059999999999999,1010.25,5.79,7.6
2024-03-30 06:00:00,0.378,12.05,1009.9399999999999,5.61,7.51
2024-03-30 07:00:00,0.013,9.61,1009.6899999999999,5.46,7.44
2024-03-30 08:00:00,-0.262,7.9799999999999995,1009.47,5.32,7.4
2024-03-30 09:00:00,-0.47,8.39,1009.54,4.61,7.359999999999999
2024-03-30 10:00:00,-0.553,9.120000000000001,1009.71,4.58,7.4
2024-03-30 11:00:00,-0.469,8.09,1010.3700000000001,4.86,7.4
2024-03-30 12:00:00,-0.236,8.41,1010.93,5.25,7.4
2024-03-30 13:00:00,0.083,8.870000000000001,1011.45,5.6,7.410000000000001
2024-03-30 14:00:00,0.292,8.16,1011.54,6.4799999999999995,7.5
2024-03-30 15:00:00,0.446,8.34,1011.03,7.290000000000001,7.659999999999999
2024-03-30 16:00:00,0.442,8.3,1010.3299999999999,8.309999999999999,7.81
2024-03-30 17:00:00,0.293,7.76,1009.6700000000001,9.42,8.0
2024-03-30 18:00:00,0.088,8.459999999999999,1008.8399999999999,10.309999999999999,8.16
2024-03-30 19:00:00,-0.117,8.559999999999999,1008.0799999999999,11.22,8.25
2024-03-30 20:00:00,-0.321,7.65,1007.6700000000001,11.95,8.38
2024-03-30 21:00:00,-0.492,8.209999999999999,1007.55,12.559999999999999,8.4
2024-03-30 22:00:00,-0.578,6.95,1007.46,12.6,8.459999999999999
2024-03-30 23:00:00,-0.505,8.14,1008.0600000000001,11.96,8.5
2024-03-31 00:00:00,-0.231,8.77,1008.5,10.5,8.5
2024-03-31 01:00:00,0.124,3.7624999999999997,1007.775,9.025,8.5
2024-03-31 02:00:00,0.39,4.4,1007.6600000000001,9.370000000000001,8.5
2024-03-31 03:00:00,0.573,5.21,1007.6299999999999,9.59,8.5
2024-03-31 04:00:00,0.696,5.61,1007.96,9.53,8.5
2024-03-31 05:00:00,0.731,3.55,1007.76,8.690000000000001,8.41
2024-03-31 06:00:00,0.59,4.32,1007.3399999999999,8.330000000000002,8.4
2024-03-31 07:00:00,0.35,4.25,1007.3299999999999,8.3,8.4
2024-03-31 08:00:00,-0.013,3.56,1008.0899999999999,8.24,8.4
2024-03-31 09:00:00,-0.327,4.640000000000001,1008.8399999999999,8.12,8.32
2024-03-31 10:00:00,-0.439,4.3100000000000005,1010.05,7.99,8.3
2024-03-31 11:00:00,-0.456,4.39,1011.4200000000001,8.27,8.23
2024-03-31 12:00:00,-0.298,4.630000000000001,1012.51,8.77,8.01
2024-03-31 13:00:00,-0.052,4.611111111111111,1013.1999999999999,8.88888888888889,7.922222222222222
2024-03-31 14:00:00,0.218,3.65,1013.78,9.290000000000001,7.9
2024-03-31 15:00:00,0.435,4.04,1013.7700000000001,9.98,8.07
2024-03-31 16:00:00,0.56,3.38,1013.6777777777778,10.45,8.290000000000001
2024-03-31 17:00:00,0.584,3.9,1013.49,11.01,8.49
2024-03-31 18:00:00,0.472,7.44,1013.47,11.43,8.73
2024-03-31 19:00:00,0.28,6.8,1013.24,11.49,9.01
2024-03-31 20:00:00,0.043,6.409999999999999,1013.1,11.629999999999999,9.540000000000001
2024-03-31 21:00:00,-0.087,6.14,1013.4399999999999,11.97,9.709999999999999
2024-03-31 22:00:00,-0.236,5.4,1013.85,11.65,9.709999999999999
2024-03-31 23:00:00,-0.263,5.14,1014.36,11.2,9.059999999999999
2024-04-01 00:00:00,-0.154,4.55,1014.85,11.709999999999999,8.9
2024-04-01 01:00:00,0.092,2.37,1015.1200000000001,11.16,8.9
2024-04-01 02:00:00,0.397,1.7899999999999998,1015.4100000000001,11.03,8.830000000000002
2024-04-01 03:00:00,0.651,1.86,1015.78,9.959999999999999,8.9
2024-04-01 04:00:00,0.81,0.9800000000000001,1016.0,9.34,8.940000000000001
2024-04-01 05:00:00,0.883,1.43,1016.22,9.290000000000001,9.2
2024-04-01 06:00:00,0.845,0.47000000000000003,1015.74,9.620000000000001,9.43
2024-04-01 07:00:00,0.62,0.26,1015.24,9.5,9.459999999999999
2024-04-01 08:00:00,0.306,0.62,1015.2,9.08,9.2
2024-04-01 09:00:00,0.013,0.5700000000000001,1015.95,8.870000000000001,8.95
2024-04-01 10:00:00,-0.172,2.5300000000000002,1015.65,8.59,8.9
2024-04-01 11:00:00,-0.282,3.4,1015.9,8.620000000000001,8.9
2024-04-01 12:00:00,-0.316,3.38,1016.03,8.41,8.9
2024-04-01 13:00:00,-0.22,3.28,1015.74,8.2,8.68
2024-04-01 14:00:00,-0.02,3.22,1015.6299999999999,7.95,8.4
2024-04-01 15:00:00,0.216,3.0,1014.7888888888889,7.922222222222222,8.4
2024-04-01 16:00:00,0.428,3.08,1014.01,7.7299999999999995,8.4
2024-04-01 17:00:00,0.56,3.65,1013.1700000000001,7.94,8.4
2024-04-01 18:00:00,0.615,3.41,1013.29,8.36,8.4
2024-04-01 19:00:00,0.542,2.09,1013.3399999999999,8.77,8.55
2024-04-01 20:00:00,0.31,1.9599999999999997,1013.4799999999999,8.66,8.7
2024-04-01 21:00:00,0.073,0.53,1013.86,9.440000000000001,8.85
2024-04-01 22:00:00,-0.106,1.2,1014.11,9.239999999999998,8.93
2024-04-01 23:00:00,-0.203,0.9199999999999999,1014.64,9.23,9.23
2024-04-02 00:00:00,-0.231,0.63,1015.51,9.53,9.280000000000001
2024-04-02 01:00:00,-0.084,1.1400000000000001,1016.15,9.629999999999999,9.169999999999998
2024-04-02 02:00:00,0.136,0.85,1015.54,9.45,9.16
2024-04-02 03:00:00,0.393,0.76,1015.8299999999999,9.48,9.1
2024-04-02 04:00:00,0.607,1.3,1015.6200000000001,8.92,9.07
2024-04-02 05:00:00,0.812,1.26,1014.7700000000001,8.48,9.0
2024-04-02 06:00:00,0.908,1.3,1014.6200000000001,8.32,9.08
2024-04-02 07:00:00,0.824,1.08,1014.4,8.22,9.03
2024-04-02 08:00:00,0.608,1.6800000000000002,1014.9100000000001,8.3,9.0
2024-04-02 09:00:00,0.368,1.17,1015.03,8.12,8.9
2024-04-02 10:00:00,0.117,2.08,1015.5600000000001,8.09,8.89
2024-04-02 11:00:00,-0.09,2.68,1015.8100000000001,8.25,8.88
2024-04-02 12:00:00,-0.305,3.12,1016.0899999999999,8.03,8.85
2024-04-02 13:00:00,-0.335,3.3200000000000003,1016.0,7.7700000000000005,8.719999999999999
2024-04-02 14:00:00,-0.229,4.34,1015.6299999999999,7.56,8.58
2024-04-02 15:00:00,-0.014,5.55,1014.57,7.42,8.27
2024-04-02 16:00:00,0.247,5.63,1013.6700000000001,7.12,8.38
2024-04-02 17:00:00,0.474,7.55,1012.3299999999999,6.85,8.23
2024-04-02 18:00:00,0.625,7.090000000000001,1012.4799999999999,6.659999999999999,8.18
2024-04-02 19:00:00,0.705,7.359999999999999,1012.0,6.67,8.11
2024-04-02 20:00:00,0.615,8.47,1010.9200000000001,6.57,8.09
2024-04-02 21:00:00,0.478,7.38,1011.36,6.63,7.85
2024-04-02 22:00:00,0.296,7.58,1011.07,6.76,7.9
2024-04-02 23:00:00,0.084,7.19,1012.1200000000001,6.85,7.9
2024-04-03 00:00:00,-0.06,7.109999999999999,1013.0799999999999,6.76,7.959999999999999
2024-04-03 01:00:00,-0.12,8.23,1012.65,6.68,8.0
2024-04-03 02:00:00,0.173,8.83,1012.22,6.88,8.0
2024-04-03 03:00:00,0.4,9.0,1011.29,6.87,7.7700000000000005
2024-04-03 04:00:00,0.595,9.48,1011.2299999999999,6.94,7.57
2024-04-03 05:00:00,0.775,9.379999999999999,1010.3799999999999,6.69,7.5
2024-04-03 06:00:00,0.931,9.75,1009.4100000000001,6.38,7.5
2024-04-03 07:00:00,1.163,9.389999999999999,1009.24,6.33,7.5
2024-04-03 08:00:00,1.199,9.59,1008.8299999999999,6.29,7.5
2024-04-03 09:00:00,1.023,9.93,1008.61,6.08,7.5
2024-04-03 10:00:00,0.825,9.9,1007.82,6.07,7.5
2024-04-03 11:00:00,0.513,10.48,1007.3100000000001,6.16,7.5
2024-04-03 12:00:00,0.267,10.16,1007.6,6.36,7.5
2024-04-03 14:00:00,0.089,12.42,1006.6,5.6,7.45
2024-04-03 15:00:00,0.388,11.3,1006.36,5.529999999999999,7.410000000000001
2024-04-03 16:00:00,0.638,11.75,1005.61,5.42,7.540000000000001
2024-04-03 17:00:00,0.828,12.459999999999999,1004.2700000000001,5.42,7.5
2024-04-03 18:00:00,0.936,12.01,1002.25,5.42,7.5
2024-04-03 19:00:00,1.158,12.5,1000.8399999999999,5.529999999999999,7.5
2024-04-03 20:00:00,1.318,13.059999999999999,999.6600000000001,5.59,7.5
2024-04-03 21:00:00,1.365,12.64,999.2,5.46,7.44
2024-04-03 22:00:00,1.284,13.830000000000002,998.46,5.63,7.4
2024-04-03 23:00:00,1.133,14.64,997.74,5.930000000000001,7.4
2024-04-04 00:00:00,0.975,14.15,996.95,5.79,7.4
2024-04-04 01:00:00,0.688,14.309999999999999,995.01,5.93,7.4
2024-04-04 02:00:00,0.536,14.190000000000001,994.0899999999999,5.86,7.4
2024-04-04 03:00:00,0.594,11.48,993.21,5.82,7.4
2024-04-04 04:00:00,0.731,9.49,992.5799999999999,5.71,7.35
2024-04-04 05:00:00,1.057,7.37,992.47,5.529999999999999,7.37
2024-04-04 06:00:00,1.391,5.6899999999999995,992.8700000000001,5.35,7.32
2024-04-04 07:00:00,1.526,9.41,993.4200000000001,4.84,7.4
2024-04-04 08:00:00,1.517,9.6,992.7,3.5199999999999996,7.35
2024-04-04 09:00:00,1.227,7.909999999999999,992.01,3.62,7.3
2024-04-04 10:00:00,1.016,8.23,993.82,3.9,7.3
2024-04-04 11:00:00,0.919,6.659999999999999,994.5600000000001,4.0,7.209999999999999
2024-04-04 12:00:00,0.868,6.08,994.78,4.42,7.2
2024-04-04 13:00:00,0.527,5.85,995.2,5.07,7.26
2024-04-04 14:00:00,0.118,5.2,995.9100000000001,5.279999999999999,7.3
2024-04-04 15:00:00,-0.045,5.09,996.6300000000001,5.66,7.340000000000001
2024-04-04 16:00:00,-0.005,4.82,996.89,6.3,7.4
2024-04-04 17:00:00,0.272,4.13,997.03,7.090000000000001,7.460000000000001
2024-04-04 18:00:00,0.561,3.35,997.0799999999999,7.9,7.959999999999999
2024-04-04 19:00:00,0.796,2.81,996.9200000000001,8.7,7.910000000000001
2024-04-04 20:00:00,0.96,2.83,997.3700000000001,8.629999999999999,7.9
2024-04-04 21:00:00,1.035,3.4625,997.6625,8.7625,7.85
2024-04-04 22:00:00,0.94,1.06,998.28,8.3,7.790000000000001
2024-04-04 23:00:00,0.701,2.3,998.8100000000001,7.51,7.74
2024-04-05 00:00:00,0.398,2.06,1000.01,6.57,7.7
2024-04-05 01:00:00,0.07,1.64,1000.61,5.2700000000000005,7.709999999999999
2024-04-05 02:00:00,-0.168,1.6600000000000001,1000.6,5.24,7.8
2024-04-05 03:00:00,-0.309,0.9199999999999999,1000.65,5.43,7.8
2024-04-05 04:00:00,-0.224,0.93,1000.86,5.67,7.83
2024-04-05 05:00:00,0.03,2.2199999999999998,1001.1600000000001,5.43,7.859999999999999
2024-04-05 06:00:00,0.408,3.1799999999999997,1001.46,4.87,7.9
2024-04-05 07:00:00,0.748,3.0100000000000002,1001.8699999999999,4.57,7.85
2024-04-05 08:00:00,0.972,4.0200000000000005,1001.97,4.54,7.81
2024-04-05 09:00:00,1.105,6.17,1002.5200000000001,4.6899999999999995,7.83
2024-04-05 10:00:00,1.067,7.56,1003.0,4.92,7.9
2024-04-05 11:00:00,0.898,7.62,1003.54,5.2,7.859999999999999
2024-04-05 12:00:00,0.642,7.779999999999999,1003.75,5.3,7.76
2024-04-05 13:00:00,0.279,8.47,1004.05,5.529999999999999,7.779999999999999
2024-04-05 14:00:00,-0.094,9.52,1004.4100000000001,6.01,7.82
2024-04-05 15:00:00,-0.371,9.05,1004.45,6.39,7.959999999999999
2024-04-05 16:00:00,-0.498,9.36,1004.3699999999999,6.88,8.02
2024-04-05 17:00:00,-0.383,8.4,1004.4399999999999,7.38,8.11
2024-04-05 18:00:00,-0.04,10.010000000000002,1004.46,7.7299999999999995,8.23
2024-04-05 19:00:00,0.392,10.28,1004.68,8.0,8.3
2024-04-05 20:00:00,0.718,8.7,1005.0600000000001,8.209999999999999,8.3
2024-04-05 21:00:00,0.951,10.02,1005.6,8.16,8.3
2024-04-05 22:00:00,1.015,9.209999999999999,1006.3399999999999,8.139999999999999,8.2
2024-04-05 23:00:00,0.857,8.61,1006.76,8.19,8.2
2024-04-06 00:00:00,0.578,9.33,1007.3299999999999,7.87,8.169999999999998
2024-04-06 01:00:00,0.244,9.36,1007.9100000000001,7.359999999999999,8.1
2024-04-06 02:00:00,-0.083,9.91,1007.9799999999999,6.68,7.9799999999999995
2024-04-06 03:00:00,-0.379,8.85,1008.1800000000001,6.11,7.94
2024-04-06 04:00:00,-0.563,8.59,1008.1700000000001,5.779999999999999,7.7
2024-04-06 05:00:00,-0.554,8.27,1007.95,5.7,7.6
2024-04-06 06:00:00,-0.286,8.370000000000001,1007.7,5.7,7.6
2024-04-06 07:00:00,0.136,9.34,1007.51,5.6899999999999995,7.6
2024-04-06 08:00:00,0.567,8.45,1007.64,5.529999999999999,7.6
2024-04-06 09:00:00,0.891,8.68,1007.95,5.49,7.6
2024-04-06 10:00:00,1.08,8.27,1008.26,5.37,7.540000000000001
2024-04-06 11:00:00,1.073,8.120000000000001,1008.6600000000001,5.41,7.529999999999999
2024-04-06 12:00:00,0.87,7.7,1008.93,5.87,7.5
2024-04-06 13:00:00,0.48,7.31,1008.9399999999999,7.01,7.5
2024-04-06 14:00:00,0.038,6.3,1009.65,6.790000000000001,7.5
2024-04-06 15:00:00,-0.329,5.08,1009.9,6.959999999999999,7.55
2024-04-06 16:00:00,-0.611,6.33,1009.8799999999999,8.41,7.65
2024-04-06 17:00:00,-0.665,5.279999999999999,1010.0799999999999,9.35,7.88
2024-04-06 18:00:00,-0.417,5.23,1009.9100000000001,10.01,8.01
2024-04-06 19:00:00,0.051,4.33,1010.01,10.02,7.720000000000001
2024-04-06 20:00:00,0.552,4.84,1010.35,10.18,7.720000000000001
2024-04-06 21:00:00,0.911,5.74,1010.78,10.32,7.68
2024-04-06 22:00:00,1.17,5.5,1011.3399999999999,10.129999999999999,8.01
2024-04-06 23:00:00,1.255,5.5600000000000005,1012.26,9.92,8.07
2024-04-07 00:00:00,1.113,4.4799999999999995,1012.9,9.66,8.08
2024-04-07 01:00:00,0.818,5.26,1013.6200000000001,8.940000000000001,8.01
2024-04-07 02:00:00,0.388,4.779999999999999,1014.14,8.35,7.7
2024-04-07 03:00:00,-0.034,4.42,1014.55,8.16,7.7
2024-04-07 04:00:00,-0.354,6.5,1015.0,7.720000000000001,7.76
2024-04-07 05:00:00,-0.521,6.7,1015.5200000000001,7.2299999999999995,7.659999999999999
2024-04-07 06:00:00,-0.463,4.29,1015.4,6.99,7.7
2024-04-07 07:00:00,-0.152,3.34,1015.45,6.85,7.68
2024-04-07 08:00:00,0.296,3.62,1015.75,6.7299999999999995,7.65
2024-04-07 09:00:00,0.75,3.4799999999999995,1016.18,6.57,7.7
2024-04-07 10:00:00,1.129,3.96,1016.9100000000001,6.43,7.659999999999999
2024-04-07 11:00:00,1.323,4.4799999999999995,1017.78,6.3,7.42
2024-04-07 12:00:00,1.271,3.6799999999999997,1018.2700000000001,6.18,7.4
2024-04-07 13:00:00,0.976,4.23,1018.5,6.9799999999999995,7.410000000000001
2024-04-07 14:00:00,0.503,4.2700000000000005,1018.9100000000001,7.4,7.5
2024-04-07 15:00:00,0.024,4.35,1019.11,8.28,7.6
2024-04-07 16:00:00,-0.336,4.58,1018.7333333333333,9.45,7.640000000000001
2024-04-07 17:00:00,-0.568,4.61,1018.5799999999999,10.52,7.88
2024-04-07 18:00:00,-0.582,3.56,1018.4200000000001,11.22,8.040000000000001
2024-04-07 19:00:00,-0.288,3.1900000000000004,1017.99,12.2,8.290000000000001
2024-04-07 20:00:00,0.154,2.4899999999999998,1017.97,12.180000000000001,7.840000000000001
2024-04-07 21:00:00,0.633,3.7399999999999998,1018.3299999999999,11.040000000000001,7.790000000000001
2024-04-07 22:00:00,1.022,5.7299999999999995,1018.8299999999999,8.92,8.01
2024-04-07 23:00:00,1.314,5.16,1019.39,8.14,8.47
2024-04-08 00:00:00,1.4,5.62,1020.11,7.87,8.57
2024-04-08 01:00:00,1.237,4.33,1020.57,7.779999999999999,8.68
2024-04-08 02:00:00,0.793,3.85,1020.8299999999999,7.65,8.7
2024-04-08 03:00:00,0.263,3.02,1021.4799999999999,7.459999999999999,8.65
2024-04-08 04:00:00,-0.197,3.19,1022.03,7.43,8.61
2024-04-08 05:00:00,-0.497,4.4,1022.05,7.3,8.6
2024-04-08 06:00:00,-0.619,5.61,1021.9100000000001,7.089999999999999,8.43
2024-04-08 07:00:00,-0.502,4.83,1021.7,6.9799999999999995,8.139999999999999
2024-04-08 08:00:00,-0.149,5.0200000000000005,1021.9,6.65,8.2
2024-04-08 09:00:00,0.274,3.9200000000000004,1022.04,6.56,8.1
2024-04-08 10:00:00,0.709,3.59,1022.36,6.720000000000001,8.09
2024-04-08 11:00:00,1.068,4.04,1022.96,7.15,7.95
2024-04-08 12:00:00,1.272,4.13,1023.29,7.43,7.92
2024-04-08 13:00:00,1.195,2.7,1023.3,8.129999999999999,7.9
2024-04-08 14:00:00,0.858,1.8399999999999999,1023.28,9.27,8.139999999999999
2024-04-08 15:00:00,0.365,1.86,1023.0,10.3,8.040000000000001
2024-04-08 16:00:00,-0.105,1.01,1022.5200000000001,11.89,8.309999999999999
2024-04-08 17:00:00,-0.488,2.2800000000000002,1021.8299999999999,14.11,8.27
2024-04-08 18:00:00,-0.725,3.1399999999999997,1020.76,14.23,8.209999999999999
2024-04-08 19:00:00,-0.681,5.5200000000000005,1019.9799999999999,12.14,8.45
2024-04-08 20:00:00,-0.314,5.970000000000001,1019.8799999999999,11.3,8.57
2024-04-08 21:00:00,0.211,5.0,1019.78,11.93,8.35
2024-04-08 22:00:00,0.763,3.09,1019.72,11.93,9.03
2024-04-08 23:00:00,1.187,3.35,1019.54,11.78,9.169999999999998
2024-04-09 00:00:00,1.407,3.3666666666666667,1019.5555555555555,11.666666666666666,8.077777777777778
2024-04-09 01:00:00,1.411,3.4000000000000004,1019.5333333333333,11.488888888888889,8.255555555555555
2024-04-09 02:00:00,1.12,3.08,1019.1600000000001,11.83,9.16
2024-04-09 03:00:00,0.681,3.2,1018.86,11.940000000000001,8.739999999999998
2024-04-09 04:00:00,0.215,2.29,1018.8799999999999,11.18,9.09
2024-04-09 05:00:00,-0.213,0.6799999999999999,1018.71,11.16,9.2
2024-04-09 06:00:00,-0.536,0.8099999999999999,1018.36,11.67,9.09
2024-04-09 07:00:00,-0.71,0.32999999999999996,1018.1299999999999,10.85,8.940000000000001
2024-04-09 08:00:00,-0.601,1.08,1017.5,10.47,8.73
2024-04-09 09:00:00,-0.228,1.48,1017.07,9.33,8.669999999999998
2024-04-09 10:00:00,0.299,1.52,1017.8399999999999,9.11,8.43
2024-04-09 11:00:00,0.772,2.42,1018.55,9.76,8.53
2024-04-09 12:00:00,1.121,2.0100000000000002,1018.46,10.09,8.809999999999999
2024-04-09 13:00:00,1.248,2.3,1018.4777777777776,11.2,8.655555555555557
2024-04-09 14:00:00,1.082,1.59,1018.22,13.12,8.23
2024-04-09 15:00:00,0.675,2.21,1017.95,15.180000000000001,8.48
2024-04-09 16:00:00,0.169,2.27,1018.07,15.85,8.55
2024-04-09 17:00:00,-0.257,3.4200000000000004,1018.0899999999999,17.94,9.26
2024-04-09 18:00:00,-0.601,4.33,1017.4799999999999,19.29,10.08
2024-04-09 19:00:00,-0.795,5.0,1016.78,18.380000000000003,10.08
2024-04-09 20:00:00,-0.706,5.43,1016.3,17.85,9.809999999999999
2024-04-09 21:00:00,-0.28,6.63,1016.3399999999999,17.25,9.1
2024-04-09 22:00:00,0.285,6.4799999999999995,1016.93,15.41,9.059999999999999
2024-04-09 23:00:00,0.808,5.6,1016.89,15.419999999999998,9.030000000000001
2024-04-10 00:00:00,1.189,4.96,1016.96,15.91,9.75
2024-04-10 01:00:00,1.38,5.74,1016.8299999999999,15.09,9.61
2024-04-10 02:00:00,1.324,4.7,1016.8700000000001,14.66,8.78
2024-04-10 03:00:00,1.032,4.35,1017.0200000000001,15.069999999999999,10.35
2024-04-10 04:00:00,0.59,1.7600000000000002,1016.8,14.190000000000001,10.36
2024-04-10 05:00:00,0.151,1.97,1016.7299999999999,12.24,10.209999999999999
2024-04-10 06:00:00,-0.254,4.3100000000000005,1017.07,9.790000000000001,10.15
2024-04-10 07:00:00,-0.553,3.78,1016.79,9.17,9.73
2024-04-10 08:00:00,-0.666,3.3,1016.6700000000001,9.059999999999999,9.59
2024-04-10 09:00:00,-0.485,3.7,1017.4200000000001,8.940000000000001,9.24
2024-04-10 10:00:00,-0.057,3.9299999999999997,1017.96,8.93,9.03
2024-04-10 11:00:00,0.438,3.87,1018.0799999999999,9.290000000000001,8.61
2024-04-10 12:00:00,0.863,4.38,1018.1600000000001,9.5,8.440000000000001
2024-04-10 13:00:00,1.153,4.790000000000001,1017.9799999999999,9.15,8.83
2024-04-10 14:00:00,1.217,4.14,1018.3399999999999,9.559999999999999,9.33
2024-04-10 15:00:00,1.028,3.88,1018.43,9.809999999999999,9.41
2024-04-10 16:00:00,0.612,4.64,1018.0899999999999,10.03,8.88
2024-04-10 17:00:00,0.143,4.68,1017.51,10.0,8.74
2024-04-10 18:00:00,-0.244,4.37,1017.0899999999999,10.129999999999999,8.69
2024-04-10 19:00:00,-0.514,4.29,1016.51,9.82,8.559999999999999
2024-04-10 20:00:00,-0.621,4.63,1016.3799999999999,9.7,8.5
2024-04-10 21:00:00,-0.448,4.65,1016.64,9.61,8.639999999999999
2024-04-10 22:00:00,0.004,4.25,1016.89,9.28,8.97
2024-04-10 23:00:00,0.553,3.7,1016.61,9.09,8.84
2024-04-11 00:00:00,0.983,3.0100000000000002,1017.25,9.040000000000001,8.719999999999999
2024-04-11 01:00:00,1.255,4.0,1017.5899999999999,9.03,8.8
2024-04-11 02:00:00,1.367,3.21,1017.89,9.129999999999999,9.1
2024-04-11 03:00:00,1.314,3.2700000000000005,1017.6600000000001,8.89,9.459999999999999
2024-04-11 04:00:00,1.024,2.3600000000000003,1017.9,8.88,9.47
2024-04-11 05:00:00,0.557,2.38,1017.6,8.74,9.01
2024-04-11 06:00:00,0.091,2.06,1017.1299999999999,8.639999999999999,8.89
2024-04-11 07:00:00,-0.306,2.46,1016.57,8.7,9.15
2024-04-11 08:00:00,-0.599,2.58,1016.2,8.860000000000001,9.17
2024-04-11 09:00:00,-0.61,3.02,1015.9200000000001,8.8,9.040000000000001
2024-04-11 10:00:00,-0.327,3.38,1016.07,8.66,9.22
2024-04-11 11:00:00,0.112,4.25,1016.11,8.540000000000001,9.219999999999999
2024-04-11 12:00:00,0.519,5.14,1016.5,8.41,8.98
2024-04-11 13:00:00,0.833,5.05,1016.4799999999999,8.459999999999999,8.8
2024-04-11 14:00:00,1.04,5.279999999999999,1016.32,8.870000000000001,8.709999999999999
2024-04-11 15:00:00,1.051,4.92,1015.7299999999999,9.83,8.7
2024-04-11 16:00:00,0.832,4.58,1015.2,10.65,9.040000000000001
2024-04-11 17:00:00,0.476,4.84,1013.93,10.959999999999999,9.540000000000001
2024-04-11 18:00:00,0.101,6.029999999999999,1013.3700000000001,11.45,9.309999999999999
2024-04-11 19:00:00,-0.236,4.9399999999999995,1012.57,12.01,8.95
2024-04-11 20:00:00,-0.444,4.1,1011.8399999999999,11.92,8.8
2024-04-11 21:00:00,-0.531,5.65,1011.1899999999999,12.45,8.85
2024-04-11 22:00:00,-0.293,6.0200000000000005,1010.05,12.45,9.39
2024-04-11 23:00:00,0.167,7.859999999999999,1008.76,12.819999999999999,9.53
2024-04-12 00:00:00,0.705,8.83,1008.4,12.2,9.7
2024-04-12 01:00:00,1.132,8.709999999999999,1008.07,12.23,9.7
2024-04-12 02:00:00,1.348,8.57,1007.18,12.17,9.7
2024-04-12 03:00:00,1.415,9.09,1006.0600000000001,12.58,9.7
2024-04-12 04:00:00,1.304,10.379999999999999,1004.5600000000001,12.65,9.74
2024-04-12 05:00:00,1.028,9.95,1003.71,12.47,9.8
2024-04-12 06:00:00,0.636,10.27,1001.29,12.559999999999999,9.85
2024-04-12 07:00:00,0.24,10.52,999.78,12.58,9.95
2024-04-12 08:00:00,-0.092,12.32,998.3399999999999,13.180000000000001,9.97
2024-04-12 09:00:00,-0.214,14.12,997.89,14.080000000000002,9.9
2024-04-12 10:00:00,-0.147,11.27,996.76,13.790000000000001,9.9
2024-04-12 11:00:00,0.064,9.959999999999999,996.72,12.72,9.940000000000001
2024-04-12 12:00:00,0.275,7.92,995.93,11.93,10.0
2024-04-12 13:00:00,0.582,7.0200000000000005,995.5200000000001,11.540000000000001,10.0
2024-04-12 14:00:00,0.889,5.8100000000000005,994.7700000000001,12.190000000000001,10.0
2024-04-12 15:00:00,1.152,7.709999999999999,993.3299999999999,13.069999999999999,10.02
2024-04-12 16:00:00,1.197,8.51,993.51,13.52,10.16
2024-04-12 17:00:00,0.978,11.120000000000001,994.6899999999999,13.39,10.540000000000001
2024-04-12 18:00:00,0.574,10.35,995.47,14.23,10.629999999999999
2024-04-12 19:00:00,0.133,9.940000000000001,996.6,14.969999999999999,10.95
2024-04-12 20:00:00,-0.166,9.18,997.25,15.430000000000001,11.1
2024-04-12 21:00:00,-0.392,9.620000000000001,997.6899999999999,16.16,11.05
2024-04-12 22:00:00,-0.348,9.72,998.1700000000001,16.37,11.1
2024-04-12 23:00:00,-0.075,7.49,998.9100000000001,15.940000000000001,11.1
2024-04-13 00:00:00,0.43,7.15,1000.03,13.919999999999998,11.05
2024-04-13 01:00:00,0.762,4.64,1000.4799999999999,13.559999999999999,10.91
2024-04-13 02:00:00,0.98,4.220000000000001,1000.5,13.040000000000001,10.780000000000001
2024-04-13 03:00:00,1.103,7.87,1000.51,13.24,10.4
2024-04-13 04:00:00,1.165,6.3100000000000005,1000.36,12.620000000000001,10.709999999999999
2024-04-13 05:00:00,1.049,7.040000000000001,1000.03,12.34,10.8
2024-04-13 06:00:00,0.801,9.620000000000001,999.7299999999999,12.87,10.77
2024-04-13 07:00:00,0.364,11.89,999.9200000000001,12.0,10.709999999999999
2024-04-13 08:00:00,-0.063,12.819999999999999,1000.14,11.05,10.7
2024-04-13 09:00:00,-0.379,14.24,1000.95,10.18,10.65
2024-04-13 10:00:00,-0.575,12.0,1001.95,9.73,10.6
2024-04-13 11:00:00,-0.516,13.25,1002.61,9.61,10.51
2024-04-13 12:00:00,-0.344,13.87,1003.24,9.440000000000001,10.45
2024-04-13 13:00:00,-0.092,13.969999999999999,1003.96,9.12,10.39
2024-04-13 14:00:00,0.229,13.819999999999999,1004.72,9.34,10.280000000000001
2024-04-13 15:00:00,0.47,11.959999999999999,1005.0899999999999,9.64,10.2
2024-04-13 16:00:00,0.564,13.16,1005.2,10.17,10.18
2024-04-13 17:00:00,0.59,14.13,1005.2300000000001,10.77,10.1
2024-04-13 18:00:00,0.405,16.3,1005.5600000000001,10.790000000000001,10.1
2024-04-13 19:00:00,0.07,15.45,1005.93,10.92,10.15
2024-04-13 20:00:00,-0.246,12.830000000000002,1006.21,11.45,10.2
2024-04-13 21:00:00,-0.486,13.530000000000001,1006.74,12.190000000000001,10.2
2024-04-13 22:00:00,-0.591,13.74,1007.57,12.190000000000001,10.2
2024-04-13 23:00:00,-0.525,11.84,1009.0600000000001,11.65,10.12
2024-04-14 00:00:00,-0.28,10.766666666666667,1010.2555555555555,11.3,10.022222222222222
2024-04-14 01:00:00,0.058,9.059999999999999,1011.32,11.09,9.940000000000001
2024-04-14 02:00:00,0.42,6.85,1012.0,10.78,9.9
2024-04-14 03:00:00,0.659,7.390000000000001,1012.6899999999999,10.77,9.870000000000001
2024-04-14 04:00:00,0.752,8.95,1012.97,10.65,9.8
2024-04-14 05:00:00,0.782,9.76,1013.1700000000001,10.6,9.8
2024-04-14 06:00:00,0.646,8.95,1013.47,10.360000000000001,9.7
2024-04-14 07:00:00,0.381,7.43,1013.9100000000001,10.07,9.639999999999999
2024-04-14 08:00:00,0.005,7.390000000000001,1014.18,9.84,9.6
2024-04-14 09:00:00,-0.302,6.88,1014.4799999999999,9.7,9.6
2024-04-14 10:00:00,-0.495,7.290000000000001,1014.7,10.03,9.51
2024-04-14 11:00:00,-0.558,8.059999999999999,1015.3299999999999,10.75,9.32
2024-04-14 12:00:00,-0.492,6.56,1015.96,11.44,9.31
2024-04-14 13:00:00,-0.285,5.5,1015.24,12.71,9.620000000000001
2024-04-14 14:00:00,-0.032,7.06,1014.3700000000001,14.280000000000001,9.98
2024-04-14 15:00:00,0.214,6.859999999999999,1013.85,15.13,10.209999999999999
2024-04-14 16:00:00,0.426,6.09,1012.8700000000001,16.16,10.459999999999999
2024-04-14 17:00:00,0.577,5.2700000000000005,1011.36,16.65,10.5
2024-04-14 18:00:00,0.596,7.85,1008.1899999999999,14.969999999999999,10.57
2024-04-14 19:00:00,0.482,8.190000000000001,1006.71,18.15,10.540000000000001
2024-04-14 20:00:00,0.248,9.07,1005.6200000000001,19.509999999999998,10.69
2024-04-14 21:00:00,-0.025,8.84,1004.8399999999999,20.1,10.8
2024-04-14 22:00:00,-0.178,9.6,1004.29,20.509999999999998,10.940000000000001
2024-04-14 23:00:00,-0.25,5.42,1004.65,20.4,11.0
2024-04-15 00:00:00,-0.213,2.37,1005.71,14.209999999999999,10.91
2024-04-15 01:00:00,-0.052,4.720000000000001,1008.89,13.98,10.9
2024-04-15 02:00:00,0.186,8.28,1007.74,15.16,10.89
2024-04-15 03:00:00,0.362,6.4,1006.7299999999999,15.02,10.95
2024-04-15 04:00:00,0.562,5.11,1007.9799999999999,13.91,10.959999999999999
2024-04-15 05:00:00,0.756,4.84,1008.2,14.23,10.9
2024-04-15 06:00:00,0.844,2.71,1007.4799999999999,14.74,10.9
2024-04-15 07:00:00,0.79,1.49,1007.5,15.419999999999998,10.9
2024-04-15 08:00:00,0.554,2.37,1007.6600000000001,15.0,10.9
2024-04-15 09:00:00,0.245,4.11,1007.8799999999999,14.65,10.92
2024-04-15 10:00:00,-0.06,3.08,1008.29,14.98,10.9
2024-04-15 11:00:00,-0.298,2.57,1009.24,14.27,10.870000000000001
2024-04-15 12:00:00,-0.321,3.63,1010.0600000000001,13.91,10.8
2024-04-15 13:00:00,-0.191,4.9399999999999995,1010.7,14.61,10.85
2024-04-15 14:00:00,-0.016,4.61,1011.22,17.1,10.99
2024-04-15 15:00:00,0.215,1.6800000000000002,1011.03,18.22,11.03
2024-04-15 16:00:00,0.386,2.31,1010.36,21.03,11.1
2024-04-15 17:00:00,0.506,3.45,1010.07,22.490000000000002,11.07
2024-04-15 18:00:00,0.608,4.16,1009.8799999999999,20.64,11.0
2024-04-15 19:00:00,0.612,4.26,1009.57,20.05,11.02
2024-04-15 20:00:00,0.525,2.95,1009.4399999999999,20.2,11.1
2024-04-15 21:00:00,0.321,3.47,1009.64,18.369999999999997,11.629999999999999
2024-04-15 22:00:00,0.123,2.27,1009.6600000000001,18.07,12.059999999999999
2024-04-15 23:00:00,-0.034,2.23,1009.97,16.259999999999998,11.91
2024-04-16 00:00:00,-0.143,2.19,1011.05,18.05,12.02
2024-04-16 01:00:00,-0.126,1.6300000000000001,1011.9,17.59,12.05
2024-04-16 02:00:00,0.025,3.9299999999999997,1013.5,14.919999999999998,12.190000000000001
2024-04-16 03:00:00,0.291,5.59,1015.1600000000001,15.4,12.32
2024-04-16 04:00:00,0.552,5.37,1016.72,14.530000000000001,12.3
2024-04-16 05:00:00,0.715,3.96,1017.5,13.9,12.17
2024-04-16 06:00:00,0.773,3.09,1017.7299999999999,13.190000000000001,12.02
2024-04-16 07:00:00,0.725,3.0100000000000002,1018.3399999999999,13.059999999999999,12.11
2024-04-16 08:00:00,0.572,2.44,1018.71,12.040000000000001,12.15
2024-04-16 09:00:00,0.373,3.05,1019.1200000000001,11.559999999999999,12.1
2024-04-16 10:00:00,0.198,3.63,1020.11,11.58,12.05
2024-04-16 11:00:00,0.061,4.1,1021.1299999999999,11.95,12.05
2024-04-16 12:00:00,-0.084,5.0200000000000005,1021.5899999999999,12.85,11.92
2024-04-16 13:00:00,-0.294,4.35,1021.8399999999999,13.85,12.0
2024-04-16 14:00:00,-0.325,3.53,1022.0799999999999,15.059999999999999,12.07
2024-04-16 15:00:00,-0.172,3.8333333333333335,1021.9777777777776,15.844444444444443,12.211111111111112
2024-04-16 16:00:00,0.073,4.33,1021.45,16.23,12.38
2024-04-16 17:00:00,0.314,2.94,1021.0200000000001,15.930000000000001,12.51
2024-04-16 18:00:00,0.529,1.8800000000000001,1020.57,16.3,13.16
2024-04-16 19:00:00,0.614,1.8,1019.9399999999999,17.529999999999998,13.669999999999998
2024-04-16 20:00:00,0.615,1.98,1019.61,18.419999999999998,14.64
2024-04-16 21:00:00,0.468,1.16,1019.64,19.05,15.14
2024-04-16 22:00:00,0.235,4.49,1019.55,17.44,15.069999999999999
2024-04-16 23:00:00,0.054,4.9399999999999995,1019.89,16.39,14.85
2024-04-17 00:00:00,-0.068,3.888888888888889,1020.6555555555556,15.5,14.899999999999999
2024-04-17 01:00:00,-0.125,4.18,1021.25,14.709999999999999,14.66
2024-04-17 02:00:00,-0.131,4.66,1021.82,13.830000000000002,14.469999999999999
2024-04-17 03:00:00,-0.03,3.18,1022.11,13.190000000000001,14.430000000000001
2024-04-17 04:00:00,0.146,3.28,1022.32,12.72,14.080000000000002
2024-04-17 05:00:00,0.355,1.65,1021.97,11.75,14.080000000000002
2024-04-17 06:00:00,0.562,1.69,1021.7,10.89,13.559999999999999
2024-04-17 07:00:00,0.693,1.9600000000000002,1021.71,10.89,12.98
2024-04-17 08:00:00,0.722,2.73,1021.99,11.629999999999999,12.77
2024-04-17 09:00:00,0.603,0.47000000000000003,1022.14,10.78,12.830000000000002
2024-04-17 10:00:00,0.386,0.25,1022.3700000000001,10.72,12.940000000000001
2024-04-17 11:00:00,0.136,1.51,1022.4100000000001,11.78,13.0
2024-04-17 12:00:00,-0.102,1.4555555555555555,1022.5444444444444,12.7,13.0
2024-04-17 13:00:00,-0.288,4.9,1022.3700000000001,11.959999999999999,13.069999999999999
2024-04-17 14:00:00,-0.37,7.339999999999999,1022.29,10.669999999999998,12.830000000000002
2024-04-17 15:00:00,-0.269,7.277777777777778,1022.311111111111,10.377777777777778,12.466666666666667
2024-04-17 16:00:00,-0.038,6.95,1021.7700000000001,10.190000000000001,12.32
2024-04-17 17:00:00,0.186,6.220000000000001,1021.28,9.89,12.51
2024-04-17 18:00:00,0.413,5.93,1020.74,9.540000000000001,12.62
2024-04-17 19:00:00,0.554,5.5,1020.03,9.28,12.58
2024-04-17 20:00:00,0.652,5.85,1019.64,9.03,12.51
2024-04-17 21:00:00,0.657,5.9799999999999995,1018.54,9.18,12.290000000000001
2024-04-17 22:00:00,0.558,5.01,1018.46,9.370000000000001,12.040000000000001
2024-04-17 23:00:00,0.388,5.01,1018.3,9.629999999999999,11.52
2024-04-18 00:00:00,0.201,5.65,1018.2299999999999,9.57,10.459999999999999
2024-04-18 01:00:00,0.042,6.1,1018.53,9.5,10.49
2024-04-18 02:00:00,-0.11,7.790000000000001,1017.9399999999999,9.43,10.45
2024-04-18 03:00:00,-0.16,7.290000000000001,1017.2,9.17,10.26
2024-04-18 04:00:00,0.007,8.14,1016.6700000000001,9.040000000000001,10.15
2024-04-18 05:00:00,0.289,8.2,1016.0600000000001,8.709999999999999,9.75
2024-04-18 06:00:00,0.61,8.61,1014.9200000000001,8.49,9.27
2024-04-18 07:00:00,0.862,8.78,1014.6,8.34,9.129999999999999
2024-04-18 08:00:00,0.943,8.17,1014.78,8.290000000000001,9.1
2024-04-18 09:00:00,0.932,8.31,1015.14,8.459999999999999,9.370000000000001
2024-04-18 10:00:00,0.801,9.0,1015.53,8.4,9.52
2024-04-18 11:00:00,0.616,7.3,1016.6299999999999,8.58,9.7
2024-04-18 12:00:00,0.387,5.166666666666667,1017.3,8.7125,9.775
2024-04-18 13:00:00,0.168,4.6899999999999995,1017.6899999999999,8.48,9.75
2024-04-18 14:00:00,-0.021,4.9399999999999995,1018.43,8.540000000000001,10.0
2024-04-18 15:00:00,-0.103,4.8100000000000005,1018.96,8.440000000000001,10.290000000000001
2024-04-18 16:00:00,-0.04,6.4,1018.9,7.94,10.45
2024-04-18 17:00:00,0.151,4.7700000000000005,1019.76,7.81,10.72
2024-04-18 18:00:00,0.392,4.18,1020.35,7.99,10.629999999999999
2024-04-18 19:00:00,0.602,6.4799999999999995,1020.1700000000001,7.75,10.1
2024-04-18 20:00:00,0.777,6.75,1020.4799999999999,7.720000000000001,10.01
2024-04-18 21:00:00,0.902,5.83,1020.25,7.859999999999999,10.16
2024-04-18 22:00:00,0.922,5.76,1021.4100000000001,8.129999999999999,10.24
2024-04-18 23:00:00,0.805,4.7700000000000005,1022.25,8.2,10.27
2024-04-19 00:00:00,0.607,4.74,1022.04,7.7700000000000005,10.35
2024-04-19 01:00:00,0.405,3.5799999999999996,1022.35,7.75,10.5
2024-04-19 02:00:00,0.228,3.15,1022.7700000000001,7.95,10.5
2024-04-19 03:00:00,0.008,3.62,1022.5799999999999,7.959999999999999,10.5
2024-04-19 04:00:00,-0.089,4.38,1021.85,7.890000000000001,10.45
2024-04-19 05:00:00,0.041,3.91,1021.7700000000001,7.8,10.39
2024-04-19 06:00:00,0.331,3.3600000000000003,1021.5799999999999,7.640000000000001,10.31
2024-04-19 07:00:00,0.623,2.7800000000000002,1021.4399999999999,7.609999999999999,10.4
2024-04-19 08:00:00,0.786,2.6399999999999997,1021.35,7.5,10.4
2024-04-19 09:00:00,0.874,2.57,1022.35,7.67,10.26
2024-04-19 10:00:00,0.856,2.9,1022.6200000000001,7.9,10.05
2024-04-19 11:00:00,0.707,4.05,1022.28,8.17,10.0
2024-04-19 12:00:00,0.47,5.2700000000000005,1021.85,8.43,10.0
2024-04-19 13:00:00,0.225,5.07,1022.1200000000001,8.440000000000001,10.129999999999999
2024-04-19 14:00:00,-0.012,5.3,1022.3100000000001,8.540000000000001,10.2
2024-04-19 15:00:00,-0.224,4.8,1022.0799999999999,8.65,10.25
2024-04-19 16:00:00,-0.284,5.220000000000001,1021.21,8.68,10.3
2024-04-19 17:00:00,-0.133,4.779999999999999,1020.93,8.6,10.47
2024-04-19 18:00:00,0.101,4.42,1020.6200000000001,8.709999999999999,10.870000000000001
2024-04-19 19:00:00,0.34,2.71,1020.74,8.66,11.0
2024-04-19 20:00:00,0.574,4.9,1019.7299999999999,8.66,11.0
2024-04-19 21:00:00,0.76,5.09,1019.1200000000001,8.51,11.0
2024-04-19 22:00:00,0.904,5.12,1018.86,8.3,11.0
2024-04-19 23:00:00,0.937,3.71,1019.0,8.209999999999999,11.09
2024-04-20 00:00:00,0.739,3.0,1019.46,8.219999999999999,10.959999999999999
2024-04-20 01:00:00,0.468,3.08,1019.25,8.32,10.9
2024-04-20 02:00:00,0.147,2.23,1019.05,8.32,10.830000000000002
2024-04-20 03:00:00,-0.082,2.9,1018.32,8.35,10.8
2024-04-20 04:00:00,-0.213,2.6599999999999997,1017.86,8.459999999999999,10.8
2024-04-20 05:00:00,-0.214,2.94,1017.8,8.61,10.780000000000001
2024-04-20 06:00:00,0.008,3.2,1016.8799999999999,8.709999999999999,10.629999999999999
2024-04-20 07:00:00,0.288,2.55,1016.1899999999999,8.860000000000001,10.6
2024-04-20 08:00:00,0.594,2.4899999999999998,1015.7700000000001,9.040000000000001,10.559999999999999
2024-04-20 09:00:00,0.788,2.98,1015.75,9.15,10.49
2024-04-20 10:00:00,0.884,2.7199999999999998,1015.8799999999999,9.209999999999999,10.4
2024-04-20 11:00:00,0.831,2.5,1016.1600000000001,9.22,10.4
2024-04-20 12:00:00,0.65,1.73,1015.99,9.330000000000002,10.4
2024-04-20 13:00:00,0.385,2.16,1015.45,9.76,10.4
2024-04-20 14:00:00,0.13,3.19,1015.2299999999999,10.65,10.360000000000001
2024-04-20 15:00:00,-0.124,3.37,1014.7299999999999,11.290000000000001,10.4
2024-04-20 16:00:00,-0.29,2.31,1014.1200000000001,12.48,10.459999999999999
2024-04-20 17:00:00,-0.366,1.2899999999999998,1013.14,13.430000000000001,10.51
2024-04-20 18:00:00,-0.225,3.3299999999999996,1012.1700000000001,14.690000000000001,10.620000000000001
2024-04-20 19:00:00,0.089,3.5100000000000002,1011.07,15.180000000000001,10.77
2024-04-20 20:00:00,0.484,5.49,1010.6800000000001,16.32,11.25
2024-04-20 21:00:00,0.769,8.93,1010.6200000000001,16.59,10.85
2024-04-20 22:00:00,0.916,9.2,1010.78,16.5,11.209999999999999
2024-04-20 23:00:00,0.951,9.24,1011.39,16.16,11.42
2024-04-21 00:00:00,0.831,6.7299999999999995,1013.26,13.95,10.97
2024-04-21 01:00:00,0.527,6.209999999999999,1014.9200000000001,12.3,10.8
2024-04-21 02:00:00,0.221,6.5,1016.36,10.809999999999999,10.8
2024-04-21 03:00:00,-0.074,6.88,1017.05,9.790000000000001,10.88
2024-04-21 04:00:00,-0.267,6.890000000000001,1017.6200000000001,8.95,10.9
2024-04-21 05:00:00,-0.392,6.0,1018.04,8.26,10.9
2024-04-21 06:00:00,-0.335,6.34,1017.32,7.76,10.860000000000001
2024-04-21 07:00:00,-0.082,4.2700000000000005,1017.51,7.37,10.8
2024-04-21 08:00:00,0.261,3.53,1017.86,7.0,10.629999999999999
2024-04-21 09:00:00,0.599,3.55,1018.1899999999999,6.82,10.4
2024-04-21 10:00:00,0.817,4.62,1018.39,6.82,10.4
2024-04-21 11:00:00,0.866,4.66,1018.6700000000001,6.87,10.360000000000001
2024-04-21 12:00:00,0.771,4.57,1018.86,7.1,10.3
2024-04-21 13:00:00,0.503,3.0100000000000002,1018.51,7.540000000000001,10.38
2024-04-21 14:00:00,0.156,2.88,1018.4399999999999,7.970000000000001,10.4
2024-04-21 15:00:00,-0.107,4.29,1018.26,8.23,10.43
2024-04-21 16:00:00,-0.312,5.89,1017.3299999999999,8.459999999999999,10.5
2024-04-21 17:00:00,-0.417,6.220000000000001,1016.71,8.75,10.59
2024-04-21 18:00:00,-0.356,6.529999999999999,1016.0,9.3,10.639999999999999
2024-04-21 19:00:00,-0.152,6.16,1014.9200000000001,9.72,10.7
2024-04-21 20:00:00,0.165,7.5200000000000005,1014.0200000000001,10.1,10.77
2024-04-21 21:00:00,0.483,6.590000000000001,1014.1299999999999,10.1,10.8
2024-04-21 22:00:00,0.778,6.12,1014.3799999999999,10.08,10.8
2024-04-21 23:00:00,0.97,5.055555555555555,1014.6222222222223,10.0,10.8
2024-04-22 00:00:00,0.95,4.17,1015.03,9.870000000000001,10.8
2024-04-22 01:00:00,0.721,3.4299999999999997,1015.39,9.709999999999999,10.75
2024-04-22 02:00:00,0.352,3.7299999999999995,1015.53,9.4,10.7
2024-04-22 03:00:00,0.052,4.93,1015.76,9.129999999999999,10.65
2024-04-22 04:00:00,-0.197,5.08,1016.3299999999999,8.67,10.6
2024-04-22 05:00:00,-0.386,6.39,1016.4399999999999,8.38,10.6
2024-04-22 06:00:00,-0.46,5.6899999999999995,1016.43,8.07,10.6
2024-04-22 07:00:00,-0.34,5.5200000000000005,1016.8,7.92,10.6
2024-04-22 08:00:00,0.017,4.96,1017.28,7.76,10.559999999999999
2024-04-22 09:00:00,0.393,4.93,1017.5799999999999,7.49,10.330000000000002
2024-04-22 10:00:00,0.633,5.71,1018.07,7.409999999999999,10.3
2024-04-22 11:00:00,0.746,6.4,1018.68,7.409999999999999,10.2
2024-04-22 12:00:00,0.755,6.779999999999999,1019.0600000000001,7.43,10.2
2024-04-22 13:00:00,0.615,5.82,1019.2,8.02,10.2
2024-04-22 14:00:00,0.356,4.5200000000000005,1019.39,9.02,10.2
2024-04-22 15:00:00,0.034,3.21,1019.43,10.0,10.209999999999999
2024-04-22 16:00:00,-0.25,3.7600000000000002,1019.25,11.040000000000001,10.3
2024-04-22 17:00:00,-0.447,3.02,1019.0600000000001,11.82,10.330000000000002
2024-04-22 18:00:00,-0.513,1.5,1018.79,12.209999999999999,10.48
2024-04-22 19:00:00,-0.321,1.54,1018.3100000000001,12.7,11.059999999999999
2024-04-22 20:00:00,0.029,2.05,1017.96,13.440000000000001,11.059999999999999
2024-04-22 21:00:00,0.438,2.44,1017.9799999999999,13.719999999999999,11.14
2024-04-22 22:00:00,0.75,7.95,1018.39,10.84,11.33
2024-04-22 23:00:00,0.96,7.94,1018.9399999999999,10.42,11.870000000000001
2024-04-23 00:00:00,1.035,7.07,1019.75,9.98,11.55
2024-04-23 01:00:00,0.909,5.95,1020.6200000000001,9.7,11.42
2024-04-23 02:00:00,0.638,3.81,1021.05,9.53,11.5
2024-04-23 03:00:00,0.291,3.0,1021.3799999999999,9.34,11.440000000000001
2024-04-23 04:00:00,-0.021,2.25,1021.3799999999999,9.17,11.4
2024-04-23 05:00:00,-0.295,2.33,1021.3799999999999,9.05,11.4
2024-04-23 06:00:00,-0.463,3.15,1021.4,8.59,11.4
2024-04-23 07:00:00,-0.44,3.59,1021.5200000000001,8.41,11.360000000000001
2024-04-23 08:00:00,-0.189,2.67,1021.79,8.040000000000001,11.2
2024-04-23 09:00:00,0.179,3.13,1022.04,7.7700000000000005,11.1
2024-04-23 10:00:00,0.522,2.3600000000000003,1022.51,8.55,11.1
2024-04-23 11:00:00,0.746,0.9099999999999999,1023.1600000000001,8.55,11.1
2024-04-23 12:00:00,0.814,0.93,1023.5799999999999,8.98,11.1
2024-04-23 13:00:00,0.743,3.522222222222222,1023.5,9.466666666666667,11.1
2024-04-23 14:00:00,0.521,4.01,1023.0600000000001,10.129999999999999,11.01
2024-04-23 15:00:00,0.197,5.711111111111111,1022.2222222222222,10.68888888888889,11.077777777777778
2024-04-23 16:00:00,-0.104,7.51,1021.1700000000001,11.25,11.9
2024-04-23 17:00:00,-0.345,8.379999999999999,1020.1299999999999,10.58,12.330000000000002
2024-04-23 18:00:00,-0.484,9.55,1019.2299999999999,11.07,12.58
2024-04-23 19:00:00,-0.413,10.01,1018.54,11.129999999999999,12.6
2024-04-23 20:00:00,-0.177,10.870000000000001,1017.95,11.24,12.629999999999999
2024-04-23 21:00:00,0.218,12.0,1017.1,11.129999999999999,12.6
2024-04-23 22:00:00,0.642,12.629999999999999,1016.8399999999999,10.9,12.440000000000001
2024-04-23 23:00:00,0.92,11.39,1016.5799999999999,10.59,12.4
2024-04-24 00:00:00,1.078,10.309999999999999,1016.5799999999999,10.53,12.290000000000001
2024-04-24 01:00:00,1.092,8.690000000000001,1016.6200000000001,10.43,12.18
2024-04-24 02:00:00,0.927,6.3,1016.61,10.219999999999999,12.040000000000001
2024-04-24 03:00:00,0.592,3.72,1016.1299999999999,10.43,11.870000000000001
2024-04-24 04:00:00,0.228,3.9799999999999995,1015.64,10.58,11.65
2024-04-24 05:00:00,-0.117,3.8899999999999997,1014.45,10.34,11.38
2024-04-24 06:00:00,-0.341,1.9,1013.1200000000001,9.65,11.25
2024-04-24 07:00:00,-0.401,1.55,1012.39,10.0,11.18
2024-04-24 08:00:00,-0.257,2.2399999999999998,1011.74,10.65,11.03
2024-04-24 09:00:00,0.056,1.4700000000000002,1011.1200000000001,10.559999999999999,11.1
2024-04-24 10:00:00,0.421,1.6199999999999999,1011.1,10.42,10.98
2024-04-24 11:00:00,0.703,2.74,1011.26,10.3,10.9
2024-04-24 12:00:00,0.845,3.6333333333333337,1011.2222222222222,10.28888888888889,10.933333333333334
2024-04-24 13:00:00,0.853,2.62,1011.25,10.86,11.0
2024-04-24 14:00:00,0.759,2.911111111111111,1011.4888888888888,11.544444444444444,10.977777777777778
2024-04-24 15:00:00,0.493,2.3,1011.53,13.2,10.9
2024-04-24 16:00:00,0.198,3.63,1011.4200000000001,15.040000000000001,10.9
2024-04-24 17:00:00,-0.081,4.9799999999999995,1011.15,16.16,10.99
2024-04-24 18:00:00,-0.305,4.779999999999999,1011.1300000000001,16.630000000000003,11.03
2024-04-24 19:00:00,-0.455,4.9799999999999995,1011.21,17.259999999999998,11.0
2024-04-24 20:00:00,-0.325,3.2399999999999998,1011.64,18.84,11.05
2024-04-24 21:00:00,-0.015,4.779999999999999,1012.78,16.72,11.12
2024-04-24 22:00:00,0.408,3.7,1013.5899999999999,16.46,10.97
2024-04-24 23:00:00,0.8,4.25,1014.75,15.23,10.66
2024-04-25 00:00:00,1.007,4.2299999999999995,1016.26,14.809999999999999,10.7
2024-04-25 01:00:00,1.047,4.1899999999999995,1017.6,14.34,10.61
2024-04-25 02:00:00,0.956,5.529999999999999,1018.76,13.86,10.51
2024-04-25 03:00:00,0.715,4.970000000000001,1019.5200000000001,12.930000000000001,10.6
2024-04-25 04:00:00,0.37,4.7299999999999995,1020.46,11.74,10.809999999999999
2024-04-25 05:00:00,0.034,5.1899999999999995,1021.2,10.65,11.25
2024-04-25 06:00:00,-0.267,6.32,1022.04,9.07,11.3
2024-04-25 07:00:00,-0.47,5.47,1022.8799999999999,8.15,11.209999999999999
2024-04-25 08:00:00,-0.497,5.73,1024.08,7.609999999999999,11.11
2024-04-25 09:00:00,-0.297,4.42,1024.83,6.85,11.0
2024-04-25 10:00:00,0.061,4.57,1025.8200000000002,6.659999999999999,11.0
2024-04-25 11:00:00,0.413,4.95,1026.8600000000001,6.790000000000001,10.959999999999999
2024-04-25 12:00:00,0.685,4.64,1027.8600000000001,6.720000000000001,10.75
2024-04-25 13:00:00,0.882,4.11,1028.56,7.029999999999999,10.77
2024-04-25 14:00:00,0.899,3.9899999999999998,1029.03,7.17,10.93
2024-04-25 15:00:00,0.733,3.8899999999999997,1029.15,7.35,11.139999999999999
2024-04-25 16:00:00,0.399,4.05,1028.71,7.359999999999999,11.459999999999999
2024-04-25 17:00:00,0.026,4.08,1028.1799999999998,7.56,11.75
2024-04-25 18:00:00,-0.246,4.68,1027.95,7.42,12.22
2024-04-25 19:00:00,-0.42,5.34,1027.45,7.590000000000001,12.38
2024-04-25 20:00:00,-0.395,5.68,1027.1299999999999,7.2,12.540000000000001
2024-04-25 21:00:00,-0.181,5.99,1026.98,7.31,12.6
2024-04-25 22:00:00,0.18,6.409999999999999,1027.1,7.33,12.66
2024-04-25 23:00:00,0.541,6.95,1027.29,7.49,12.6
2024-04-26 00:00:00,0.812,5.41,1027.74,7.43,12.58
2024-04-26 01:00:00,0.968,4.7,1028.29,7.44,12.5
2024-04-26 02:00:00,0.997,3.5799999999999996,1028.48,7.390000000000001,12.459999999999999
2024-04-26 03:00:00,0.854,2.59,1028.84,7.44,12.4
2024-04-26 04:00:00,0.558,1.06,1029.45,7.1,12.4
2024-04-26 05:00:00,0.163,0.48,1029.66,6.4799999999999995,12.4
2024-04-26 06:00:00,-0.177,1.4,1029.76,6.55,12.360000000000001
2024-04-26 07:00:00,-0.464,1.78,1030.1399999999999,6.55,12.21
2024-04-26 08:00:00,-0.63,1.6600000000000001,1030.49,6.29,11.97
2024-04-26 09:00:00,-0.59,1.48,1030.85,6.35,11.959999999999999
2024-04-26 10:00:00,-0.31,1.7399999999999998,1031.58,6.9799999999999995,11.8
2024-04-26 11:00:00,0.049,2.6399999999999997,1032.26,8.01,11.62
2024-04-26 12:00:00,0.361,3.0300000000000002,1032.6399999999999,8.32,11.4
2024-04-26 13:00:00,0.562,2.84,1032.92,8.49,11.19
2024-04-26 14:00:00,0.649,3.09,1033.1100000000001,8.81,11.22
2024-04-26 15:00:00,0.574,4.49,1033.25,9.17,11.11
2024-04-26 16:00:00,0.344,4.470000000000001,1033.21,9.89,11.41
2024-04-26 17:00:00,0.056,4.74,1033.04,9.84,12.260000000000002
2024-04-26 18:00:00,-0.218,5.8,1033.03,9.74,12.43
2024-04-26 19:00:00,-0.436,6.17,1032.7,9.75,12.9
2024-04-26 20:00:00,-0.539,7.5,1032.53,9.72,13.0
2024-04-26 21:00:00,-0.447,7.3,1032.09,9.84,13.0
2024-04-26 22:00:00,-0.182,7.7700000000000005,1031.46,9.42,13.0
2024-04-26 23:00:00,0.217,7.55,1031.63,9.27,12.930000000000001
2024-04-27 00:00:00,0.596,5.9,1032.2,9.1,12.830000000000002
2024-04-27 01:00:00,0.841,4.91,1032.8899999999999,8.809999999999999,12.75
2024-04-27 02:00:00,0.962,4.159999999999999,1033.33,8.440000000000001,12.629999999999999
2024-04-27 03:00:00,0.925,3.91,1033.6399999999999,8.02,12.6
2024-04-27 04:00:00,0.706,2.68,1033.74,7.840000000000001,12.6
2024-04-27 05:00:00,0.331,2.33,1033.54,7.68,12.58
2024-04-27 06:00:00,-0.038,1.98,1033.6799999999998,7.390000000000001,12.5
2024-04-27 07:00:00,-0.329,1.37,1033.66,7.2299999999999995,12.47
2024-04-27 08:00:00,-0.55,1.26,1033.71,6.790000000000001,12.4
2024-04-27 09:00:00,-0.617,2.05,1034.19,7.640000000000001,12.39
2024-04-27 10:00:00,-0.482,0.8699999999999999,1034.56,8.03,12.08
2024-04-27 11:00:00,-0.195,0.85,1034.69,8.93,11.9
2024-04-27 12:00:00,0.119,2.46,1034.8600000000001,9.05,11.8
2024-04-27 13:00:00,0.365,3.79,1034.74,9.629999999999999,11.860000000000001
2024-04-27 14:00:00,0.522,5.279999999999999,1034.6399999999999,10.36,11.93
2024-04-27 15:00:00,0.588,6.779999999999999,1034.2,10.879999999999999,11.9
2024-04-27 16:00:00,0.53,7.209999999999999,1033.8799999999999,11.28,12.12
2024-04-27 17:00:00,0.248,7.659999999999999,1033.49,11.559999999999999,12.33
2024-04-27 18:00:00,-0.049,8.48,1033.09,11.53,12.66
2024-04-27 19:00:00,-0.324,9.52,1032.3600000000001,11.32,12.709999999999999
2024-04-27 20:00:00,-0.516,8.5,1031.42,11.059999999999999,12.75
2024-04-27 21:00:00,-0.589,7.359999999999999,1031.1,10.95,12.7
2024-04-27 22:00:00,-0.459,5.970000000000001,1030.31,10.78,12.57
2024-04-27 23:00:00,-0.121,5.13,1029.5700000000002,10.89,12.330000000000002
2024-04-28 00:00:00,0.302,3.71,1029.55,10.89,11.98
2024-04-28 01:00:00,0.647,3.0300000000000002,1029.46,10.68,11.98
2024-04-28 02:00:00,0.831,2.16,1029.1100000000001,10.11,12.09
2024-04-28 03:00:00,0.859,3.18,1028.3899999999999,10.24,12.0
2024-04-28 04:00:00,0.77,3.35,1027.74,10.32,12.0
2024-04-28 05:00:00,0.553,3.69,1026.9299999999998,10.190000000000001,12.0
2024-04-28 06:00:00,0.234,2.7600000000000002,1026.08,9.879999999999999,11.940000000000001
2024-04-28 07:00:00,-0.083,1.31,1025.4199999999998,9.82,11.940000000000001
2024-04-28 08:00:00,-0.355,1.7,1024.8600000000001,9.77,11.860000000000001
2024-04-28 09:00:00,-0.532,1.25,1024.6200000000001,10.040000000000001,11.77
2024-04-28 10:00:00,-0.556,0.93,1024.55,10.190000000000001,11.790000000000001
2024-04-28 11:00:00,-0.365,0.86,1024.54,10.74,11.8
2024-04-28 12:00:00,-0.095,1.04,1024.09,11.290000000000001,11.8
2024-04-28 13:00:00,0.195,0.18,1023.4799999999999,12.819999999999999,11.8
2024-04-28 14:00:00,0.428,1.26,1022.9100000000001,13.209999999999999,11.709999999999999
2024-04-28 15:00:00,0.607,2.27,1022.4799999999999,13.209999999999999,11.7
2024-04-28 16:00:00,0.667,0.9199999999999999,1021.55,14.64,11.68
2024-04-28 17:00:00,0.535,1.5699999999999998,1020.8,15.5,11.69
2024-04-28 18:00:00,0.271,4.119999999999999,1019.89,15.559999999999999,11.790000000000001
2024-04-28 19:00:00,-0.016,5.23,1018.96,16.23,12.08
2024-04-28 20:00:00,-0.254,4.6899999999999995,1018.14,16.84,13.63
2024-04-28 21:00:00,-0.389,3.3600000000000003,1017.79,18.9,13.98
2024-04-28 22:00:00,-0.362,3.22,1017.29,19.380000000000003,14.040000000000001
2024-04-28 23:00:00,-0.146,1.45,1017.0899999999999,18.28,13.73
2024-04-29 00:00:00,0.186,1.03,1017.28,16.54,12.809999999999999
2024-04-29 01:00:00,0.527,3.22,1018.05,13.84,12.6
2024-04-29 02:00:00,0.756,1.8800000000000001,1017.86,13.430000000000001,12.6
2024-04-29 03:00:00,0.897,1.59,1017.3700000000001,15.88,12.6
2024-04-29 04:00:00,0.909,3.9299999999999997,1017.39,16.43,12.6
2024-04-29 05:00:00,0.8,2.94,1016.6299999999999,17.02,12.669999999999998
2024-04-29 06:00:00,0.615,2.15,1016.07,17.32,12.830000000000002
2024-04-29 07:00:00,0.325,2.1,1015.89,16.19,13.11
2024-04-29 08:00:00,0.025,1.6,1015.8699999999999,16.240000000000002,13.2
2024-04-29 09:00:00,-0.243,1.1800000000000002,1016.04,14.459999999999999,13.179999999999998
2024-04-29 10:00:00,-0.426,1.29,1016.5600000000001,15.45,13.0
2024-04-29 11:00:00,-0.436,1.1099999999999999,1016.8699999999999,15.9,12.66
2024-04-29 12:00:00,-0.256,1.0,1016.76,16.56,12.790000000000001
2024-04-29 13:00:00,0.038,1.16,1016.6,17.89,12.919999999999998
2024-04-29 14:00:00,0.313,2.26,1016.8399999999999,18.84,13.01
2024-04-29 15:00:00,0.564,2.1666666666666665,1016.9666666666667,21.144444444444446,12.977777777777778
2024-04-29 16:00:00,0.7,0.27999999999999997,1016.74,24.19,12.43
2024-04-29 17:00:00,0.71,3.63,1016.1700000000001,25.16,12.169999999999998
2024-04-29 18:00:00,0.501,6.220000000000001,1015.65,23.45,12.459999999999999
2024-04-29 19:00:00,0.255,7.44,1015.24,22.0,13.65
2024-04-29 20:00:00,0.024,9.11,1014.8,21.080000000000002,14.1
2024-04-29 21:00:00,-0.134,9.81111111111111,1014.6222222222223,19.91111111111111,14.844444444444443
2024-04-29 22:00:00,-0.208,8.33,1014.2700000000001,18.44,15.12
2024-04-29 23:00:00,-0.174,8.08,1014.4200000000001,16.15,14.680000000000001
2024-04-30 00:00:00,0.005,8.2,1014.51,16.130000000000003,14.76
2024-04-30 01:00:00,0.294,6.17,1015.3,14.430000000000001,14.459999999999999
2024-04-30 02:00:00,0.57,4.58,1015.45,13.64,14.35
2024-04-30 03:00:00,0.833,4.57,1015.49,13.030000000000001,14.3
2024-04-30 04:00:00,0.958,4.01,1015.74,12.629999999999999,14.3
2024-04-30 05:00:00,0.999,4.0,1015.4,12.57,14.3
2024-04-30 06:00:00,0.921,3.8199999999999994,1015.1200000000001,12.370000000000001,14.3
2024-04-30 07:00:00,0.686,3.7299999999999995,1014.8,12.16,14.27
2024-04-30 08:00:00,0.369,3.2299999999999995,1014.5899999999999,11.99,13.809999999999999
2024-04-30 09:00:00,0.066,3.9799999999999995,1014.82,11.93,13.39
2024-04-30 10:00:00,-0.167,4.17,1014.7299999999999,11.9,13.01
2024-04-30 11:00:00,-0.305,4.08,1015.18,11.89,12.969999999999999
2024-04-30 12:00:00,-0.29,4.13,1014.93,11.89,12.62
2024-04-30 13:00:00,-0.143,4.811111111111111,1014.8000000000001,11.711111111111112,12.522222222222222
2024-04-30 14:00:00,0.141,4.45,1014.8799999999999,11.58,12.809999999999999
2024-04-30 15:00:00,0.405,5.16,1014.1700000000001,11.61,12.27
2024-04-30 16:00:00,0.647,5.04,1013.9799999999999,11.959999999999999,12.12
2024-04-30 17:00:00,0.748,6.029999999999999,1013.51,12.42,12.25
2024-04-30 18:00:00,0.742,6.2700000000000005,1013.2,12.52,12.68
2024-04-30 19:00:00,0.615,5.61,1012.61,11.59,13.719999999999999
2024-04-30 20:00:00,0.401,5.29,1012.0799999999999,11.459999999999999,13.9
2024-04-30 21:00:00,0.198,5.21,1011.78,11.059999999999999,13.65
2024-04-30 22:00:00,0.019,4.86,1011.4200000000001,10.7,13.35
2024-04-30 23:00:00,-0.065,4.21,1011.5899999999999,10.540000000000001,13.809999999999999
2024-05-01 00:00:00,-0.021,3.6300000000000003,1012.0200000000001,10.620000000000001,13.780000000000001
2024-05-01 01:00:00,0.121,2.6,1013.29,11.17,13.559999999999999
2024-05-01 02:00:00,0.384,3.1100000000000003,1012.86,11.290000000000001,13.540000000000001
2024-05-01 03:00:00,0.638,2.58,1012.5600000000001,11.4,12.830000000000002
2024-05-01 04:00:00,0.834,1.1300000000000001,1012.43,11.42,12.4
2024-05-01 05:00:00,0.997,1.0,1012.3700000000001,11.43,12.75
2024-05-01 06:00:00,1.053,0.77,1012.2700000000001,11.39,12.7
2024-05-01 07:00:00,0.957,1.01,1011.9799999999999,11.32,12.76
2024-05-01 08:00:00,0.73,0.6,1012.2700000000001,11.440000000000001,12.940000000000001
2024-05-01 09:00:00,0.409,0.18,1013.1200000000001,11.709999999999999,13.040000000000001
2024-05-01 10:00:00,0.091,0.8,1013.64,11.9,13.040000000000001
2024-05-01 11:00:00,-0.144,1.1300000000000001,1014.4,12.01,12.969999999999999
2024-05-01 12:00:00,-0.319,1.25,1015.04,12.14,12.9
2024-05-01 13:00:00,-0.3,0.72,1015.04,13.440000000000001,12.95
2024-05-01 14:00:00,-0.125,0.77,1014.78,14.040000000000001,13.0
2024-05-01 15:00:00,0.169,2.4444444444444446,1014.4333333333333,15.47777777777778,13.088888888888889
2024-05-01 16:00:00,0.459,3.79,1014.0200000000001,15.969999999999999,13.24
2024-05-01 17:00:00,0.649,5.25,1013.45,15.88,13.3
2024-05-01 18:00:00,0.756,5.89,1013.1200000000001,16.03,13.26
2024-05-01 19:00:00,0.771,7.2299999999999995,1013.1,15.280000000000001,13.05
2024-05-01 20:00:00,0.65,7.540000000000001,1013.3100000000001,14.75,13.469999999999999
2024-05-01 21:00:00,0.442,7.49,1013.79,14.530000000000001,13.74
2024-05-01 22:00:00,0.238,7.12,1014.51,13.45,13.75
2024-05-01 23:00:00,0.052,5.529999999999999,1015.21,12.819999999999999,13.86
2024-05-02 00:00:00,-0.12,5.43,1015.6600000000001,12.309999999999999,13.9
2024-05-02 01:00:00,-0.184,4.8,1016.6700000000001,12.1,13.9
2024-05-02 02:00:00,-0.076,4.7299999999999995,1017.01,11.89,13.870000000000001
2024-05-02 03:00:00,0.172,3.78,1017.21,11.7,13.73
2024-05-02 04:00:00,0.508,3.13,1017.3799999999999,11.629999999999999,13.59
2024-05-02 05:00:00,0.797,3.28,1016.96,11.45,13.459999999999999
2024-05-02 06:00:00,0.978,3.2600000000000002,1016.7700000000001,11.17,13.469999999999999
2024-05-02 07:00:00,1.003,3.46,1016.6600000000001,10.91,13.4
2024-05-02 08:00:00,0.849,2.82,1016.47,11.129999999999999,13.4
2024-05-02 09:00:00,0.592,3.0,1015.93,11.33,13.4
2024-05-02 10:00:00,0.294,2.59,1016.28,11.73,13.48
2024-05-02 11:00:00,0.056,2.29,1016.3,11.9,13.5
2024-05-02 12:00:00,-0.198,1.5699999999999998,1016.3,12.3,13.5
2024-05-02 13:00:00,-0.372,1.0,1016.3799999999999,12.85,13.5
2024-05-02 14:00:00,-0.399,0.13,1015.76,14.16,13.51
2024-05-02 15:00:00,-0.202,1.9300000000000002,1015.03,14.569999999999999,13.819999999999999
2024-05-02 16:00:00,0.087,2.94,1013.9399999999999,16.06,14.129999999999999
2024-05-02 17:00:00,0.389,4.0600000000000005,1013.04,16.78,14.16
2024-05-02 18:00:00,0.668,4.22,1012.5799999999999,17.96,13.65
2024-05-02 19:00:00,0.838,3.7700000000000005,1011.8,19.729999999999997,13.49
2024-05-02 20:00:00,0.857,3.1,1011.3399999999999,20.86,13.41
2024-05-02 21:00:00,0.699,6.42,1011.8,15.35,13.540000000000001
2024-05-02 22:00:00,0.417,4.45,1012.3799999999999,14.559999999999999,13.66
2024-05-02 23:00:00,0.152,3.2700000000000005,1013.26,13.88,13.39
2024-05-03 00:00:00,-0.049,2.34,1014.18,13.85,13.26
2024-05-03 01:00:00,-0.201,2.12,1015.2,13.959999999999999,13.430000000000001
2024-05-03 02:00:00,-0.292,2.54,1015.78,15.09,13.680000000000001
2024-05-03 03:00:00,-0.186,4.529999999999999,1016.3299999999999,17.06,14.12
2024-05-03 04:00:00,0.088,3.35,1016.82,16.509999999999998,14.3
2024-05-03 05:00:00,0.496,4.14,1017.4399999999999,14.669999999999998,14.3
2024-05-03 06:00:00,0.725,3.1,1017.9799999999999,13.030000000000001,14.180000000000001
2024-05-03 07:00:00,0.924,3.07,1018.55,12.35,13.95
2024-05-03 08:00:00,1.005,3.12,1018.9799999999999,11.9,14.1
2024-05-03 09:00:00,0.932,2.81,1019.6,11.69,14.080000000000002
2024-05-03 10:00:00,0.714,2.74,1020.8299999999999,11.84,13.790000000000001
2024-05-03 11:00:00,0.378,5.33,1021.7700000000001,11.19,13.919999999999998
2024-05-03 12:00:00,0.054,6.04,1022.72,10.95,14.080000000000002
2024-05-03 13:00:00,-0.228,6.220000000000001,1023.2,10.860000000000001,14.1
2024-05-03 14:00:00,-0.436,6.68,1023.45,11.129999999999999,14.1
2024-05-03 15:00:00,-0.43,6.88,1023.5899999999999,11.41,14.23
2024-05-03 16:00:00,-0.197,7.470000000000001,1023.8699999999999,11.6,14.38
2024-05-03 17:00:00,0.144,7.529999999999999,1023.8100000000001,11.75,14.48
2024-05-03 18:00:00,0.491,7.26,1023.78,11.7,14.559999999999999
2024-05-03 19:00:00,0.772,6.57,1023.71,11.34,14.690000000000001
2024-05-03 20:00:00,0.938,6.11,1023.6,11.01,14.7
2024-05-03 21:00:00,0.94,5.59,1023.4799999999999,10.67,14.64
2024-05-03 22:00:00,0.78,4.63,1023.2700000000001,10.67,14.6
2024-05-03 23:00:00,0.512,3.5200000000000005,1023.5600000000001,10.59,14.580000000000002
2024-05-04 00:00:00,0.233,2.52,1023.78,10.51,14.559999999999999
2024-05-04 01:00:00,-0.064,2.09,1024.15,10.459999999999999,14.6
2024-05-04 02:00:00,-0.299,1.58,1024.7,10.38,14.55
2024-05-04 03:00:00,-0.428,1.48,1024.95,10.32,14.459999999999999
2024-05-04 04:00:00,-0.335,1.4899999999999998,1025.0,10.22,14.4
2024-05-04 05:00:00,-0.021,2.2199999999999998,1024.8200000000002,10.15,14.39
2024-05-04 06:00:00,0.376,1.89,1024.91,10.03,14.080000000000002
2024-05-04 07:00:00,0.694,2.18,1024.8,9.83,14.0
2024-05-04 08:00:00,0.912,1.7399999999999998,1025.04,9.57,13.969999999999999
2024-05-04 09:00:00,1.003,1.52,1025.27,9.330000000000002,13.75
2024-05-04 10:00:00,0.882,1.81,1026.0,9.99,13.65
2024-05-04 11:00:00,0.606,2.85,1026.29,10.75,13.6
2024-05-04 12:00:00,0.215,3.6399999999999997,1026.74,11.309999999999999,13.6
2024-05-04 13:00:00,-0.134,4.91,1026.94,11.48,13.65
2024-05-04 14:00:00,-0.428,5.3100000000000005,1026.97,11.73,13.7
2024-05-04 15:00:00,-0.595,5.29,1027.45,11.64,13.74
2024-05-04 16:00:00,-0.599,5.720000000000001,1027.65,11.25,13.940000000000001
2024-05-04 17:00:00,-0.301,5.4,1027.52,11.370000000000001,14.1
2024-05-04 18:00:00,0.102,5.36,1027.44,11.17,14.15
2024-05-04 19:00:00,0.517,5.1899999999999995,1027.41,11.11,14.290000000000001
2024-05-04 20:00:00,0.841,4.7,1027.4299999999998,10.709999999999999,14.3
2024-05-04 21:00:00,1.016,4.92,1027.2,10.6,14.24
2024-05-04 22:00:00,1.049,4.29,1027.16,10.74,14.030000000000001
2024-05-04 23:00:00,0.871,4.62,1027.22,10.780000000000001,14.05
2024-05-05 00:00:00,0.579,3.9799999999999995,1027.48,10.669999999999998,14.1
2024-05-05 01:00:00,0.238,4.8,1027.79,10.559999999999999,14.1
2024-05-05 02:00:00,-0.111,5.88,1027.7,10.26,13.89
2024-05-05 03:00:00,-0.372,5.319999999999999,1027.42,9.86,13.95
2024-05-05 04:00:00,-0.5,5.470000000000001,1027.19,9.7,13.780000000000001
2024-05-05 05:00:00,-0.366,5.48,1026.77,9.61,13.7
2024-05-05 06:00:00,-0.029,5.84,1026.46,9.39,13.65
2024-05-05 07:00:00,0.376,5.11,1026.23,9.360000000000001,13.6
2024-05-05 08:00:00,0.714,6.01,1026.01,9.370000000000001,13.6
2024-05-05 09:00:00,0.974,5.61,1026.21,9.51,13.55
2024-05-05 10:00:00,1.074,6.16,1026.1799999999998,9.65,13.530000000000001
2024-05-05 11:00:00,0.94,6.5200000000000005,1026.09,9.9,13.4
2024-05-05 12:00:00,0.629,6.17,1026.07,10.01,13.4
2024-05-05 13:00:00,0.243,6.09,1025.8600000000001,10.139999999999999,13.4
2024-05-05 14:00:00,-0.11,5.87,1025.69,10.1,13.4
2024-05-05 15:00:00,-0.408,5.9,1025.6399999999999,10.23,13.330000000000002
2024-05-05 16:00:00,-0.604,6.659999999999999,1024.92,10.65,13.3
2024-05-05 17:00:00,-0.577,5.95,1024.69,10.78,13.35
2024-05-05 18:00:00,-0.284,5.3,1024.39,10.690000000000001,13.370000000000001
2024-05-05 19:00:00,0.178,4.75,1023.7299999999999,10.559999999999999,13.3
2024-05-05 20:00:00,0.627,5.09,1022.74,10.65,13.23
2024-05-05 21:00:00,0.974,4.12,1022.39,10.85,13.2
2024-05-05 22:00:00,1.164,3.3,1022.0799999999999,10.98,13.2
2024-05-05 23:00:00,1.134,2.63,1021.9799999999999,11.17,13.2
2024-05-06 00:00:00,0.88,2.42,1021.68,11.42,13.2
2024-05-06 01:00:00,0.522,1.95,1021.5200000000001,11.73,13.2
2024-05-06 02:00:00,0.126,1.48,1021.1200000000001,11.97,13.12
2024-05-06 03:00:00,-0.235,1.54,1020.51,12.16,13.16
2024-05-06 04:00:00,-0.539,1.8399999999999999,1020.04,12.1,13.2
2024-05-06 05:00:00,-0.672,1.83,1019.39,12.12,13.2
2024-05-06 06:00:00,-0.531,1.35,1018.68,12.2,13.2
2024-05-06 07:00:00,-0.139,1.31,1018.11,12.27,13.2
2024-05-06 08:00:00,0.292,1.2600000000000002,1017.89,12.27,13.2
2024-05-06 09:00:00,0.664,1.47,1017.7,12.25,13.2
2024-05-06 10:00:00,0.919,1.8199999999999998,1017.78,12.34,13.2
2024-05-06 11:00:00,0.989,1.16,1017.6899999999999,12.34,13.2
2024-05-06 12:00:00,0.83,1.3,1017.6899999999999,12.41,13.2
2024-05-06 13:00:00,0.498,1.5444444444444445,1017.6333333333334,12.755555555555555,13.2
2024-05-06 14:00:00,0.071,1.06,1017.54,13.34,13.290000000000001
2024-05-06 15:00:00,-0.297,1.67,1017.1299999999999,14.169999999999998,13.3
2024-05-06 16:00:00,-0.612,0.8699999999999999,1016.43,14.99,13.370000000000001
2024-05-06 17:00:00,-0.791,1.33,1015.8299999999999,16.1,13.559999999999999
2024-05-06 18:00:00,-0.663,1.3900000000000001,1015.05,17.71,13.48
2024-05-06 19:00:00,-0.268,2.57,1014.0600000000001,18.19,13.780000000000001
2024-05-06 20:00:00,0.245,2.21,1013.46,18.669999999999998,15.169999999999998
2024-05-06 21:00:00,0.704,2.34,1012.96,18.22,15.14
2024-05-06 22:00:00,1.044,2.61,1012.6,18.119999999999997,14.530000000000001
2024-05-06 23:00:00,1.226,3.4200000000000004,1012.25,18.06,14.0
2024-05-07 00:00:00,1.198,4.177777777777778,1012.1444444444446,17.0,14.0
2024-05-07 01:00:00,0.919,1.52,1012.2700000000001,16.369999999999997,14.3
2024-05-07 02:00:00,0.472,1.86,1012.07,16.72,14.36
2024-05-07 03:00:00,0.034,2.4,1011.61,16.46,14.4
2024-05-07 04:00:00,-0.354,2.04,1011.5,16.03,14.41
2024-05-07 05:00:00,-0.645,1.3599999999999999,1011.1,16.34,14.5
2024-05-07 06:00:00,-0.72,1.81,1010.3799999999999,15.95,14.49
2024-05-07 07:00:00,-0.519,2.02,1010.0899999999999,15.61,14.430000000000001
2024-05-07 08:00:00,-0.129,2.23,1010.0600000000001,15.13,14.3
2024-05-07 09:00:00,0.293,1.77,1010.2,15.02,14.3
2024-05-07 10:00:00,0.694,1.1400000000000001,1010.1299999999999,15.959999999999999,14.3
2024-05-07 11:00:00,0.978,1.49,1010.43,16.36,14.219999999999999
2024-05-07 12:00:00,1.02,3.13,1010.47,16.91,14.11
2024-05-07 13:00:00,0.825,3.07,1010.4799999999999,18.11,14.2
2024-05-07 14:00:00,0.461,2.74,1010.5,19.57,14.280000000000001
2024-05-07 15:00:00,0.041,2.0,1010.3700000000001,19.47,14.169999999999998
2024-05-07 16:00:00,-0.327,2.42,1009.86,19.02,14.2
2024-05-07 17:00:00,-0.614,2.7600000000000002,1008.9399999999999,19.96,15.0
2024-05-07 18:00:00,-0.744,3.2600000000000002,1008.14,20.96,17.21
2024-05-07 19:00:00,-0.555,2.9899999999999998,1007.28,21.970000000000002,18.39
2024-05-07 20:00:00,-0.087,5.64,1006.6299999999999,21.31,18.6
2024-05-07 21:00:00,0.483,6.67,1006.43,20.72,17.18
2024-05-07 22:00:00,0.944,5.38,1006.49,21.34,14.709999999999999
2024-05-07 23:00:00,1.226,4.42,1006.9,19.96,14.469999999999999
2024-05-08 00:00:00,1.331,5.32,1006.95,19.419999999999998,14.819999999999999
2024-05-08 01:00:00,1.268,5.39,1006.64,19.06,16.29
2024-05-08 02:00:00,0.959,5.17,1006.3699999999999,18.69,16.79
2024-05-08 03:00:00,0.528,4.7299999999999995,1006.79,18.34,16.93
2024-05-08 04:00:00,0.072,2.46,1007.2299999999999,18.03,17.0
2024-05-08 05:00:00,-0.32,2.1,1006.8100000000001,17.94,16.939999999999998
2024-05-08 06:00:00,-0.596,2.88,1006.3299999999999,18.04,16.9
2024-05-08 07:00:00,-0.65,3.2399999999999998,1005.93,17.96,16.9
2024-05-08 08:00:00,-0.409,2.71,1005.3,17.75,16.889999999999997
2024-05-08 09:00:00,-0.02,3.4799999999999995,1004.82,17.73,16.68
2024-05-08 10:00:00,0.452,2.87,1005.1600000000001,17.77,16.15
2024-05-08 11:00:00,0.836,3.28,1004.89,17.71,15.91
2024-05-08 12:00:00,1.071,4.41,1004.49,17.759999999999998,15.280000000000001
2024-05-08 13:00:00,1.103,4.59,1004.2700000000001,18.46,15.74
2024-05-08 14:00:00,0.863,3.22,1003.54,19.23,15.95
2024-05-08 15:00:00,0.476,1.7899999999999998,1003.36,20.630000000000003,16.1
2024-05-08 16:00:00,0.047,0.6,1002.8799999999999,22.740000000000002,16.09
2024-05-08 17:00:00,-0.31,1.8199999999999998,1002.0600000000001,23.22,16.7
2024-05-08 18:00:00,-0.537,4.37,1001.4100000000001,24.0,17.4
2024-05-08 19:00:00,-0.551,6.82,1000.78,23.97,18.85
2024-05-08 20:00:00,-0.292,7.06,1000.55,24.18,19.55
2024-05-08 21:00:00,0.136,8.95,1000.0,25.8,19.25
2024-05-08 22:00:00,0.628,9.309999999999999,1000.03,25.85,18.71
2024-05-08 23:00:00,1.028,8.629999999999999,1000.2700000000001,25.130000000000003,18.02
2024-05-09 00:00:00,1.311,8.620000000000001,1001.0,24.369999999999997,17.119999999999997
2024-05-09 01:00:00,1.391,7.388888888888889,1001.6111111111111,23.055555555555557,17.711111111111112
2024-05-09 02:00:00,1.261,6.659999999999999,1002.1899999999999,22.69,17.86
2024-05-09 03:00:00,0.908,5.58,1003.1899999999999,21.93,17.06
2024-05-09 04:00:00,0.421,4.2,1005.03,20.369999999999997,16.16
2024-05-09 05:00:00,0.009,3.9200000000000004,1005.3699999999999,20.39,16.66
2024-05-09 06:00:00,-0.356,2.19,1005.35,18.43,17.03
2024-05-09 07:00:00,-0.638,2.17,1005.4799999999999,18.509999999999998,17.19
2024-05-09 08:00:00,-0.667,2.1100000000000003,1005.71,17.55,17.23
2024-05-09 09:00:00,-0.371,3.08,1005.76,17.259999999999998,17.3
2024-05-09 10:00:00,0.091,4.9,1006.9111111111112,16.88888888888889,17.166666666666668
2024-05-09 11:00:00,0.51,5.99,1007.5,16.57,16.79
2024-05-09 12:00:00,0.847,5.4799999999999995,1007.65,16.72,15.830000000000002
2024-05-09 13:00:00,1.013,3.9200000000000004,1007.68,16.73,15.790000000000001
2024-05-09 14:00:00,0.941,3.3,1007.6700000000001,17.45,16.39
2024-05-09 15:00:00,0.681,3.66,1007.61,18.380000000000003,17.04
2024-05-09 16:00:00,0.35,3.08,1007.9399999999999,18.81,16.55
2024-05-09 17:00:00,-0.034,2.29,1008.1899999999999,18.85,16.740000000000002
2024-05-09 18:00:00,-0.361,3.6100000000000003,1007.71,18.55,17.0
2024-05-09 19:00:00,-0.517,3.6399999999999997,1007.0200000000001,17.71,17.169999999999998
2024-05-09 20:00:00,-0.544,4.14,1006.97,17.46,17.39
2024-05-09 21:00:00,-0.256,3.88,1007.4200000000001,16.919999999999998,17.44
2024-05-09 22:00:00,0.215,3.78,1007.1600000000001,16.22,17.080000000000002
2024-05-09 23:00:00,0.695,4.0,1007.21,15.709999999999999,16.240000000000002
2024-05-10 00:00:00,1.053,2.73,1007.51,15.440000000000001,16.16
2024-05-10 01:00:00,1.28,1.9600000000000002,1007.9100000000001,14.95,16.5
2024-05-10 02:00:00,1.365,2.94,1007.8100000000001,14.37,15.809999999999999
2024-05-10 03:00:00,1.217,5.11,1007.6700000000001,13.6,16.55
2024-05-10 04:00:00,0.855,6.14,1007.79,12.809999999999999,16.75
2024-05-10 05:00:00,0.403,6.7700000000000005,1007.64,12.16,16.72
2024-05-10 06:00:00,0.008,7.290000000000001,1007.8700000000001,11.33,16.22
2024-05-10 07:00:00,-0.282,8.36,1007.43,10.57,15.49
2024-05-10 08:00:00,-0.445,8.190000000000001,1007.8100000000001,10.16,14.959999999999999
2024-05-10 09:00:00,-0.354,8.4,1007.89,9.77,14.780000000000001
2024-05-10 10:00:00,0.007,9.11,1007.78,9.709999999999999,15.16
2024-05-10 11:00:00,0.346,8.97,1007.93,9.65,14.76
2024-05-10 12:00:00,0.659,9.290000000000001,1008.1600000000001,9.75,14.64
2024-05-10 13:00:00,0.962,8.73,1008.1899999999999,9.98,14.6
2024-05-10 14:00:00,1.141,8.43,1008.1200000000001,9.91,14.530000000000001
2024-05-10 15:00:00,1.118,7.87,1008.6200000000001,9.959999999999999,14.5
2024-05-10 16:00:00,0.87,7.5200000000000005,1008.5600000000001,10.24,14.5
2024-05-10 17:00:00,0.531,6.720000000000001,1008.78,10.309999999999999,14.5
2024-05-10 18:00:00,0.194,6.49,1008.8,10.35,14.330000000000002
2024-05-10 19:00:00,-0.107,6.12,1009.0899999999999,9.870000000000001,14.4
2024-05-10 20:00:00,-0.291,6.26,1009.39,9.58,14.34
2024-05-10 21:00:00,-0.293,5.5200000000000005,1009.6600000000001,10.35,14.3
2024-05-10 22:00:00,-0.001,4.68,1009.68,10.38,14.23
2024-05-10 23:00:00,0.425,5.24,1010.53,10.23,14.23
2024-05-11 00:00:00,0.86,5.3,1010.86,10.18,14.280000000000001
2024-05-11 01:00:00,1.153,4.67,1011.0799999999999,10.209999999999999,14.3
2024-05-11 02:00:00,1.374,4.35,1010.86,10.42,14.3
2024-05-11 03:00:00,1.407,3.18,1010.93,10.6,14.209999999999999
2024-05-11 04:00:00,1.14,1.49,1011.14,10.59,14.2
2024-05-11 05:00:00,0.741,1.85,1011.26,10.48,14.129999999999999
2024-05-11 06:00:00,0.352,2.79,1010.96,10.34,14.1
2024-05-11 07:00:00,-0.03,4.74,1010.97,10.14,14.1
2024-05-11 08:00:00,-0.28,4.029999999999999,1011.0200000000001,9.91,14.059999999999999
2024-05-11 09:00:00,-0.431,3.72,1010.89,10.129999999999999,13.88
2024-05-11 10:00:00,-0.317,3.44,1011.28,10.76,13.7
2024-05-11 11:00:00,-0.062,3.8600000000000003,1011.21,11.47,13.679999999999998
2024-05-11 12:00:00,0.275,4.17,1011.47,12.190000000000001,13.940000000000001
2024-05-11 13:00:00,0.597,4.15,1011.79,12.559999999999999,14.05
2024-05-11 14:00:00,0.883,3.4200000000000004,1011.9799999999999,12.99,13.9
2024-05-11 15:00:00,1.055,3.88,1011.74,12.809999999999999,13.9
2024-05-11 16:00:00,0.967,5.51,1011.61,11.73,13.940000000000001
2024-05-11 17:00:00,0.708,7.109999999999999,1011.57,11.209999999999999,14.319999999999999
2024-05-11 18:00:00,0.338,7.13,1011.6300000000001,10.91,14.669999999999998
2024-05-11 19:00:00,0.03,7.33,1011.32,11.01,14.85
2024-05-11 20:00:00,-0.195,7.76,1010.8100000000001,11.08,15.09
2024-05-11 21:00:00,-0.27,7.5,1010.8100000000001,11.120000000000001,15.15
2024-05-11 22:00:00,-0.164,6.57,1011.04,11.09,15.1
2024-05-11 23:00:00,0.127,6.529999999999999,1011.36,11.02,15.0
2024-05-12 00:00:00,0.526,6.33,1011.71,10.99,14.809999999999999
2024-05-12 01:00:00,0.847,5.8100000000000005,1012.1299999999999,10.91,14.780000000000001
2024-05-12 02:00:00,1.082,5.8100000000000005,1012.61,10.940000000000001,14.7
2024-05-12 03:00:00,1.201,5.26,1012.4399999999999,10.78,14.679999999999998
2024-05-12 04:00:00,1.169,4.08,1012.47,10.61,14.6
2024-05-12 05:00:00,0.96,4.86,1012.05,10.58,14.59
2024-05-12 06:00:00,0.615,4.2299999999999995,1011.3699999999999,10.11,14.45
2024-05-12 07:00:00,0.273,4.9799999999999995,1011.3799999999999,10.07,14.4
2024-05-12 08:00:00,-0.036,3.9,1011.49,10.0,14.4
2024-05-12 09:00:00,-0.233,4.86,1012.1299999999999,10.05,14.309999999999999
2024-05-12 10:00:00,-0.315,2.5100000000000002,1012.55,9.38,14.3
2024-05-12 11:00:00,-0.195,2.08,1012.74,9.459999999999999,14.3
2024-05-12 12:00:00,0.08,1.69,1013.03,9.55,14.3
2024-05-12 13:00:00,0.356,2.21,1013.29,9.49,14.3
2024-05-12 14:00:00,0.623,3.79,1013.55,9.3,14.3
2024-05-12 15:00:00,0.849,3.0300000000000002,1013.9200000000001,9.0,14.3
2024-05-12 16:00:00,0.93,3.4899999999999998,1013.93,9.04,14.23
2024-05-12 17:00:00,0.805,3.84,1013.9,9.35,14.219999999999999
2024-05-12 18:00:00,0.54,3.46,1014.04,9.639999999999999,14.3
2024-05-12 19:00:00,0.245,3.6799999999999997,1014.07,9.77,14.3
2024-05-12 20:00:00,0.051,3.0,1014.3299999999999,10.23,14.41
2024-05-12 21:00:00,-0.122,4.17,1014.6700000000001,10.59,14.469999999999999
2024-05-12 22:00:00,-0.227,4.05,1015.22,10.64,14.6
2024-05-12 23:00:00,-0.151,3.6399999999999997,1015.7700000000001,10.49,14.6
2024-05-13 00:00:00,0.081,4.59,1016.1700000000001,10.59,14.6
2024-05-13 01:00:00,0.448,5.0600000000000005,1016.61,10.42,14.540000000000001
2024-05-13 02:00:00,0.753,5.45,1016.8100000000001,10.27,14.41
2024-05-13 03:00:00,0.94,4.45,1016.9799999999999,10.23,14.4
2024-05-13 04:00:00,0.993,5.58,1017.2299999999999,9.959999999999999,14.34
2024-05-13 05:00:00,0.906,6.1899999999999995,1017.6,9.84,14.3
2024-05-13 06:00:00,0.699,4.720000000000001,1017.64,9.639999999999999,14.24
2024-05-13 07:00:00,0.396,3.94,1017.8799999999999,9.51,14.2
2024-05-13 08:00:00,0.114,3.8,1018.0799999999999,9.4,14.179999999999998
2024-05-13 09:00:00,-0.179,4.2,1018.25,9.629999999999999,14.059999999999999
2024-05-13 10:00:00,-0.385,4.35,1018.75,9.629999999999999,13.99
2024-05-13 11:00:00,-0.454,5.92,1019.05,9.559999999999999,13.99
2024-05-13 12:00:00,-0.277,5.38,1019.46,10.16,14.0
2024-05-13 13:00:00,-0.027,4.7299999999999995,1019.5899999999999,11.51,13.940000000000001
2024-05-13 14:00:00,0.22,4.91,1019.79,12.309999999999999,13.95
2024-05-13 15:00:00,0.451,5.4799999999999995,1020.0200000000001,13.13,14.0
2024-05-13 16:00:00,0.626,4.41,1019.79,13.7,14.1
2024-05-13 17:00:00,0.677,3.7299999999999995,1019.39,14.49,14.12
2024-05-13 18:00:00,0.559,1.9,1018.82,15.169999999999998,14.440000000000001
2024-05-13 19:00:00,0.334,4.4,1018.14,15.25,14.65
2024-05-13 20:00:00,0.111,5.34,1017.61,14.930000000000001,14.679999999999998
2024-05-13 21:00:00,-0.043,4.4399999999999995,1017.45,14.969999999999999,14.51
2024-05-13 22:00:00,-0.202,4.09,1017.22,14.530000000000001,14.680000000000001
2024-05-13 23:00:00,-0.258,2.52,1017.3199999999999,14.819999999999999,14.790000000000001
2024-05-14 00:00:00,-0.173,2.1100000000000003,1017.21,14.790000000000001,14.73
2024-05-14 01:00:00,0.07,4.2299999999999995,1017.46,15.23,14.830000000000002
2024-05-14 02:00:00,0.353,5.6,1017.3799999999999,15.4,14.76
2024-05-14 03:00:00,0.618,5.6899999999999995,1017.3,14.919999999999998,14.74
2024-05-14 04:00:00,0.783,5.11,1017.72,14.080000000000002,14.76
2024-05-14 05:00:00,0.857,3.6799999999999997,1017.93,13.540000000000001,14.790000000000001
2024-05-14 06:00:00,0.784,3.05,1017.3299999999999,13.59,14.7
2024-05-14 07:00:00,0.547,3.17,1017.1600000000001,13.39,14.7
2024-05-14 08:00:00,0.235,3.16,1016.71,13.280000000000001,14.7
2024-05-14 09:00:00,-0.02,3.02,1016.55,12.99,14.780000000000001
2024-05-14 10:00:00,-0.226,2.2800000000000002,1016.6899999999999,12.959999999999999,14.709999999999999
2024-05-14 11:00:00,-0.342,2.0,1017.47,13.569999999999999,14.7
2024-05-14 12:00:00,-0.342,2.0,1017.72,14.77,14.75
2024-05-14 13:00:00,-0.223,3.066666666666667,1017.6222222222223,15.47777777777778,14.844444444444443
2024-05-14 14:00:00,-0.009,2.5100000000000002,1017.43,17.490000000000002,15.040000000000001
2024-05-14 15:00:00,0.242,2.55,1017.24,18.130000000000003,15.190000000000001
2024-05-14 16:00:00,0.454,2.81,1016.72,18.53,15.190000000000001
2024-05-14 17:00:00,0.634,1.26,1016.32,19.240000000000002,14.76
2024-05-14 18:00:00,0.704,1.52,1015.93,19.16,14.86
2024-05-14 19:00:00,0.599,3.2700000000000005,1015.32,19.97,15.36
2024-05-14 20:00:00,0.391,3.75,1014.7299999999999,19.81,15.2
2024-05-14 21:00:00,0.169,6.07,1014.4100000000001,18.71,15.370000000000001
2024-05-14 22:00:00,-0.032,5.51,1014.3799999999999,17.85,15.66
2024-05-14 23:00:00,-0.189,4.83,1014.4799999999999,17.11,15.7
2024-05-15 00:00:00,-0.218,4.388888888888889,1014.7111111111111,16.566666666666666,15.88888888888889
2024-05-15 01:00:00,-0.077,3.69,1014.9799999999999,15.35,15.809999999999999
2024-05-15 02:00:00,0.167,3.9299999999999997,1014.89,14.98,15.77
2024-05-15 03:00:00,0.455,2.4,1014.5200000000001,15.559999999999999,15.679999999999998
2024-05-15 04:00:00,0.622,2.1100000000000003,1014.0600000000001,15.09,15.65
2024-05-15 05:00:00,0.73,2.19,1013.5600000000001,14.13,15.690000000000001
2024-05-15 06:00:00,0.747,3.31,1013.1600000000001,13.690000000000001,15.6
2024-05-15 07:00:00,0.656,2.1399999999999997,1012.4,13.75,15.62
2024-05-15 08:00:00,0.486,1.86,1011.79,13.74,15.569999999999999
2024-05-15 09:00:00,0.236,2.37,1011.7700000000001,14.040000000000001,15.64
2024-05-15 10:00:00,0.041,2.8,1011.76,14.11,15.7
2024-05-15 11:00:00,-0.154,3.47,1011.89,14.15,15.7
2024-05-15 12:00:00,-0.283,3.62,1011.8199999999999,14.080000000000002,15.64
2024-05-15 13:00:00,-0.343,3.2299999999999995,1011.6700000000001,14.39,15.6
2024-05-15 14:00:00,-0.232,3.96,1011.43,14.77,15.51
2024-05-15 15:00:00,0.031,4.369999999999999,1011.4200000000001,14.76,15.24
2024-05-15 16:00:00,0.345,4.04,1010.82,14.829999999999998,14.830000000000002
2024-05-15 17:00:00,0.586,5.029999999999999,1010.1299999999999,14.969999999999999,15.15
2024-05-15 18:00:00,0.718,4.62,1009.26,14.86,15.14
2024-05-15 19:00:00,0.727,4.82,1008.32,15.35,15.37
2024-05-15 20:00:00,0.568,3.7399999999999998,1007.53,15.430000000000001,15.530000000000001
2024-05-15 21:00:00,0.458,6.1,1007.3399999999999,14.790000000000001,15.02
2024-05-15 22:00:00,0.343,6.45,1006.8,14.73,14.51
2024-05-15 23:00:00,0.234,6.76,1006.4399999999999,15.41,14.309999999999999
2024-05-16 00:00:00,0.109,5.66,1006.2,15.190000000000001,14.16
2024-05-16 01:00:00,0.037,5.75,1005.72,15.040000000000001,14.040000000000001
2024-05-16 02:00:00,0.112,6.18,1005.18,15.280000000000001,13.919999999999998
2024-05-16 03:00:00,0.346,6.65,1004.6600000000001,15.35,13.9
2024-05-16 04:00:00,0.639,6.779999999999999,1003.8700000000001,15.64,13.9
2024-05-16 05:00:00,0.87,6.38,1003.3700000000001,15.14,13.9
2024-05-16 06:00:00,1.005,5.58,1002.9200000000001,14.74,13.9
2024-05-16 07:00:00,1.028,4.66,1002.65,14.64,13.9
2024-05-16 08:00:00,0.936,5.869999999999999,1002.54,14.830000000000002,13.9
2024-05-16 09:00:00,0.725,5.96,1002.6600000000001,14.86,13.98
2024-05-16 10:00:00,0.492,5.4799999999999995,1003.5899999999999,14.91,14.0
2024-05-16 11:00:00,0.288,5.93,1003.79,15.15,14.040000000000001
2024-05-16 12:00:00,0.112,6.859999999999999,1004.29,15.4,14.14
2024-05-16 13:00:00,0.014,7.090000000000001,1004.53,15.469999999999999,14.2
2024-05-16 14:00:00,0.016,6.93,1005.0899999999999,15.9,14.280000000000001
2024-05-16 15:00:00,0.131,6.4,1005.8333333333334,16.333333333333332,14.300000000000002
2024-05-16 16:00:00,0.353,5.720000000000001,1006.15,16.86,14.35
2024-05-16 17:00:00,0.586,5.84,1006.47,17.1,14.419999999999998
2024-05-16 18:00:00,0.755,5.779999999999999,1006.82,17.3,14.59
2024-05-16 19:00:00,0.914,4.64,1007.11,17.369999999999997,14.76
2024-05-16 20:00:00,0.977,5.59,1007.78,17.369999999999997,14.809999999999999
2024-05-16 21:00:00,0.903,5.34,1008.6600000000001,17.41,14.820000000000002
2024-05-16 22:00:00,0.732,4.82,1009.5,17.05,14.89
2024-05-16 23:00:00,0.479,5.29,1010.3700000000001,16.64,14.809999999999999
2024-05-17 00:00:00,0.254,4.52,1011.28,16.330000000000002,14.8
2024-05-17 01:00:00,0.087,4.51,1011.71,16.410000000000004,14.74
2024-05-17 02:00:00,0.028,4.4399999999999995,1011.79,16.740000000000002,14.7
2024-05-17 03:00:00,0.149,4.9799999999999995,1012.1800000000001,16.31,14.669999999999998
2024-05-17 04:00:00,0.358,4.95,1012.0,16.06,14.7
2024-05-17 05:00:00,0.611,5.16,1011.49,15.59,14.7
2024-05-17 06:00:00,0.8,4.35,1011.7700000000001,15.330000000000002,14.7
2024-05-17 07:00:00,0.861,4.470000000000001,1012.25,15.069999999999999,14.7
2024-05-17 08:00:00,0.856,2.98,1013.6,14.8,14.7
2024-05-17 09:00:00,0.767,4.01,1014.03,14.709999999999999,14.780000000000001
2024-05-17 10:00:00,0.609,3.9,1014.5200000000001,14.66,14.7
2024-05-17 11:00:00,0.374,4.01,1015.07,15.26,14.76
2024-05-17 12:00:00,0.114,3.7800000000000002,1015.32,15.940000000000001,14.8
2024-05-17 13:00:00,-0.137,4.18,1014.9399999999999,16.57,14.8
2024-05-17 14:00:00,-0.198,3.2,1015.04,17.39,14.8
2024-05-17 15:00:00,-0.148,1.9600000000000002,1015.22,18.240000000000002,14.8
2024-05-17 16:00:00,0.06,2.02,1015.18,18.990000000000002,14.89
2024-05-17 17:00:00,0.282,2.84,1015.0799999999999,17.85,15.040000000000001
2024-05-17 18:00:00,0.503,2.34,1014.8700000000001,17.95,15.430000000000001
2024-05-17 19:00:00,0.7,1.6800000000000002,1014.79,18.5,15.75
2024-05-17 20:00:00,0.834,1.9,1014.74,19.119999999999997,15.580000000000002
2024-05-17 21:00:00,0.873,1.81,1014.6300000000001,19.0,15.45
2024-05-17 22:00:00,0.785,3.13,1014.4,18.44,15.469999999999999
2024-05-17 23:00:00,0.593,2.41,1014.64,17.96,15.469999999999999
2024-05-18 00:00:00,0.35,3.9299999999999997,1014.75,16.630000000000003,15.41
2024-05-18 01:00:00,0.143,3.12,1014.9,16.0,16.07
2024-05-18 02:00:00,-0.031,2.13,1015.1899999999999,15.559999999999999,16.65
2024-05-18 03:00:00,-0.098,1.41,1015.0200000000001,15.419999999999998,16.369999999999997
2024-05-18 04:00:00,0.008,0.85,1014.8299999999999,14.919999999999998,16.0
2024-05-18 05:00:00,0.23,0.36,1014.7700000000001,14.84,16.03
2024-05-18 06:00:00,0.536,1.47,1014.9,14.74,16.060000000000002
2024-05-18 07:00:00,0.73,1.31,1014.8199999999999,14.830000000000002,16.009999999999998
2024-05-18 08:00:00,0.819,1.5,1014.9399999999999,14.830000000000002,15.870000000000001
2024-05-18 09:00:00,0.795,1.54,1015.18,14.9,15.65
2024-05-18 10:00:00,0.669,1.9,1015.6700000000001,15.190000000000001,15.5
2024-05-18 11:00:00,0.478,1.8,1016.29,16.330000000000002,15.559999999999999
2024-05-18 12:00:00,0.293,2.85,1016.5200000000001,16.82,15.74
2024-05-18 13:00:00,0.113,2.2199999999999998,1016.53,17.28,15.680000000000001
2024-05-18 14:00:00,-0.083,1.35,1016.25,17.02,15.66
2024-05-18 15:00:00,-0.216,1.27,1015.8399999999999,17.96,15.809999999999999
2024-05-18 16:00:00,-0.207,1.65,1015.64,18.6,15.830000000000002
2024-05-18 17:00:00,-0.016,3.2299999999999995,1015.51,16.580000000000002,15.8
2024-05-18 18:00:00,0.286,4.14,1015.6,15.63,16.07
2024-05-18 19:00:00,0.636,4.54,1015.8,15.580000000000002,16.3
2024-05-18 20:00:00,0.856,4.04,1015.78,15.24,16.2
2024-05-18 21:00:00,0.934,3.07,1015.6,15.13,16.14
2024-05-18 22:00:00,0.899,2.07,1015.3299999999999,14.95,16.1
2024-05-18 23:00:00,0.73,0.96,1015.55,14.690000000000001,16.18
2024-05-19 00:00:00,0.489,1.3,1015.76,14.419999999999998,16.2
2024-05-19 01:00:00,0.247,0.51,1015.93,14.34,16.2
2024-05-19 02:00:00,0.033,0.22999999999999998,1015.82,14.45,16.2
2024-05-19 03:00:00,-0.132,1.15,1015.7,14.64,16.2
2024-05-19 04:00:00,-0.186,1.24,1015.47,14.830000000000002,16.2
2024-05-19 05:00:00,-0.048,1.7899999999999998,1015.22,15.09,16.3
2024-05-19 06:00:00,0.231,1.8699999999999999,1015.11,15.14,16.34
2024-05-19 07:00:00,0.504,1.8800000000000001,1015.3,15.070000000000002,16.119999999999997
2024-05-19 08:00:00,0.692,3.1399999999999997,1015.3399999999999,15.219999999999999,16.0
2024-05-19 09:00:00,0.77,2.8899999999999997,1015.72,15.2,15.930000000000001
2024-05-19 10:00:00,0.762,2.9699999999999998,1016.28,15.49,15.99
2024-05-19 11:00:00,0.644,3.59,1016.4200000000001,15.76,16.0
2024-05-19 12:00:00,0.459,4.71,1016.6,16.669999999999998,16.0
2024-05-19 13:00:00,0.234,4.25,1016.72,17.55,16.1
2024-05-19 14:00:00,-0.006,4.12,1016.75,18.240000000000002,16.12
2024-05-19 15:00:00,-0.194,3.9200000000000004,1016.55,19.07,16.12
2024-05-19 16:00:00,-0.269,2.96,1016.3299999999999,19.82,16.1
2024-05-19 17:00:00,-0.166,3.05,1015.96,18.57,16.279999999999998
2024-05-19 18:00:00,0.121,4.15,1015.72,17.78,16.86
2024-05-19 19:00:00,0.499,3.59,1015.53,18.009999999999998,16.869999999999997
2024-05-19 20:00:00,0.784,3.8200000000000003,1015.3699999999999,18.15,16.990000000000002
2024-05-19 21:00:00,0.955,4.58,1015.5200000000001,17.34,17.1
2024-05-19 22:00:00,1.032,5.46,1015.8299999999999,14.830000000000002,16.990000000000002
2024-05-19 23:00:00,0.961,4.8100000000000005,1016.35,13.919999999999998,17.119999999999997
2024-05-20 00:00:00,0.756,4.029999999999999,1017.01,13.45,17.05
2024-05-20 01:00:00,0.473,3.3200000000000003,1017.8700000000001,13.190000000000001,16.88
2024-05-20 02:00:00,0.2,2.5,1018.1600000000001,13.040000000000001,16.81
2024-05-20 03:00:00,-0.039,1.54,1018.1300000000001,12.940000000000001,16.869999999999997
2024-05-20 04:00:00,-0.207,0.95,1018.1200000000001,12.930000000000001,16.81
2024-05-20 05:00:00,-0.21,0.71,1018.03,13.11,16.7
2024-05-20 06:00:00,-0.031,1.6199999999999999,1017.57,13.580000000000002,16.7
2024-05-20 07:00:00,0.276,1.97,1017.5,13.6,16.619999999999997
2024-05-20 08:00:00,0.563,1.9899999999999998,1017.46,13.219999999999999,16.45
2024-05-20 09:00:00,0.733,0.79,1017.45,13.38,16.509999999999998
2024-05-20 10:00:00,0.834,1.0,1017.68,14.169999999999998,16.6
2024-05-20 11:00:00,0.801,1.3699999999999999,1018.3399999999999,14.55,16.6
2024-05-20 12:00:00,0.638,1.34,1018.99,15.35,16.6
2024-05-20 13:00:00,0.38,1.67,1018.8299999999999,15.8,16.6
2024-05-20 14:00:00,0.121,2.388888888888889,1018.6999999999999,15.277777777777779,16.655555555555555
2024-05-20 15:00:00,-0.104,3.6799999999999997,1018.8100000000001,16.259999999999998,16.880000000000003
2024-05-20 16:00:00,-0.297,4.07,1018.6300000000001,16.64,17.66
2024-05-20 17:00:00,-0.343,5.75,1018.05,15.76,17.619999999999997
2024-05-20 18:00:00,-0.147,6.26,1017.8100000000001,15.55,18.31
2024-05-20 19:00:00,0.212,6.01,1017.47,15.98,18.060000000000002
2024-05-20 20:00:00,0.583,6.13,1017.1299999999999,16.16,18.279999999999998
2024-05-20 21:00:00,0.865,6.32,1016.9200000000001,16.34,18.4
2024-05-20 22:00:00,1.028,6.21,1016.5899999999999,15.959999999999999,18.369999999999997
2024-05-20 23:00:00,1.069,6.26,1016.5600000000001,15.569999999999999,18.06
2024-05-21 00:00:00,0.934,5.68,1016.79,15.7,18.0
2024-05-21 01:00:00,0.651,4.04,1017.32,15.62,18.03
2024-05-21 02:00:00,0.337,2.6399999999999997,1017.5,15.440000000000001,18.1
2024-05-21 03:00:00,0.032,1.56,1017.55,14.98,18.1
2024-05-21 04:00:00,-0.19,2.2600000000000002,1017.3,14.59,18.1
2024-05-21 05:00:00,-0.319,2.7199999999999998,1017.0799999999999,14.5,18.04
2024-05-21 06:00:00,-0.295,3.022222222222222,1016.6777777777778,14.088888888888889,17.700000000000003
2024-05-21 07:00:00,-0.068,2.0100000000000002,1016.5799999999999,13.89,17.54
2024-05-21 08:00:00,0.276,2.2,1016.8199999999999,13.48,17.4
2024-05-21 09:00:00,0.571,2.9699999999999998,1016.86,13.559999999999999,17.3
2024-05-21 10:00:00,0.771,2.46,1017.11,14.080000000000002,17.29
2024-05-21 11:00:00,0.852,1.98,1017.29,15.01,17.2
2024-05-21 12:00:00,0.74,1.0,1017.57,16.27,17.2
2024-05-21 13:00:00,0.469,0.6900000000000001,1017.51,17.45,17.2
2024-05-21 14:00:00,0.176,0.61,1017.2299999999999,18.46,17.19
2024-05-21 15:00:00,-0.054,2.05,1016.89,19.740000000000002,17.04
2024-05-21 16:00:00,-0.239,3.25,1016.28,20.39,17.07
2024-05-21 17:00:00,-0.366,2.73,1015.68,22.839999999999996,17.080000000000002
2024-05-21 18:00:00,-0.307,4.08,1015.3100000000001,22.65,17.080000000000002
2024-05-21 19:00:00,-0.036,4.279999999999999,1014.9399999999999,23.4,18.61
2024-05-21 20:00:00,0.327,4.26,1014.6300000000001,23.740000000000002,18.4
2024-05-21 21:00:00,0.679,3.84,1014.28,23.7,18.97
2024-05-21 22:00:00,0.944,4.2,1014.4200000000001,23.44,17.98
2024-05-21 23:00:00,1.064,4.109999999999999,1014.39,22.95,17.9
2024-05-22 00:00:00,1.059,3.56,1014.55,22.16,18.94
2024-05-22 01:00:00,0.856,4.58,1014.79,21.919999999999998,19.15
2024-05-22 02:00:00,0.515,4.7,1015.07,21.75,18.93
2024-05-22 03:00:00,0.145,5.89,1015.1,21.14,18.740000000000002
2024-05-22 04:00:00,-0.179,6.51,1015.1800000000001,20.36,19.43
2024-05-22 05:00:00,-0.403,6.26,1015.3100000000001,19.919999999999998,19.6
2024-05-22 06:00:00,-0.478,4.1,1015.4799999999999,19.35,19.509999999999998
2024-05-22 07:00:00,-0.332,4.11,1015.6700000000001,19.04,19.4
2024-05-22 08:00:00,-0.039,3.85,1015.6299999999999,18.369999999999997,19.29
2024-05-22 09:00:00,0.315,3.3,1016.4,17.869999999999997,19.009999999999998
2024-05-22 10:00:00,0.58,2.82,1016.86,17.69,18.95
2024-05-22 11:00:00,0.738,1.6199999999999999,1016.82,17.96,18.72
2024-05-22 12:00:00,0.76,0.42000000000000004,1016.9200000000001,20.04,18.630000000000003
2024-05-22 13:00:00,0.633,0.43,1016.82,21.509999999999998,18.560000000000002
2024-05-22 14:00:00,0.365,1.52,1016.39,21.84,17.96
2024-05-22 15:00:00,0.075,3.0300000000000002,1016.03,21.619999999999997,17.84
2024-05-22 16:00:00,-0.166,4.7700000000000005,1015.28,23.06,17.81
2024-05-22 17:00:00,-0.348,6.23,1014.54,23.4,18.44
2024-05-22 18:00:00,-0.439,7.5,1013.85,23.53,19.369999999999997
2024-05-22 19:00:00,-0.323,7.7700000000000005,1013.3100000000001,23.05,19.97
2024-05-22 20:00:00,0.029,7.409999999999999,1012.99,23.1,19.419999999999998
2024-05-22 21:00:00,0.46,6.220000000000001,1012.6700000000001,22.21,20.13
2024-05-22 22:00:00,0.821,5.43,1012.3100000000001,21.880000000000003,19.82
2024-05-22 23:00:00,1.027,4.55,1012.07,23.369999999999997,19.41
2024-05-23 00:00:00,1.097,4.15,1012.3399999999999,22.89,19.29
2024-05-23 01:00:00,0.984,5.45,1013.0600000000001,22.580000000000002,19.29
2024-05-23 02:00:00,0.705,4.96,1013.5,21.830000000000002,19.03
2024-05-23 03:00:00,0.344,4.16,1013.0799999999999,21.369999999999997,19.28
2024-05-23 04:00:00,-0.008,4.2700000000000005,1012.93,21.3,19.490000000000002
2024-05-23 05:00:00,-0.31,3.0,1012.8,20.6,19.45
2024-05-23 06:00:00,-0.547,1.98,1012.4799999999999,20.240000000000002,19.369999999999997
2024-05-23 07:00:00,-0.567,2.32,1011.9200000000001,20.39,19.14
2024-05-23 08:00:00,-0.301,2.57,1011.65,20.18,19.07
2024-05-23 09:00:00,0.042,2.5,1011.78,19.75,19.0
2024-05-23 10:00:00,0.387,1.89,1011.6600000000001,19.15,18.96
2024-05-23 11:00:00,0.619,2.4699999999999998,1011.76,19.380000000000003,17.630000000000003
2024-05-23 12:00:00,0.752,3.05,1011.97,19.89,17.48
2024-05-23 13:00:00,0.694,4.9,1012.4100000000001,20.369999999999997,18.17
2024-05-23 14:00:00,0.515,5.077777777777778,1013.5888888888888,19.466666666666665,18.522222222222222
2024-05-23 15:00:00,0.2,2.3,1013.18,19.81,18.740000000000002
2024-05-23 16:00:00,-0.067,1.8199999999999998,1012.65,21.3,18.75
2024-05-23 17:00:00,-0.287,2.95,1012.7700000000001,21.39,19.08
2024-05-23 18:00:00,-0.49,1.3199999999999998,1012.5899999999999,22.16,19.9
2024-05-23 19:00:00,-0.483,1.7100000000000002,1012.51,22.169999999999998,20.02
2024-05-23 20:00:00,-0.262,2.21,1012.0200000000001,22.27,19.77
2024-05-23 21:00:00,0.161,1.15,1011.9100000000001,23.15,19.11
2024-05-23 22:00:00,0.64,2.71,1011.65,23.490000000000002,18.369999999999997
2024-05-23 23:00:00,0.913,4.55,1011.61,22.990000000000002,17.8
2024-05-24 00:00:00,1.087,3.2299999999999995,1011.7299999999999,21.95,17.46
2024-05-24 01:00:00,1.124,3.7,1011.96,22.270000000000003,17.490000000000002
2024-05-24 02:00:00,0.925,3.5100000000000002,1012.1300000000001,21.240000000000002,17.880000000000003
2024-05-24 03:00:00,0.606,3.9299999999999997,1011.97,20.82,18.97
2024-05-24 04:00:00,0.211,4.0200000000000005,1012.05,21.31,19.15
2024-05-24 05:00:00,-0.14,2.41,1011.85,20.21,19.2
2024-05-24 06:00:00,-0.398,1.27,1011.71,20.16,19.2
2024-05-24 07:00:00,-0.551,2.4,1011.4399999999999,20.14,19.19
2024-05-24 08:00:00,-0.498,2.0900000000000003,1011.0899999999999,19.759999999999998,19.1
2024-05-24 09:00:00,-0.245,2.16,1011.2700000000001,19.169999999999998,19.1
2024-05-24 10:00:00,0.096,2.94,1011.75,19.29,19.110000000000003
2024-05-24 11:00:00,0.456,3.81,1012.1899999999999,19.380000000000003,19.2
2024-05-24 12:00:00,0.712,2.5100000000000002,1012.47,20.02,19.080000000000002
2024-05-24 13:00:00,0.82,2.45,1012.3399999999999,20.55,19.169999999999998
2024-05-24 14:00:00,0.7,2.2800000000000002,1012.2,22.32,19.32
2024-05-24 15:00:00,0.458,2.79,1011.7700000000001,22.68,19.71
2024-05-24 16:00:00,0.143,1.55,1011.28,23.990000000000002,20.0
2024-05-24 17:00:00,-0.125,2.5300000000000002,1010.6700000000001,25.78,20.229999999999997
2024-05-24 18:00:00,-0.34,5.15,1010.1700000000001,25.02,20.759999999999998
2024-05-24 19:00:00,-0.477,5.64,1009.6600000000001,25.27,21.64
2024-05-24 20:00:00,-0.354,3.69,1009.6700000000001,25.15,21.36
2024-05-24 21:00:00,-0.009,5.68,1009.7700000000001,24.580000000000002,19.77
2024-05-24 22:00:00,0.416,4.86,1009.78,24.59,21.09
2024-05-24 23:00:00,0.781,3.9899999999999998,1009.6600000000001,24.119999999999997,20.34
2024-05-25 00:00:00,0.997,3.22,1009.7,22.6,18.919999999999998
2024-05-25 01:00:00,1.097,1.69,1010.2,21.39,18.869999999999997
2024-05-25 02:00:00,1.103,1.05,1010.51,21.080000000000002,19.380000000000003
2024-05-25 03:00:00,0.905,0.86,1010.75,21.119999999999997,20.869999999999997
2024-05-25 04:00:00,0.533,1.19,1011.0200000000001,20.759999999999998,20.11
2024-05-25 05:00:00,0.126,1.16,1010.7700000000001,21.0,20.43
2024-05-25 06:00:00,-0.264,2.29,1011.0,20.48,20.68
2024-05-25 07:00:00,-0.539,0.8400000000000001,1011.32,19.71,20.7
2024-05-25 08:00:00,-0.623,1.78,1011.18,19.18,20.69
2024-05-25 09:00:00,-0.447,0.47000000000000003,1011.97,18.6,20.6
2024-05-25 10:00:00,-0.105,1.86,1012.78,19.66,20.369999999999997
2024-05-25 11:00:00,0.265,2.79,1012.55,20.28,19.72
2024-05-25 12:00:00,0.502,3.4899999999999998,1012.6200000000001,20.06,18.86
2024-05-25 13:00:00,0.681,3.0,1013.14,20.220000000000002,18.44
2024-05-25 14:00:00,0.738,3.0100000000000002,1013.7299999999999,20.43,19.509999999999998
2024-05-25 15:00:00,0.653,3.8600000000000003,1013.65,19.919999999999998,19.72
2024-05-25 16:00:00,0.421,4.9799999999999995,1013.18,19.11,20.06
2024-05-25 17:00:00,0.113,5.16,1012.6600000000001,18.95,20.21
2024-05-25 18:00:00,-0.198,5.0600000000000005,1012.51,19.130000000000003,20.23
2024-05-25 19:00:00,-0.397,5.220000000000001,1012.05,18.36,20.34
2024-05-25 20:00:00,-0.46,5.3,1011.85,18.19,20.39
2024-05-25 21:00:00,-0.285,5.13,1011.8100000000001,18.080000000000002,18.03
2024-05-25 22:00:00,0.085,5.130000000000001,1011.5200000000001,17.71,17.23
2024-05-25 23:00:00,0.53,3.8200000000000003,1011.6,17.119999999999997,16.94
2024-05-26 00:00:00,0.88,2.38,1011.8,17.11,19.04
2024-05-26 01:00:00,1.081,2.95,1012.1299999999999,17.18,19.71
2024-05-26 02:00:00,1.153,1.5,1012.6,17.23,19.54
2024-05-26 03:00:00,1.078,1.02,1012.61,17.61,19.889999999999997
2024-05-26 04:00:00,0.799,1.83,1011.9100000000001,18.1,19.93
2024-05-26 05:00:00,0.41,3.5200000000000005,1011.57,18.740000000000002,19.759999999999998
2024-05-26 06:00:00,0.02,2.68,1011.6899999999999,18.630000000000003,19.18
2024-05-26 07:00:00,-0.291,0.95,1012.07,18.22,19.75
2024-05-26 08:00:00,-0.494,1.54,1012.0200000000001,17.61,19.740000000000002
2024-05-26 09:00:00,-0.525,2.65,1012.2700000000001,17.19,19.73
2024-05-26 10:00:00,-0.31,2.91,1012.8100000000001,16.98,19.64
2024-05-26 11:00:00,0.008,2.5100000000000002,1013.51,17.09,18.85
2024-05-26 12:00:00,0.323,3.4000000000000004,1013.6666666666666,17.522222222222222,17.177777777777777
2024-05-26 13:00:00,0.594,2.93,1013.5600000000001,18.7,17.22
2024-05-26 14:00:00,0.801,3.31,1013.7,20.18,17.259999999999998
2024-05-26 15:00:00,0.837,3.55,1013.9100000000001,21.64,18.54
2024-05-26 16:00:00,0.692,5.0200000000000005,1013.93,21.380000000000003,19.990000000000002
2024-05-26 17:00:00,0.376,5.3100000000000005,1013.68,21.4,20.18
2024-05-26 18:00:00,0.043,5.15,1013.4100000000001,20.169999999999998,20.44
2024-05-26 19:00:00,-0.228,5.25,1013.43,20.009999999999998,20.73
2024-05-26 20:00:00,-0.386,5.470000000000001,1012.9300000000001,19.95,20.009999999999998
2024-05-26 21:00:00,-0.395,5.54,1012.8299999999999,19.46,19.119999999999997
2024-05-26 22:00:00,-0.132,5.49,1013.0,19.54,19.19
2024-05-26 23:00:00,0.246,4.54,1013.4399999999999,18.369999999999997,18.57
2024-05-27 00:00:00,0.645,4.32,1013.55,17.869999999999997,18.56
2024-05-27 01:00:00,0.927,5.53,1013.57,17.509999999999998,19.04
2024-05-27 02:00:00,1.065,4.61,1013.5200000000001,17.46,19.2
2024-05-27 03:00:00,1.103,2.75,1013.9100000000001,17.5,19.15
2024-05-27 04:00:00,0.986,3.6,1013.89,17.389999999999997,19.27
2024-05-27 05:00:00,0.737,3.6700000000000004,1013.51,17.71,19.35
2024-05-27 06:00:00,0.385,4.279999999999999,1012.49,17.6,19.119999999999997
2024-05-27 07:00:00,0.006,2.9899999999999998,1012.5600000000001,17.69,18.05
2024-05-27 08:00:00,-0.323,3.55,1012.45,17.64,17.6
2024-05-27 09:00:00,-0.526,3.19,1012.2,17.57,17.54
2024-05-27 10:00:00,-0.477,2.2199999999999998,1012.49,17.880000000000003,18.169999999999998
2024-05-27 11:00:00,-0.191,2.5,1012.24,18.34,18.59
2024-05-27 12:00:00,0.14,3.91,1012.4200000000001,18.669999999999998,18.62
2024-05-27 13:00:00,0.425,5.6899999999999995,1011.95,18.86,18.77
2024-05-27 14:00:00,0.679,5.9399999999999995,1011.8,18.78,18.28
2024-05-27 15:00:00,0.885,6.609999999999999,1011.4800000000001,20.43,18.66
2024-05-27 16:00:00,0.87,8.4,1010.7700000000001,21.23,19.16
2024-05-27 17:00:00,0.64,6.970000000000001,1009.89,20.9,19.36
2024-05-27 18:00:00,0.342,8.82,1009.4100000000001,20.6,19.45
2024-05-27 19:00:00,0.099,7.9,1008.35,20.91,19.490000000000002
2024-05-27 20:00:00,-0.077,9.67,1006.85,20.22,19.490000000000002
2024-05-27 21:00:00,-0.232,4.01,1006.55,19.61,19.580000000000002
2024-05-27 22:00:00,-0.25,4.720000000000001,1006.3,18.75,19.52
2024-05-27 23:00:00,-0.051,7.890000000000001,1006.0200000000001,18.990000000000002,19.5
2024-05-28 00:00:00,0.367,5.38,1006.5600000000001,18.79,19.43
2024-05-28 01:00:00,0.77,3.55,1006.86,19.1,19.11
2024-05-28 02:00:00,1.023,1.0,1006.85,18.9,18.990000000000002
2024-05-28 03:00:00,1.086,1.28,1006.2700000000001,18.1,19.1
2024-05-28 04:00:00,1.096,2.15,1006.14,17.36,18.94
2024-05-28 05:00:00,1.004,0.33999999999999997,1005.4799999999999,17.97,18.31
2024-05-28 06:00:00,0.766,1.8399999999999999,1005.0899999999999,18.259999999999998,18.52
2024-05-28 07:00:00,0.427,1.7399999999999998,1005.22,18.98,18.5
2024-05-28 08:00:00,0.054,2.87,1005.82,19.630000000000003,18.5
2024-05-28 09:00:00,-0.268,2.9,1006.36,19.5,18.5
2024-05-28 10:00:00,-0.464,3.56,1007.07,19.56,18.27
2024-05-28 11:00:00,-0.434,6.659999999999999,1007.65,20.28,18.1
2024-05-28 12:00:00,-0.165,8.51,1007.9100000000001,20.380000000000003,18.259999999999998
2024-05-28 13:00:00,0.127,7.37,1007.55,20.25,18.5
2024-05-28 14:00:00,0.456,7.95,1007.6200000000001,20.65,18.740000000000002
2024-05-28 15:00:00,0.715,6.17,1008.3799999999999,21.14,18.88
2024-05-28 16:00:00,0.857,5.34,1008.21,21.52,19.07
2024-05-28 17:00:00,0.784,6.489999999999999,1008.0899999999999,22.25,19.130000000000003
2024-05-28 18:00:00,0.577,7.43,1008.03,22.779999999999998,19.27
2024-05-28 19:00:00,0.266,8.42,1007.3299999999999,23.26,19.66
2024-05-28 20:00:00,0.026,8.120000000000001,1007.26,23.5,19.98
2024-05-28 21:00:00,-0.192,8.1,1007.0899999999999,23.8,20.060000000000002
2024-05-28 22:00:00,-0.292,8.09,1007.3,23.69,20.09
2024-05-28 23:00:00,-0.285,8.48,1008.1,23.59,19.97
2024-05-29 00:00:00,-0.072,7.779999999999999,1008.9399999999999,22.630000000000003,19.79
2024-05-29 01:00:00,0.245,4.88,1010.1299999999999,20.630000000000003,19.57
2024-05-29 02:00:00,0.527,4.29,1010.55,20.080000000000002,19.34
2024-05-29 03:00:00,0.786,4.17,1010.9,19.59,19.369999999999997
2024-05-29 04:00:00,0.941,4.05,1010.95,19.29,19.4
2024-05-29 05:00:00,0.99,3.65,1011.14,18.770000000000003,19.4
2024-05-29 06:00:00,0.842,5.5,1011.54,18.47,19.4
2024-05-29 07:00:00,0.539,5.29,1011.7299999999999,18.259999999999998,19.4
2024-05-29 08:00:00,0.184,4.43,1011.71,17.64,19.34
2024-05-29 09:00:00,-0.159,5.46,1011.95,17.339999999999996,19.3
2024-05-29 10:00:00,-0.421,5.2,1012.5200000000001,17.470000000000002,19.3
2024-05-29 11:00:00,-0.562,5.67,1013.18,17.39,19.3
2024-05-29 12:00:00,-0.485,4.99,1013.45,17.68,19.34
2024-05-29 13:00:00,-0.199,3.3,1013.4200000000001,18.740000000000002,19.4
2024-05-29 14:00:00,0.141,2.46,1014.11,18.75,19.4
2024-05-29 15:00:00,0.465,2.18,1014.8299999999999,19.39,19.57
2024-05-29 16:00:00,0.684,0.93,1014.65,20.919999999999998,19.57
2024-05-29 17:00:00,0.794,2.2399999999999998,1013.8399999999999,21.369999999999997,19.05
2024-05-29 18:00:00,0.724,1.8,1013.3299999999999,21.6,19.27
2024-05-29 19:00:00,0.536,2.62,1012.7299999999999,22.02,19.95
2024-05-29 20:00:00,0.288,6.720000000000001,1012.45,20.869999999999997,20.830000000000002
2024-05-29 21:00:00,0.074,6.38,1012.49,20.89,21.45
2024-05-29 22:00:00,-0.139,6.909999999999999,1012.26,19.81,21.3
2024-05-29 23:00:00,-0.303,4.18,1012.24,19.32,21.46
2024-05-30 00:00:00,-0.309,5.37,1012.64,18.990000000000002,21.169999999999998
2024-05-30 01:00:00,-0.082,9.3,1013.85,17.13,21.23
2024-05-30 02:00:00,0.148,3.65,1013.7299999999999,16.580000000000002,21.12
2024-05-30 03:00:00,0.49,2.13,1013.79,16.43,20.91
2024-05-30 04:00:00,0.77,2.17,1012.9399999999999,16.39,20.82
2024-05-30 05:00:00,0.902,1.64,1013.15,16.7,20.73
2024-05-30 06:00:00,0.874,2.56,1012.97,16.630000000000003,20.7
2024-05-30 07:00:00,0.738,4.91,1012.8199999999999,16.520000000000003,20.630000000000003
2024-05-30 08:00:00,0.467,6.67,1012.72,15.940000000000001,20.54
2024-05-30 09:00:00,0.136,6.38,1013.1299999999999,15.669999999999998,20.46
2024-05-30 10:00:00,-0.161,4.83,1013.71,15.219999999999999,20.34
2024-05-30 11:00:00,-0.463,4.5200000000000005,1014.2700000000001,15.330000000000002,20.3
2024-05-30 12:00:00,-0.589,6.44,1015.0200000000001,15.309999999999999,20.3
2024-05-30 13:00:00,-0.515,5.39,1015.4,15.780000000000001,20.34
2024-05-30 14:00:00,-0.262,4.8,1015.28,16.64,20.28
2024-05-30 15:00:00,0.078,4.64,1015.0600000000001,17.279999999999998,20.07
2024-05-30 16:00:00,0.447,4.36,1014.8399999999999,18.16,20.0
2024-05-30 17:00:00,0.709,3.78,1014.47,19.18,19.6
2024-05-30 18:00:00,0.816,3.22,1014.46,19.919999999999998,19.110000000000003
2024-05-30 19:00:00,0.791,2.25,1014.4,20.07,19.5
2024-05-30 20:00:00,0.593,2.15,1014.64,20.45,20.23
2024-05-30 21:00:00,0.36,1.42,1014.9100000000001,20.84,21.15
2024-05-30 22:00:00,0.085,1.0799999999999998,1015.2299999999999,20.85,21.34
2024-05-30 23:00:00,-0.166,1.33,1015.72,20.4,21.21
2024-05-31 00:00:00,-0.349,1.69,1016.15,19.34,21.15
2024-05-31 01:00:00,-0.351,3.65,1016.76,18.28,21.169999999999998
2024-05-31 02:00:00,-0.164,4.01,1017.1600000000001,18.11,21.06
2024-05-31 03:00:00,0.149,4.1,1017.4100000000001,17.97,20.830000000000002
2024-05-31 04:00:00,0.477,4.65,1017.71,17.94,20.65
2024-05-31 05:00:00,0.73,5.1,1018.0200000000001,17.54,20.48
2024-05-31 06:00:00,0.876,4.18,1018.2,16.79,20.509999999999998
2024-05-31 07:00:00,0.878,3.71,1018.24,16.95,20.6
2024-05-31 08:00:00,0.68,4.15,1018.45,17.41,20.509999999999998
2024-05-31 09:00:00,0.362,2.98,1019.2700000000001,16.830000000000002,20.4
2024-05-31 10:00:00,0.025,3.2399999999999998,1020.11,16.77,20.09
2024-05-31 11:00:00,-0.281,4.220000000000001,1020.99,16.75,19.44
2024-05-31 12:00:00,-0.522,5.05,1021.43,17.28,19.490000000000002
2024-05-31 13:00:00,-0.652,5.42,1021.6800000000001,18.05,19.580000000000002
2024-05-31 14:00:00,-0.555,5.15,1021.8399999999999,19.330000000000002,19.759999999999998
2024-05-31 15:00:00,-0.246,5.28,1021.8299999999999,20.369999999999997,20.080000000000002
2024-05-31 16:00:00,0.136,4.42,1021.5799999999999,21.34,20.25
2024-05-31 17:00:00,0.494,3.34,1021.26,21.55,20.27
2024-05-31 18:00:00,0.761,3.3899999999999997,1020.71,21.85,19.69
2024-05-31 19:00:00,0.907,2.59,1020.1200000000001,21.79,19.52
2024-05-31 20:00:00,0.848,2.8400000000000003,1019.6200000000001,22.09,20.0
2024-05-31 21:00:00,0.62,3.87,1019.1899999999999,22.6,20.869999999999997
2024-05-31 22:00:00,0.322,4.6899999999999995,1019.45,22.71,21.259999999999998
2024-05-31 23:00:00,0.025,5.15,1019.78,22.369999999999997,21.3
2024-06-01 00:00:00,-0.238,3.08,1020.1200000000001,21.32,21.25
2024-06-01 01:00:00,-0.399,3.9799999999999995,1020.6600000000001,20.93,21.2
2024-06-01 02:00:00,-0.421,4.18,1021.1299999999999,20.29,21.23
2024-06-01 03:00:00,-0.262,4.11,1021.3799999999999,20.05,21.12
2024-06-01 04:00:00,0.032,3.46,1021.25,19.39,20.89
2024-06-01 05:00:00,0.359,2.7800000000000002,1021.0899999999999,17.84,20.490000000000002
2024-06-01 06:00:00,0.616,3.17,1020.8399999999999,17.990000000000002,20.39
2024-06-01 07:00:00,0.773,4.75,1021.1,18.09,20.23
2024-06-01 08:00:00,0.788,5.61,1021.57,17.939999999999998,20.130000000000003
2024-06-01 09:00:00,0.6,5.3,1022.0899999999999,17.52,20.1
2024-06-01 10:00:00,0.29,5.65,1022.6700000000001,17.46,20.1
2024-06-01 11:00:00,-0.061,4.9399999999999995,1022.8199999999999,17.95,20.080000000000002
2024-06-01 12:00:00,-0.377,3.94,1022.68,18.35,20.1
2024-06-01 13:00:00,-0.625,3.21,1022.54,19.919999999999998,20.1
2024-06-01 14:00:00,-0.696,3.0,1022.3299999999999,21.55,20.1
2024-06-01 15:00:00,-0.552,1.67,1022.07,21.3,20.130000000000003
2024-06-01 16:00:00,-0.194,1.8800000000000001,1021.5899999999999,21.8,20.47
2024-06-01 17:00:00,0.236,1.1099999999999999,1020.9399999999999,23.43,20.830000000000002
2024-06-01 18:00:00,0.577,0.18,1020.1899999999999,25.48,20.630000000000003
2024-06-01 19:00:00,0.831,1.64,1019.74,25.369999999999997,20.22
2024-06-01 20:00:00,0.969,4.88,1019.22,24.71,20.47
2024-06-01 21:00:00,0.896,4.6,1018.9,24.520000000000003,22.02
2024-06-01 22:00:00,0.72,5.1,1018.7700000000001,24.34,22.8
2024-06-01 23:00:00,0.426,4.63,1018.89,24.15,22.46
2024-06-02 00:00:00,0.11,4.38,1019.0200000000001,23.41,22.419999999999998
2024-06-02 01:00:00,-0.204,3.75,1019.25,22.52,22.5
2024-06-02 02:00:00,-0.436,2.92,1019.2299999999999,21.85,22.48
2024-06-02 03:00:00,-0.499,4.069999999999999,1019.25,21.72,22.369999999999997
2024-06-02 04:00:00,-0.312,6.33,1019.0899999999999,21.2,22.25
2024-06-02 05:00:00,-0.001,5.04,1018.9200000000001,20.43,22.03
2024-06-02 06:00:00,0.34,4.32,1018.8799999999999,19.85,21.9
2024-06-02 07:00:00,0.627,5.65,1018.4200000000001,19.119999999999997,21.889999999999997
2024-06-02 08:00:00,0.82,4.7700000000000005,1018.1899999999999,18.8,21.77
2024-06-02 09:00:00,0.859,4.21,1018.29,19.07,21.64
2024-06-02 10:00:00,0.708,5.07,1018.76,19.419999999999998,21.6
2024-06-02 11:00:00,0.39,4.61,1019.1899999999999,19.71,21.5
2024-06-02 12:00:00,-0.007,4.29,1019.43,20.02,21.5
2024-06-02 13:00:00,-0.356,3.4299999999999997,1019.4,20.57,21.57
2024-06-02 14:00:00,-0.592,2.88,1019.07,21.1,21.65
2024-06-02 15:00:00,-0.672,1.89,1018.6899999999999,22.57,21.7
2024-06-02 16:00:00,-0.493,3.8,1018.11,23.45,21.97
2024-06-02 17:00:00,-0.124,2.8,1017.3799999999999,24.41,22.169999999999998
2024-06-02 18:00:00,0.318,3.22,1016.57,24.39,22.15
2024-06-02 19:00:00,0.709,5.01,1015.9399999999999,24.02,21.580000000000002
2024-06-02 20:00:00,0.973,4.76,1015.6200000000001,23.4,21.61
2024-06-02 21:00:00,1.073,2.21,1015.2,23.61,21.93
2024-06-02 22:00:00,1.021,3.41,1014.8799999999999,23.52,22.259999999999998
2024-06-02 23:00:00,0.767,2.21,1014.6700000000001,21.21,22.439999999999998
2024-06-03 00:00:00,0.458,1.6,1014.5899999999999,21.35,22.47
2024-06-03 01:00:00,0.116,0.73,1014.86,21.93,22.369999999999997
2024-06-03 02:00:00,-0.245,1.02,1014.71,21.55,22.31
2024-06-03 03:00:00,-0.512,1.29,1014.22,21.72,22.4
2024-06-03 04:00:00,-0.587,3.91,1014.07,22.380000000000003,22.27
2024-06-03 05:00:00,-0.391,2.9899999999999998,1014.0799999999999,21.31,22.18
2024-06-03 06:00:00,-0.049,0.9600000000000002,1013.7700000000001,20.669999999999998,22.03
2024-06-03 07:00:00,0.333,1.83,1013.4399999999999,20.740000000000002,21.830000000000002
2024-06-03 08:00:00,0.657,0.82,1013.21,20.35,21.65
2024-06-03 09:00:00,0.852,1.0,1013.3100000000001,20.240000000000002,21.65
2024-06-03 10:00:00,0.864,2.0,1013.68,21.119999999999997,21.580000000000002
2024-06-03 11:00:00,0.647,3.05,1013.65,21.25,21.6
2024-06-03 12:00:00,0.296,3.13,1013.7700000000001,21.25,21.580000000000002
2024-06-03 13:00:00,-0.017,2.21,1013.74,22.09,21.580000000000002
2024-06-03 14:00:00,-0.306,1.94,1013.8199999999999,22.84,21.64
2024-06-03 15:00:00,-0.534,1.7600000000000002,1013.6600000000001,23.580000000000002,21.97
2024-06-03 16:00:00,-0.643,0.93,1013.36,24.869999999999997,22.73
2024-06-03 17:00:00,-0.483,1.48,1012.8299999999999,25.509999999999998,22.43
2024-06-03 18:00:00,-0.087,2.93,1012.32,25.19,21.669999999999998
2024-06-03 19:00:00,0.382,3.46,1012.0200000000001,25.939999999999998,19.509999999999998
2024-06-03 20:00:00,0.814,3.9799999999999995,1011.76,25.71,18.740000000000002
2024-06-03 21:00:00,1.118,3.5,1011.78,26.369999999999997,21.45
2024-06-03 22:00:00,1.245,2.58,1012.14,26.24,20.419999999999998
2024-06-03 23:00:00,1.147,3.5700000000000003,1012.4200000000001,24.91,19.96
2024-06-04 00:00:00,0.838,3.19,1012.89,24.419999999999998,21.19
2024-06-04 01:00:00,0.446,2.88,1013.4399999999999,24.14,22.369999999999997
2024-06-04 02:00:00,0.066,1.9600000000000002,1013.6600000000001,23.29,22.380000000000003
2024-06-04 03:00:00,-0.287,1.1,1013.89,22.36,22.55
2024-06-04 04:00:00,-0.53,1.29,1014.3,19.9,22.5
2024-06-04 05:00:00,-0.538,1.3299999999999998,1014.5200000000001,19.240000000000002,22.5
2024-06-04 06:00:00,-0.319,1.0,1014.7,19.25,22.5
2024-06-04 07:00:00,0.051,2.06,1014.4100000000001,19.07,21.55
2024-06-04 08:00:00,0.409,1.6199999999999999,1014.3399999999999,18.869999999999997,20.02
2024-06-04 09:00:00,0.711,1.57,1014.65,18.27,20.119999999999997
2024-06-04 10:00:00,0.917,3.13,1015.3299999999999,17.84,21.57
2024-06-04 11:00:00,0.92,3.4899999999999998,1016.2299999999999,17.69,21.330000000000002
2024-06-04 12:00:00,0.757,4.35,1017.1299999999999,17.509999999999998,21.43
2024-06-04 13:00:00,0.432,4.180000000000001,1017.7700000000001,17.79,20.7
2024-06-04 14:00:00,0.063,3.84,1018.11,17.94,20.490000000000002
2024-06-04 15:00:00,-0.285,4.39,1018.0600000000001,18.85,20.29
2024-06-04 16:00:00,-0.566,4.58,1017.74,18.98,20.330000000000002
2024-06-04 17:00:00,-0.662,4.79,1017.21,19.44,21.35
2024-06-04 18:00:00,-0.452,4.37,1016.71,19.95,20.72
2024-06-04 19:00:00,0.024,4.57,1016.24,20.619999999999997,19.22
2024-06-04 20:00:00,0.575,4.9,1016.03,20.75,19.09
2024-06-04 21:00:00,0.978,5.51,1015.72,20.380000000000003,20.15
2024-06-04 22:00:00,1.202,5.7,1015.72,19.82,20.25
2024-06-04 23:00:00,1.252,4.029999999999999,1015.89,19.65,20.82
2024-06-05 00:00:00,1.105,3.07,1015.8299999999999,19.009999999999998,21.169999999999998
2024-06-05 01:00:00,0.787,2.62,1016.15,18.73,21.2
2024-06-05 02:00:00,0.391,4.779999999999999,1016.5799999999999,18.5,21.28
2024-06-05 03:00:00,-0.012,3.31,1016.4799999999999,18.4,21.27
2024-06-05 04:00:00,-0.358,1.8199999999999998,1016.03,18.259999999999998,21.23
2024-06-05 05:00:00,-0.574,2.2600000000000002,1015.8299999999999,18.66,21.2
2024-06-05 06:00:00,-0.609,3.5,1015.4100000000001,18.6,21.11
2024-06-05 07:00:00,-0.359,2.58,1015.28,18.279999999999998,20.46
2024-06-05 08:00:00,-0.006,1.25,1015.43,18.46,20.169999999999998
2024-06-05 09:00:00,0.354,1.48,1015.2299999999999,18.36,19.78
2024-06-05 10:00:00,0.686,2.07,1015.1300000000001,18.52,19.54
2024-06-05 11:00:00,0.916,2.9899999999999998,1015.0799999999999,19.130000000000003,19.62
2024-06-05 12:00:00,0.913,3.6100000000000003,1015.0799999999999,19.669999999999998,20.04
2024-06-05 13:00:00,0.682,2.75,1014.8299999999999,20.64,20.36
2024-06-05 14:00:00,0.292,4.5600000000000005,1014.5899999999999,20.25,20.5
2024-06-05 15:00:00,-0.098,3.9299999999999997,1014.29,20.04,20.22
2024-06-05 16:00:00,-0.386,4.88,1013.7,20.4,18.82
2024-06-05 17:00:00,-0.574,5.1899999999999995,1013.11,21.05,18.369999999999997
2024-06-05 18:00:00,-0.589,5.75,1012.3700000000001,21.93,18.15
2024-06-05 19:00:00,-0.312,5.91,1011.45,22.259999999999998,18.97
2024-06-05 20:00:00,0.15,5.57,1010.61,22.59,20.490000000000002
2024-06-05 21:00:00,0.634,5.8,1009.97,22.72,20.52
2024-06-05 22:00:00,0.991,5.470000000000001,1009.5,22.39,19.490000000000002
2024-06-05 23:00:00,1.21,5.17,1009.03,21.72,20.04
2024-06-06 00:00:00,1.27,4.93,1008.55,21.41,20.509999999999998
2024-06-06 01:00:00,1.124,4.13,1008.5,21.07,20.84
2024-06-06 02:00:00,0.77,3.7,1008.32,20.82,20.9
2024-06-06 03:00:00,0.35,3.56,1007.89,20.73,20.9
2024-06-06 04:00:00,-0.034,3.8899999999999997,1007.24,20.31,20.84
2024-06-06 05:00:00,-0.34,5.7,1006.0200000000001,20.29,20.9
2024-06-06 06:00:00,-0.565,5.55,1004.9100000000001,20.35,20.8
2024-06-06 07:00:00,-0.542,4.86,1003.43,20.5,20.8
2024-06-06 08:00:00,-0.227,5.45,1002.4100000000001,20.66,20.7
2024-06-06 09:00:00,0.165,4.7,1002.03,21.32,20.369999999999997
2024-06-06 10:00:00,0.527,3.34,1001.9799999999999,21.46,20.2
2024-06-06 11:00:00,0.817,1.4300000000000002,1002.1,21.380000000000003,20.2
2024-06-06 12:00:00,0.985,0.45999999999999996,1001.86,21.919999999999998,20.2
2024-06-06 13:00:00,0.927,2.2600000000000002,1001.8100000000001,22.31,20.3
2024-06-06 14:00:00,0.646,2.77,1001.55,23.220000000000002,20.4
2024-06-06 15:00:00,0.288,4.220000000000001,1001.76,23.1,20.63
2024-06-06 16:00:00,-0.027,3.75,1001.51,23.729999999999997,21.009999999999998
2024-06-06 17:00:00,-0.285,1.9300000000000002,1000.82,24.93,20.98
2024-06-06 18:00:00,-0.468,2.87,999.9100000000001,25.04,20.44
2024-06-06 19:00:00,-0.39,6.220000000000001,999.3299999999999,26.18,20.15
2024-06-06 20:00:00,-0.092,6.67,998.9399999999999,26.669999999999998,21.259999999999998
2024-06-06 21:00:00,0.371,6.1899999999999995,998.4799999999999,26.48,21.72
2024-06-06 22:00:00,0.798,5.74,998.5899999999999,25.880000000000003,21.21
2024-06-06 23:00:00,1.111,5.46,999.4100000000001,25.330000000000002,20.06
2024-06-07 00:00:00,1.294,4.9399999999999995,999.72,24.630000000000003,19.94
2024-06-07 01:00:00,1.334,3.94,1000.45,23.93,20.97
2024-06-07 02:00:00,1.149,2.38,1001.3,21.830000000000002,21.04
2024-06-07 03:00:00,0.746,1.5,1001.36,21.59,21.03
2024-06-07 04:00:00,0.289,1.6300000000000001,1001.4399999999999,22.03,20.869999999999997
2024-06-07 05:00:00,-0.057,1.06,1001.5899999999999,21.36,21.0
2024-06-07 06:00:00,-0.358,0.79,1001.46,21.080000000000002,21.04
2024-06-07 07:00:00,-0.539,2.59,1001.3100000000001,20.83,20.98
2024-06-07 08:00:00,-0.461,2.75,1001.2299999999999,20.66,21.03
2024-06-07 09:00:00,-0.141,1.16,1001.53,19.96,21.04
2024-06-07 10:00:00,0.239,2.67,1001.9,20.41,21.05
2024-06-07 11:00:00,0.567,2.32,1002.24,20.8,21.080000000000002
2024-06-07 12:00:00,0.85,2.23,1002.71,21.11,20.2
2024-06-07 13:00:00,0.98,1.8800000000000001,1002.8799999999999,21.740000000000002,20.03
2024-06-07 14:00:00,0.9,2.6399999999999997,1002.76,22.1,20.34
2024-06-07 15:00:00,0.652,1.9600000000000002,1002.95,22.81,21.490000000000002
2024-06-07 16:00:00,0.292,0.82,1002.6200000000001,25.02,21.9
2024-06-07 17:00:00,-0.02,1.09,1002.1,26.45,22.36
2024-06-07 18:00:00,-0.252,3.18,1001.72,26.3,22.729999999999997
2024-06-07 19:00:00,-0.394,4.96,1001.45,25.15,22.979999999999997
2024-06-07 20:00:00,-0.321,4.68,1001.3799999999999,25.59,23.73
2024-06-07 21:00:00,0.018,7.6,1001.64,25.5,24.15
2024-06-07 22:00:00,0.504,8.0,1002.26,24.939999999999998,24.020000000000003
2024-06-07 23:00:00,0.902,8.709999999999999,1003.01,24.830000000000002,24.0
2024-06-08 00:00:00,1.157,8.059999999999999,1004.3700000000001,23.03,23.39
2024-06-08 01:00:00,1.216,8.870000000000001,1005.7700000000001,22.41,22.98
2024-06-08 02:00:00,1.162,5.970000000000001,1006.54,21.35,22.67
2024-06-08 03:00:00,0.929,3.4299999999999997,1007.11,20.23,22.91
2024-06-08 04:00:00,0.582,4.57,1007.1600000000001,20.09,20.54
2024-06-08 05:00:00,0.199,5.0200000000000005,1007.01,19.72,21.93
2024-06-08 06:00:00,-0.131,7.12,1006.9200000000001,19.79,22.46
2024-06-08 07:00:00,-0.405,6.99,1006.89,19.5,22.6
2024-06-08 08:00:00,-0.534,5.07,1006.9100000000001,18.87,22.38
2024-06-08 09:00:00,-0.411,6.35,1006.9,18.95,22.12
2024-06-08 10:00:00,-0.098,6.26,1007.45,18.630000000000003,22.009999999999998
2024-06-08 11:00:00,0.248,5.83,1007.85,19.11,21.830000000000002
2024-06-08 12:00:00,0.566,7.109999999999999,1008.03,19.55,21.8
2024-06-08 13:00:00,0.812,7.49,1008.0799999999999,20.29,21.82
2024-06-08 14:00:00,0.894,7.279999999999999,1008.29,21.080000000000002,21.939999999999998
2024-06-08 15:00:00,0.776,9.07,1008.35,21.630000000000003,22.0
2024-06-08 16:00:00,0.486,9.47,1008.54,22.080000000000002,22.14
2024-06-08 17:00:00,0.14,7.93,1008.5600000000001,22.3,22.28
2024-06-08 18:00:00,-0.139,7.85,1008.3799999999999,22.7,22.419999999999998
2024-06-08 19:00:00,-0.343,7.12,1008.47,22.98,22.43
2024-06-08 20:00:00,-0.456,8.26,1008.32,23.4,22.39
2024-06-08 21:00:00,-0.343,7.12,1008.39,23.419999999999998,22.48
2024-06-08 22:00:00,0.0,5.3100000000000005,1008.22,23.14,22.419999999999998
2024-06-08 23:00:00,0.433,4.39,1008.45,23.14,22.259999999999998
2024-06-09 00:00:00,0.804,4.8100000000000005,1008.5899999999999,23.1,22.03
2024-06-09 01:00:00,1.034,3.72,1008.71,22.4,22.05
2024-06-09 02:00:00,1.133,3.69,1008.74,22.21,22.259999999999998
2024-06-09 03:00:00,1.071,3.8600000000000003,1008.61,21.830000000000002,22.3
2024-06-09 04:00:00,0.793,3.53,1008.2299999999999,21.759999999999998,22.3
2024-06-09 05:00:00,0.432,3.78,1007.49,21.29,22.259999999999998
2024-06-09 06:00:00,0.057,5.13,1006.78,20.8,22.19
2024-06-09 07:00:00,-0.255,4.83,1006.03,20.6,22.1
2024-06-09 08:00:00,-0.479,6.07,1005.4399999999999,20.5,22.009999999999998
2024-06-09 09:00:00,-0.529,5.05,1004.1600000000001,20.869999999999997,21.9
2024-06-09 10:00:00,-0.325,7.1,1003.1899999999999,21.1,21.98
2024-06-09 11:00:00,0.007,7.7700000000000005,1002.4399999999999,20.4,21.93
2024-06-09 12:00:00,0.343,7.9799999999999995,1001.4799999999999,21.130000000000003,21.8
2024-06-09 13:00:00,0.598,8.34,1001.68,21.29,21.8
2024-06-09 14:00:00,0.78,8.61,1001.68,20.619999999999997,21.740000000000002
2024-06-09 15:00:00,0.831,10.09,1001.3399999999999,20.55,21.7
2024-06-09 16:00:00,0.702,7.7700000000000005,1001.2700000000001,21.05,21.7
2024-06-09 17:00:00,0.424,7.44,1001.4100000000001,22.009999999999998,21.7
2024-06-09 18:00:00,0.106,7.58,1001.8299999999999,22.619999999999997,21.78
2024-06-09 19:00:00,-0.146,7.140000000000001,1002.45,22.55,21.9
2024-06-09 20:00:00,-0.324,5.779999999999999,1002.5799999999999,22.64,21.91
2024-06-09 21:00:00,-0.384,6.0200000000000005,1002.45,22.77,22.05
2024-06-09 22:00:00,-0.188,5.01,1002.39,22.9,22.169999999999998
2024-06-09 23:00:00,0.178,2.8,1002.8100000000001,22.419999999999998,22.14
2024-06-10 00:00:00,0.549,3.75,1002.9100000000001,22.2,22.03
2024-06-10 01:00:00,0.855,2.7199999999999998,1003.07,21.32,20.65
2024-06-10 02:00:00,1.081,3.0100000000000002,1003.26,20.86,20.77
2024-06-10 03:00:00,1.124,4.21,1003.3199999999999,20.68,21.68
2024-06-10 04:00:00,1.016,5.33,1002.9200000000001,20.8,21.77
2024-06-10 05:00:00,0.733,7.06,1002.95,20.09,21.7
2024-06-10 06:00:00,0.352,4.92,1003.28,19.16,21.7
2024-06-10 07:00:00,0.003,6.38,1003.22,19.169999999999998,21.68
2024-06-10 08:00:00,-0.263,7.529999999999999,1003.45,18.79,21.6
2024-06-10 09:00:00,-0.448,7.81,1003.68,18.240000000000002,21.490000000000002
2024-06-10 10:00:00,-0.492,7.58,1004.1899999999999,17.880000000000003,21.369999999999997
2024-06-10 11:00:00,-0.313,7.56,1004.35,17.630000000000003,21.3
2024-06-10 12:00:00,-0.019,7.08,1004.4,17.919999999999998,21.22
2024-06-10 13:00:00,0.304,6.21,1004.6200000000001,18.32,20.98
2024-06-10 14:00:00,0.609,4.99,1004.8299999999999,18.94,20.5
2024-06-10 15:00:00,0.808,5.24,1004.9399999999999,19.72,20.25
2024-06-10 16:00:00,0.827,5.62,1004.9,20.259999999999998,21.259999999999998
2024-06-10 17:00:00,0.658,5.5600000000000005,1005.03,20.65,21.62
2024-06-10 18:00:00,0.382,4.42,1005.26,21.25,21.7
2024-06-10 19:00:00,0.084,5.11,1005.4799999999999,21.56,21.85
2024-06-10 20:00:00,-0.129,4.4799999999999995,1005.61,21.9,21.97
2024-06-10 21:00:00,-0.286,2.59,1005.71,22.41,22.1
2024-06-10 22:00:00,-0.261,1.6199999999999999,1005.8,21.880000000000003,22.04
2024-06-10 23:00:00,-0.066,3.88,1006.0600000000001,21.94,21.61
2024-06-11 00:00:00,0.264,3.3899999999999997,1006.4100000000001,21.240000000000002,21.04
2024-06-11 01:00:00,0.582,2.4699999999999998,1007.29,20.78,20.880000000000003
2024-06-11 02:00:00,0.813,2.8600000000000003,1008.25,20.3,21.21
2024-06-11 03:00:00,0.921,3.3299999999999996,1009.22,19.419999999999998,20.95
2024-06-11 04:00:00,0.917,2.33,1009.85,18.81,21.09
2024-06-11 05:00:00,0.799,2.2199999999999998,1010.1600000000001,18.6,21.240000000000002
2024-06-11 06:00:00,0.528,2.8,1010.32,18.33,21.35
2024-06-11 07:00:00,0.206,3.6100000000000003,1010.61,17.919999999999998,21.22
2024-06-11 08:00:00,-0.079,4.08,1011.05,17.27,20.45
2024-06-11 09:00:00,-0.34,3.59,1011.61,16.740000000000002,20.4
2024-06-11 10:00:00,-0.464,3.1,1012.1700000000001,16.86,20.36
2024-06-11 11:00:00,-0.426,2.6100000000000003,1012.85,17.6,20.44
2024-06-11 12:00:00,-0.246,3.4200000000000004,1013.3399999999999,17.85,20.6
2024-06-11 13:00:00,0.102,3.3600000000000003,1013.72,18.259999999999998,20.509999999999998
2024-06-11 14:00:00,0.393,1.5699999999999998,1013.8299999999999,19.29,20.5
2024-06-11 15:00:00,0.625,2.23,1013.8700000000001,19.56,20.15
2024-06-11 16:00:00,0.7,3.56,1013.76,19.06,19.91
2024-06-11 17:00:00,0.716,2.3,1013.6,19.55,20.419999999999998
2024-06-11 18:00:00,0.55,2.4699999999999998,1013.54,20.5,21.29
2024-06-11 19:00:00,0.35,3.31,1013.5899999999999,20.29,21.580000000000002
2024-06-11 20:00:00,0.126,3.46,1013.6600000000001,19.36,21.77
2024-06-11 21:00:00,-0.112,4.55,1013.64,19.619999999999997,21.8
2024-06-11 22:00:00,-0.284,4.720000000000001,1013.79,19.93,21.8
2024-06-11 23:00:00,-0.26,4.0200000000000005,1014.03,20.07,21.85
2024-06-12 00:00:00,-0.064,3.8,1014.36,20.05,21.97
2024-06-12 01:00:00,0.267,3.07,1014.8299999999999,19.889999999999997,21.4
2024-06-12 02:00:00,0.572,3.4899999999999998,1015.24,19.69,21.86
2024-06-12 03:00:00,0.758,4.01,1015.6700000000001,19.490000000000002,21.81
2024-06-12 04:00:00,0.833,4.5,1015.8799999999999,19.580000000000002,21.8
2024-06-12 05:00:00,0.803,2.35,1015.9100000000001,19.15,21.73
2024-06-12 06:00:00,0.645,2.6100000000000003,1015.93,18.77,21.7
2024-06-12 07:00:00,0.379,2.82,1015.97,18.830000000000002,21.66
2024-06-12 08:00:00,0.084,2.5100000000000002,1016.1299999999999,18.169999999999998,20.84
2024-06-12 09:00:00,-0.149,2.1,1016.82,17.86,20.53
2024-06-12 10:00:00,-0.341,1.9100000000000001,1017.2299999999999,18.61,20.240000000000002
2024-06-12 11:00:00,-0.451,2.07,1017.32,18.96,20.1
2024-06-12 12:00:00,-0.418,1.23,1017.43,19.7,20.23
2024-06-12 13:00:00,-0.204,2.0100000000000002,1017.65,19.35,20.509999999999998
2024-06-12 14:00:00,0.1,1.29,1017.72,19.85,20.919999999999998
2024-06-12 15:00:00,0.397,0.63,1017.6,21.18,20.39
2024-06-12 16:00:00,0.601,1.4300000000000002,1017.18,21.73,20.68
2024-06-12 17:00:00,0.683,2.45,1016.89,21.36,22.18
2024-06-12 18:00:00,0.635,4.11,1016.54,21.02,23.05
2024-06-12 19:00:00,0.444,6.13,1016.3299999999999,20.93,23.31
2024-06-12 20:00:00,0.226,7.01,1016.04,20.79,23.46
2024-06-12 21:00:00,0.03,7.17,1015.9799999999999,20.509999999999998,23.7
2024-06-12 22:00:00,-0.173,6.87,1015.96,20.509999999999998,23.69
2024-06-12 23:00:00,-0.271,6.39,1015.97,20.61,23.64
2024-06-13 00:00:00,-0.227,5.32,1016.07,20.59,23.52
2024-06-13 01:00:00,-0.042,5.75,1016.3399999999999,20.35,23.32
2024-06-13 02:00:00,0.23,5.279999999999999,1016.6,20.15,22.869999999999997
2024-06-13 03:00:00,0.479,4.2299999999999995,1016.4100000000001,19.93,22.65
2024-06-13 04:00:00,0.645,3.7700000000000005,1016.46,19.740000000000002,22.4
2024-06-13 05:00:00,0.723,3.71,1016.28,19.22,22.3
2024-06-13 06:00:00,0.681,3.5200000000000005,1016.15,19.21,22.3
2024-06-13 07:00:00,0.5,2.9899999999999998,1016.0799999999999,19.02,22.3
2024-06-13 08:00:00,0.25,2.95,1016.32,19.020000000000003,22.0
2024-06-13 09:00:00,-0.015,3.54,1016.6700000000001,18.55,21.369999999999997
2024-06-13 10:00:00,-0.238,3.4,1017.0899999999999,18.52,21.3
2024-06-13 11:00:00,-0.384,1.9900000000000002,1017.15,19.119999999999997,21.3
2024-06-13 12:00:00,-0.441,0.97,1017.1700000000001,20.31,21.25
2024-06-13 13:00:00,-0.345,0.21000000000000002,1017.3299999999999,21.919999999999998,21.29
2024-06-13 14:00:00,-0.096,0.52,1017.0899999999999,23.45,21.19
2024-06-13 15:00:00,0.165,0.47000000000000003,1016.8399999999999,25.27,20.77
2024-06-13 16:00:00,0.414,4.9,1016.5600000000001,24.45,21.04
2024-06-13 17:00:00,0.563,6.720000000000001,1016.2,24.77,21.31
2024-06-13 18:00:00,0.659,7.93,1015.8100000000001,25.29,21.27
2024-06-13 19:00:00,0.621,8.3,1015.28,25.54,21.48
2024-06-13 20:00:00,0.448,8.57,1014.85,25.240000000000002,21.68
2024-06-13 21:00:00,0.207,7.99,1014.51,24.240000000000002,21.96
2024-06-13 22:00:00,0.025,8.059999999999999,1014.43,24.169999999999998,22.27
2024-06-13 23:00:00,-0.145,7.15,1014.6600000000001,23.619999999999997,22.52
2024-06-14 00:00:00,-0.234,7.51,1014.7700000000001,24.36,22.45
2024-06-14 01:00:00,-0.204,6.970000000000001,1014.8399999999999,23.5,22.38
2024-06-14 02:00:00,-0.032,8.0,1014.8100000000001,22.81,22.31
2024-06-14 03:00:00,0.186,7.970000000000001,1014.74,22.3,22.14
2024-06-14 04:00:00,0.409,7.7,1014.24,21.93,21.990000000000002
2024-06-14 05:00:00,0.581,4.220000000000001,1013.93,21.5,21.85
2024-06-14 06:00:00,0.642,2.32,1013.5799999999999,21.240000000000002,21.69
2024-06-14 07:00:00,0.593,3.53,1013.1299999999999,21.19,21.6
2024-06-14 08:00:00,0.407,3.7,1012.93,20.990000000000002,21.6
2024-06-14 09:00:00,0.166,3.84,1012.78,20.7,21.55
2024-06-14 10:00:00,-0.054,3.14,1012.79,20.75,21.5
2024-06-14 11:00:00,-0.242,3.97,1012.76,21.31,21.5
2024-06-14 12:00:00,-0.359,3.5700000000000003,1013.01,22.19,21.419999999999998
2024-06-14 13:00:00,-0.394,3.05,1012.95,23.22,21.22
2024-06-14 14:00:00,-0.287,1.1,1012.74,24.619999999999997,21.09
2024-06-14 15:00:00,-0.062,2.65,1012.6600000000001,24.669999999999998,21.2
2024-06-14 16:00:00,0.204,3.13,1012.3,26.01,21.32
2024-06-14 17:00:00,0.458,3.15,1011.5600000000001,26.49,21.509999999999998
2024-06-14 18:00:00,0.645,4.01,1011.03,26.24,21.6
2024-06-14 19:00:00,0.722,4.380000000000001,1010.4100000000001,25.48,21.4
2024-06-14 20:00:00,0.668,5.7,1009.86,24.66,21.47
2024-06-14 21:00:00,0.502,3.45,1009.6299999999999,24.990000000000002,21.6
2024-06-14 22:00:00,0.251,4.46,1009.1600000000001,22.830000000000002,21.7
2024-06-14 23:00:00,0.087,8.11,1011.7700000000001,18.05,21.939999999999998
2024-06-15 00:00:00,-0.219,4.96,1011.2,18.79,21.8
2024-06-15 01:00:00,-0.251,3.25,1011.8,19.03,21.57
2024-06-15 02:00:00,-0.192,2.1100000000000003,1011.7299999999999,19.27,21.4
2024-06-15 03:00:00,0.045,1.64,1012.11,19.240000000000002,21.15
2024-06-15 04:00:00,0.275,0.78,1012.3,19.259999999999998,21.03
2024-06-15 05:00:00,0.475,3.19,1012.1899999999999,19.59,20.85
2024-06-15 06:00:00,0.643,3.9299999999999997,1012.15,19.53,21.04
2024-06-15 07:00:00,0.673,4.029999999999999,1011.96,19.47,21.04
2024-06-15 08:00:00,0.563,5.0200000000000005,1012.0,19.25,21.0
2024-06-15 09:00:00,0.333,3.8,1012.6,18.8,20.97
2024-06-15 10:00:00,0.13,4.3,1013.3700000000001,19.46,20.9
2024-06-15 11:00:00,-0.083,4.529999999999999,1014.3799999999999,19.97,20.82
2024-06-15 12:00:00,-0.219,3.7600000000000002,1015.07,20.619999999999997,20.8
2024-06-15 13:00:00,-0.334,4.24,1015.35,21.3,20.75
2024-06-15 14:00:00,-0.351,4.88,1015.71,22.11,20.65
2024-06-15 15:00:00,-0.24,4.33,1016.03,23.259999999999998,20.45
2024-06-15 16:00:00,0.029,3.8300000000000005,1016.39,24.1,20.47
2024-06-15 17:00:00,0.336,3.7700000000000005,1016.46,24.57,20.62
2024-06-15 18:00:00,0.621,2.58,1016.14,24.740000000000002,20.7
2024-06-15 19:00:00,0.769,2.2399999999999998,1015.8699999999999,24.54,20.84
2024-06-15 20:00:00,0.789,2.1,1016.24,24.35,21.1
2024-06-15 21:00:00,0.645,5.59,1016.54,25.13,21.39
2024-06-15 22:00:00,0.404,5.0200000000000005,1016.5,25.05,21.84
2024-06-15 23:00:00,0.201,4.93,1017.0600000000001,24.7,21.98
2024-06-16 00:00:00,0.017,4.36,1017.6,23.91,21.82
2024-06-16 01:00:00,-0.129,3.45,1018.39,23.11,21.8
2024-06-16 02:00:00,-0.222,3.15,1019.15,22.66,21.71
2024-06-16 03:00:00,-0.189,3.37,1019.7,21.47,21.7
2024-06-16 04:00:00,-0.023,3.56,1019.86,21.22,21.669999999999998
2024-06-16 05:00:00,0.2,3.2,1019.97,20.34,21.560000000000002
2024-06-16 06:00:00,0.412,4.2700000000000005,1020.6700000000001,20.2,21.48
2024-06-16 07:00:00,0.565,3.75,1021.29,19.41,21.33
2024-06-16 08:00:00,0.613,3.95,1021.5200000000001,18.869999999999997,20.96
2024-06-16 09:00:00,0.531,4.029999999999999,1022.4,18.28,20.91
2024-06-16 10:00:00,0.307,4.51,1023.14,18.130000000000003,20.9
2024-06-16 11:00:00,0.074,4.11,1023.79,18.45,20.82
2024-06-16 12:00:00,-0.134,4.03,1024.44,18.89,20.630000000000003
2024-06-16 13:00:00,-0.279,3.6700000000000004,1024.78,19.43,20.69
2024-06-16 14:00:00,-0.359,3.38,1024.8799999999999,19.78,20.85
2024-06-16 15:00:00,-0.348,3.8899999999999997,1024.8899999999999,20.169999999999998,21.09
2024-06-16 16:00:00,-0.158,4.82,1024.99,20.19,21.53
2024-06-16 17:00:00,0.146,6.0,1024.8,19.84,21.77
2024-06-16 18:00:00,0.439,6.17,1024.57,19.68,21.96
2024-06-16 19:00:00,0.657,5.53,1024.3200000000002,19.259999999999998,22.05
2024-06-16 20:00:00,0.799,5.43,1023.8100000000001,19.7,22.0
2024-06-16 21:00:00,0.792,5.54,1023.3799999999999,19.880000000000003,21.830000000000002
2024-06-16 22:00:00,0.653,5.4399999999999995,1023.1800000000001,19.830000000000002,22.130000000000003
2024-06-16 23:00:00,0.414,5.38,1023.3,19.35,22.3
2024-06-17 00:00:00,0.171,4.11,1023.2,18.93,22.3
2024-06-17 01:00:00,-0.055,3.3,1023.5200000000001,18.740000000000002,22.28
2024-06-17 02:00:00,-0.231,2.92,1023.5200000000001,18.59,22.18
2024-06-17 03:00:00,-0.301,2.63,1023.5799999999999,18.64,22.1
2024-06-17 04:00:00,-0.195,2.44,1023.7,18.84,22.1
2024-06-17 05:00:00,-0.01,2.55,1023.4,18.8,22.07
2024-06-17 06:00:00,0.202,1.75,1023.26,18.48,22.0
2024-06-17 07:00:00,0.376,1.8800000000000001,1023.1899999999999,18.5,21.939999999999998
2024-06-17 08:00:00,0.511,2.81,1023.1300000000001,19.19,21.82
2024-06-17 09:00:00,0.57,3.9799999999999995,1023.1300000000001,20.009999999999998,21.72
2024-06-17 10:00:00,0.498,4.51,1023.2700000000001,19.85,21.7
2024-06-17 11:00:00,0.273,5.180000000000001,1023.55,20.2,21.7
2024-06-17 12:00:00,0.03,4.07,1023.74,20.93,21.7
2024-06-17 13:00:00,-0.186,2.37,1023.65,21.880000000000003,21.7
2024-06-17 14:00:00,-0.344,3.1100000000000003,1023.28,23.54,21.73
2024-06-17 15:00:00,-0.417,4.82,1022.6700000000001,24.740000000000002,22.05
2024-06-17 16:00:00,-0.328,4.3,1021.93,25.28,22.44
2024-06-17 17:00:00,-0.078,6.08,1021.4399999999999,25.05,22.61
2024-06-17 18:00:00,0.231,6.82,1020.97,25.32,23.05
2024-06-17 19:00:00,0.537,6.34,1020.8299999999999,25.580000000000002,23.32
2024-06-17 20:00:00,0.758,7.529999999999999,1020.46,25.23,23.34
2024-06-17 21:00:00,0.84,7.49,1020.28,24.98,23.38
2024-06-17 22:00:00,0.774,7.409999999999999,1019.9399999999999,24.990000000000002,23.47
2024-06-17 23:00:00,0.563,7.0200000000000005,1020.3,25.15,23.509999999999998
2024-06-18 00:00:00,0.306,6.63,1020.5899999999999,24.93,23.580000000000002
2024-06-18 01:00:00,0.067,6.970000000000001,1021.5899999999999,24.35,23.64
2024-06-18 02:00:00,-0.161,6.88,1022.05,23.48,23.6
2024-06-18 03:00:00,-0.357,6.29,1022.0899999999999,22.880000000000003,23.47
2024-06-18 04:00:00,-0.484,4.74,1022.3699999999999,22.25,23.35
2024-06-18 05:00:00,-0.382,4.08,1022.5899999999999,21.94,23.23
2024-06-18 06:00:00,-0.17,4.89,1022.79,21.67,23.16
2024-06-18 07:00:00,0.15,5.9,1022.5799999999999,21.54,23.1
2024-06-18 08:00:00,0.385,5.46,1022.78,21.5,22.98
2024-06-18 09:00:00,0.497,4.96,1023.4100000000001,21.560000000000002,22.75
2024-06-18 10:00:00,0.473,4.59,1024.03,21.6,22.630000000000003
2024-06-18 11:00:00,0.319,4.24,1024.35,21.97,22.62
2024-06-18 12:00:00,0.114,3.1399999999999997,1024.65,22.57,22.7
2024-06-18 13:00:00,-0.098,1.48,1024.8700000000001,23.490000000000002,22.7
2024-06-18 14:00:00,-0.281,0.97,1025.1399999999999,24.919999999999998,22.75
2024-06-18 15:00:00,-0.425,1.6199999999999999,1025.19,25.169999999999998,22.78
2024-06-18 16:00:00,-0.484,3.95,1025.0,26.01,22.65
2024-06-18 17:00:00,-0.385,6.220000000000001,1024.55,26.04,22.35
2024-06-18 18:00:00,-0.119,7.2,1024.21,26.5,23.14
2024-06-18 19:00:00,0.223,7.42,1023.9100000000001,26.5,23.419999999999998
2024-06-18 20:00:00,0.559,6.62,1023.6899999999999,26.589999999999996,23.79
2024-06-18 21:00:00,0.777,6.609999999999999,1023.36,26.580000000000002,23.31
2024-06-18 22:00:00,0.838,6.540000000000001,1023.3100000000001,25.509999999999998,23.56
2024-06-18 23:00:00,0.745,5.5,1023.68,25.03,23.91
2024-06-19 00:00:00,0.511,4.85,1024.1,24.97,24.02
2024-06-19 01:00:00,0.183,4.45,1024.75,24.55,23.91
2024-06-19 02:00:00,-0.099,4.3,1025.52,24.44,23.93
2024-06-19 03:00:00,-0.34,4.970000000000001,1025.91,23.619999999999997,24.0
2024-06-19 04:00:00,-0.53,4.0200000000000005,1026.17,22.880000000000003,23.89
2024-06-19 05:00:00,-0.564,3.88,1026.1299999999999,22.09,23.66
2024-06-19 06:00:00,-0.434,3.97,1026.06,21.68,23.54
2024-06-19 07:00:00,-0.176,3.31,1026.3,21.52,23.439999999999998
2024-06-19 08:00:00,0.112,2.02,1026.8899999999999,21.509999999999998,23.080000000000002
2024-06-19 09:00:00,0.353,2.85,1027.5700000000002,21.240000000000002,22.9
2024-06-19 10:00:00,0.482,3.96,1027.75,21.23,22.82
2024-06-19 11:00:00,0.465,3.71,1028.19,21.7,22.8
2024-06-19 12:00:00,0.3,2.92,1028.46,22.52,22.8
2024-06-19 13:00:00,-0.013,2.73,1028.43,23.45,22.8
2024-06-19 14:00:00,-0.246,1.5699999999999998,1028.33,24.07,22.86
2024-06-19 15:00:00,-0.409,1.77,1028.23,25.18,22.8
2024-06-19 16:00:00,-0.496,3.1,1028.03,26.43,22.96
2024-06-19 17:00:00,-0.536,7.55,1027.61,25.490000000000002,23.48
2024-06-19 18:00:00,-0.361,7.709999999999999,1027.3200000000002,25.869999999999997,23.86
2024-06-19 19:00:00,-0.064,7.8,1027.16,26.1,23.55
2024-06-19 20:00:00,0.311,7.45,1026.9299999999998,25.9,23.8
2024-06-19 21:00:00,0.629,5.83,1026.6100000000001,26.310000000000002,23.919999999999998
2024-06-19 22:00:00,0.803,5.8,1026.46,26.169999999999998,23.81
2024-06-19 23:00:00,0.836,3.6399999999999997,1026.66,24.71,23.869999999999997
2024-06-20 00:00:00,0.713,4.79,1026.49,23.869999999999997,23.95
2024-06-20 01:00:00,0.423,5.319999999999999,1026.8200000000002,23.97,24.04
2024-06-20 02:00:00,0.081,5.2299999999999995,1027.3700000000001,24.03,24.1
2024-06-20 03:00:00,-0.251,5.85,1027.3700000000001,23.35,24.1
2024-06-20 04:00:00,-0.509,4.64,1027.1299999999999,22.84,24.0
2024-06-20 05:00:00,-0.664,4.1,1026.97,22.490000000000002,23.93
2024-06-20 06:00:00,-0.672,3.4200000000000004,1026.8600000000001,22.080000000000002,23.830000000000002
2024-06-20 07:00:00,-0.449,3.2399999999999998,1026.69,21.759999999999998,23.8
2024-06-20 08:00:00,-0.153,4.67,1026.75,21.23,23.619999999999997
2024-06-20 09:00:00,0.149,4.21,1026.69,20.990000000000002,23.369999999999997
2024-06-20 10:00:00,0.396,2.63,1026.8700000000001,21.32,23.16
2024-06-20 11:00:00,0.507,2.73,1027.1200000000001,21.86,22.97
2024-06-20 12:00:00,0.467,1.6600000000000001,1027.31,23.080000000000002,22.919999999999998
2024-06-20 13:00:00,0.242,2.34,1027.3700000000001,23.78,23.060000000000002
2024-06-20 14:00:00,-0.063,0.77,1027.1799999999998,25.59,23.169999999999998
2024-06-20 15:00:00,-0.307,1.61,1027.1799999999998,27.389999999999997,23.110000000000003
2024-06-20 16:00:00,-0.518,0.86,1026.79,28.21,22.81
2024-06-20 17:00:00,-0.636,1.8399999999999999,1026.3,27.97,22.509999999999998
2024-06-20 18:00:00,-0.589,3.4299999999999997,1025.76,28.32,22.29
2024-06-20 19:00:00,-0.349,4.7299999999999995,1025.1100000000001,28.35,23.080000000000002
2024-06-20 20:00:00,0.042,6.319999999999999,1024.45,28.01,23.93
2024-06-20 21:00:00,0.412,6.29,1023.7700000000001,27.830000000000002,24.9
2024-06-20 22:00:00,0.706,3.3200000000000003,1023.29,27.95,24.47
2024-06-20 23:00:00,0.846,4.61,1023.1200000000001,26.76,24.18
2024-06-21 00:00:00,0.838,4.68,1023.03,26.07,24.119999999999997
2024-06-21 01:00:00,0.662,3.4200000000000004,1023.47,25.869999999999997,24.54
2024-06-21 02:00:00,0.325,5.58,1023.7700000000001,25.95,24.6
2024-06-21 03:00:00,-0.051,5.029999999999999,1023.71,25.380000000000003,24.5
2024-06-21 04:00:00,-0.376,4.2,1023.46,24.77,24.5
2024-06-21 05:00:00,-0.641,4.49,1023.29,24.5,24.5
2024-06-21 06:00:00,-0.803,5.05,1023.1,24.23,24.41
2024-06-21 07:00:00,-0.734,5.88,1022.9200000000001,24.27,24.32
2024-06-21 08:00:00,-0.45,6.13,1023.05,23.73,24.21
2024-06-21 09:00:00,-0.121,6.15,1022.8199999999999,23.259999999999998,24.119999999999997
2024-06-21 10:00:00,0.179,5.4399999999999995,1022.85,23.3,23.869999999999997
2024-06-21 11:00:00,0.417,4.55,1022.86,23.57,23.7
2024-06-21 12:00:00,0.511,3.47,1022.71,24.130000000000003,23.62
2024-06-21 13:00:00,0.445,3.45,1022.43,24.61,23.52
2024-06-21 14:00:00,0.229,3.78,1022.11,25.54,23.7
2024-06-21 15:00:00,-0.096,2.7800000000000002,1021.89,27.3,23.82
2024-06-21 16:00:00,-0.356,2.04,1021.6,29.389999999999997,23.77
2024-06-21 17:00:00,-0.574,2.6,1020.9399999999999,30.49,23.8
2024-06-21 18:00:00,-0.639,2.73,1020.11,30.639999999999997,24.2
2024-06-21 19:00:00,-0.491,5.51,1019.32,30.48,24.36
2024-06-21 20:00:00,-0.161,6.57,1018.75,30.26,24.69
2024-06-21 21:00:00,0.267,6.9,1018.21,29.339999999999996,25.41
2024-06-21 22:00:00,0.632,4.95,1018.15,28.9,24.880000000000003
2024-06-21 23:00:00,0.895,3.0,1018.5,28.24,24.34
2024-06-22 00:00:00,1.044,3.3,1018.3399999999999,25.16,24.389999999999997
2024-06-22 01:00:00,1.005,2.38,1018.8700000000001,22.490000000000002,23.84
2024-06-22 02:00:00,0.764,1.8900000000000001,1019.35,21.25,24.560000000000002
2024-06-22 03:00:00,0.378,2.15,1019.35,22.69,24.8
2024-06-22 04:00:00,-0.002,2.18,1019.5200000000001,22.21,24.8
2024-06-22 05:00:00,-0.334,1.26,1019.0200000000001,23.19,24.8
2024-06-22 06:00:00,-0.585,0.7,1018.65,22.96,24.740000000000002
2024-06-22 07:00:00,-0.687,1.3699999999999999,1018.2300000000001,23.71,24.7
2024-06-22 08:00:00,-0.532,1.52,1018.04,24.259999999999998,24.66
2024-06-22 09:00:00,-0.198,2.0100000000000002,1017.96,24.46,24.630000000000003
2024-06-22 10:00:00,0.137,2.8899999999999997,1017.97,24.28,24.35
2024-06-22 11:00:00,0.432,2.2,1017.9799999999999,24.419999999999998,24.020000000000003
2024-06-22 12:00:00,0.646,2.45,1017.86,24.8,22.28
2024-06-22 13:00:00,0.726,1.6199999999999999,1017.5200000000001,25.369999999999997,23.23
2024-06-22 14:00:00,0.577,2.2199999999999998,1017.18,26.889999999999997,24.59
2024-06-22 15:00:00,0.28,2.55,1016.64,26.8,24.11
2024-06-22 16:00:00,-0.023,3.81,1016.15,28.15,23.98
2024-06-22 17:00:00,-0.295,5.54,1015.3700000000001,27.360000000000003,25.009999999999998
2024-06-22 18:00:00,-0.5,4.45,1014.78,26.0,25.869999999999997
2024-06-22 19:00:00,-0.562,4.6899999999999995,1013.8700000000001,25.419999999999998,25.839999999999996
2024-06-22 20:00:00,-0.324,10.34,1015.8000000000001,23.27,25.18
2024-06-24 14:00:00,0.734,9.74,1004.0,23.700000000000003,23.56666666666667
2024-06-24 15:00:00,0.719,9.93,1004.1700000000001,23.880000000000003,23.64
2024-06-24 16:00:00,0.478,10.040000000000001,1004.5899999999999,23.64,23.89
2024-06-24 17:00:00,0.099,12.370000000000001,1004.61,23.79,24.25
2024-06-24 18:00:00,-0.176,12.4,1004.9200000000001,23.43,24.46
2024-06-24 19:00:00,-0.454,13.959999999999999,1005.14,23.2,24.25
2024-06-24 20:00:00,-0.633,13.61,1005.0799999999999,23.09,23.869999999999997
2024-06-24 21:00:00,-0.645,13.430000000000001,1005.47,22.97,23.6
2024-06-24 22:00:00,-0.465,12.07,1006.4799999999999,22.86,23.419999999999998
2024-06-24 23:00:00,-0.033,10.28,1007.1700000000001,22.86,23.31
2024-06-25 00:00:00,0.38,8.02,1007.93,22.84,23.2
2024-06-25 01:00:00,0.722,8.0,1008.68,22.87,23.05
2024-06-25 02:00:00,0.951,8.45,1009.14,23.07,22.919999999999998
2024-06-25 03:00:00,0.998,8.05,1009.53,22.830000000000002,22.9
2024-06-25 04:00:00,0.823,7.93,1009.8299999999999,22.490000000000002,22.9
2024-06-25 05:00:00,0.52,8.14,1010.25,22.22,22.81
2024-06-25 06:00:00,0.114,6.88,1010.7,21.77,22.79
2024-06-25 07:00:00,-0.28,7.290000000000001,1011.32,21.73,22.7
2024-06-25 08:00:00,-0.604,7.4799999999999995,1012.0600000000001,21.46,22.65
2024-06-25 09:00:00,-0.774,6.470000000000001,1012.7299999999999,20.91,22.53
2024-06-25 10:00:00,-0.705,6.43,1012.8699999999999,20.830000000000002,22.39
2024-06-25 11:00:00,-0.433,5.0,1012.7299999999999,21.07,22.04
2024-06-25 12:00:00,-0.036,4.7,1013.1600000000001,21.53,21.889999999999997
2024-06-25 13:00:00,0.338,3.75,1013.54,22.23,21.68
2024-06-25 14:00:00,0.653,2.73,1013.76,23.380000000000003,21.509999999999998
2024-06-25 15:00:00,0.8,2.79,1013.72,24.880000000000003,21.55
2024-06-25 16:00:00,0.744,3.5,1013.1899999999999,26.22,23.1
2024-06-25 17:00:00,0.488,5.21,1012.75,26.47,23.669999999999998
2024-06-25 18:00:00,0.159,4.35,1012.5,27.5,23.7
2024-06-25 19:00:00,-0.129,2.36,1012.5200000000001,27.77,23.91
2024-06-25 20:00:00,-0.349,2.43,1012.14,27.47,24.14
2024-06-25 21:00:00,-0.46,1.67,1011.75,28.8,23.32
2024-06-25 22:00:00,-0.401,5.42,1011.3199999999999,28.689999999999998,22.330000000000002
2024-06-25 23:00:00,-0.117,6.4799999999999995,1011.0799999999999,28.03,23.15
2024-06-26 00:00:00,0.267,5.66,1011.21,26.79,23.68
2024-06-26 01:00:00,0.611,7.37,1011.4399999999999,25.78,23.740000000000002
2024-06-26 02:00:00,0.897,6.09,1011.9,24.85,23.669999999999998
2024-06-26 03:00:00,1.072,7.290000000000001,1011.79,24.52,23.45
2024-06-26 04:00:00,1.099,8.25,1011.18,24.619999999999997,23.4
2024-06-26 05:00:00,0.862,7.63,1010.72,24.28,23.369999999999997
2024-06-26 06:00:00,0.474,9.14,1010.07,23.96,23.21
2024-06-26 07:00:00,0.032,7.709999999999999,1009.9200000000001,23.46,23.18
2024-06-26 08:00:00,-0.3,5.04,1009.79,23.03,23.09
2024-06-26 09:00:00,-0.547,5.16,1009.4100000000001,22.81,23.1
2024-06-26 10:00:00,-0.662,5.15,1009.4200000000001,22.56,23.1
2024-06-26 11:00:00,-0.553,4.12,1009.49,22.830000000000002,23.080000000000002
2024-06-26 12:00:00,-0.245,3.91,1009.15,23.630000000000003,23.1
2024-06-26 13:00:00,0.123,3.37,1008.9200000000001,24.630000000000003,22.740000000000002
2024-06-26 14:00:00,0.467,3.95,1008.8799999999999,25.509999999999998,22.6
2024-06-26 15:00:00,0.742,4.26,1008.6899999999999,26.57,22.46
2024-06-26 16:00:00,0.876,4.71,1008.22,27.54,23.59
2024-06-26 17:00:00,0.791,5.3,1007.4200000000001,28.889999999999997,24.169999999999998
2024-06-26 18:00:00,0.527,4.14,1006.8799999999999,29.2,24.47
2024-06-26 19:00:00,0.219,2.55,1006.4399999999999,29.55,24.490000000000002
2024-06-26 20:00:00,-0.055,3.56,1005.7299999999999,29.82,24.509999999999998
2024-06-26 21:00:00,-0.31,2.46,1005.2299999999999,30.03,24.130000000000003
2024-06-26 22:00:00,-0.458,1.95,1004.8,29.389999999999997,23.630000000000003
2024-06-26 23:00:00,-0.353,3.4799999999999995,1004.6200000000001,28.610000000000003,23.630000000000003
2024-06-27 00:00:00,-0.089,5.51,1005.0799999999999,27.119999999999997,23.56
2024-06-27 01:00:00,0.317,1.1099999999999999,1005.89,23.85,23.41
2024-06-27 02:00:00,0.623,1.52,1006.0600000000001,22.73,23.240000000000002
2024-06-27 03:00:00,0.863,1.44,1005.4799999999999,22.03,22.77
2024-06-27 04:00:00,1.003,2.1100000000000003,1004.9100000000001,21.69,21.91
2024-06-27 05:00:00,0.995,5.38,1006.0899999999999,21.59,22.16
2024-06-27 06:00:00,0.751,3.3200000000000003,1006.68,20.77,23.32
2024-06-27 07:00:00,0.433,3.91,1006.25,21.080000000000002,23.62
2024-06-27 08:00:00,0.046,3.6399999999999997,1006.21,21.09,23.7
2024-06-27 09:00:00,-0.398,5.35,1006.8299999999999,21.32,23.7
2024-06-27 10:00:00,-0.739,5.01,1007.0799999999999,21.389999999999997,23.7
2024-06-27 11:00:00,-0.714,4.8100000000000005,1007.74,21.32,23.7
2024-06-27 12:00:00,-0.427,4.79,1008.05,20.939999999999998,23.62
2024-06-27 13:00:00,-0.025,3.91,1008.61,21.330000000000002,23.45
2024-06-27 14:00:00,0.273,2.35,1009.0,22.009999999999998,23.09
2024-06-27 15:00:00,0.453,2.19,1009.4,22.880000000000003,21.05
2024-06-27 16:00:00,0.622,2.88,1009.4,23.9,21.86
2024-06-27 17:00:00,0.834,4.029999999999999,1009.4,24.39,23.21
2024-06-27 18:00:00,0.79,3.71,1009.2299999999999,25.09,24.59
2024-06-27 19:00:00,0.604,3.16,1009.1700000000001,25.660000000000004,24.869999999999997
2024-06-27 20:00:00,0.283,2.68,1008.9100000000001,26.43,24.869999999999997
2024-06-27 21:00:00,-0.084,3.05,1008.78,26.45,24.9
2024-06-27 22:00:00,-0.372,2.3,1008.85,25.78,24.89
2024-06-27 23:00:00,-0.514,2.44,1009.64,25.509999999999998,24.56
2024-06-28 00:00:00,-0.399,4.21,1010.9200000000001,23.82,24.43
2024-06-28 01:00:00,-0.112,4.74,1012.43,23.22,24.03
2024-06-28 02:00:00,0.245,4.86,1013.79,22.19,22.86
2024-06-28 03:00:00,0.563,4.0600000000000005,1014.8,21.56,21.81
2024-06-28 04:00:00,0.777,4.59,1015.39,20.81,21.740000000000002
2024-06-28 05:00:00,0.832,3.65,1015.97,19.97,21.259999999999998
2024-06-28 06:00:00,0.736,2.82,1016.51,19.330000000000002,20.77
2024-06-28 07:00:00,0.516,2.46,1016.97,19.09,20.990000000000002
2024-06-28 08:00:00,0.221,2.1399999999999997,1017.7299999999999,18.64,21.82
2024-06-28 09:00:00,-0.087,3.55,1018.5600000000001,18.64,22.54
2024-06-28 10:00:00,-0.381,3.94,1019.3799999999999,18.720000000000002,22.7
2024-06-28 11:00:00,-0.63,4.82,1020.4,18.91,22.71
2024-06-28 12:00:00,-0.673,4.17,1021.24,19.279999999999998,22.7
2024-06-28 13:00:00,-0.477,3.65,1021.29,19.32,22.7
2024-06-28 14:00:00,-0.119,3.2700000000000005,1021.55,19.7,22.580000000000002
2024-06-28 15:00:00,0.273,3.15,1022.01,20.169999999999998,21.22
2024-06-28 16:00:00,0.616,2.41,1022.0,20.7,20.5
2024-06-28 17:00:00,0.843,4.46,1022.07,20.29,21.08
2024-06-28 18:00:00,0.921,5.24,1021.9799999999999,20.55,22.830000000000002
2024-06-28 19:00:00,0.788,6.55,1021.8199999999999,20.34,23.57
2024-06-28 20:00:00,0.489,8.03,1021.8299999999999,20.22,23.78
2024-06-28 21:00:00,0.176,8.129999999999999,1021.54,20.36,23.84
2024-06-28 22:00:00,-0.109,7.529999999999999,1021.74,20.39,23.8
2024-06-28 23:00:00,-0.348,6.94,1021.8699999999999,20.169999999999998,23.740000000000002
2024-06-29 00:00:00,-0.511,6.459999999999999,1022.01,20.16,23.59
2024-06-29 01:00:00,-0.459,6.01,1022.35,19.81,23.43
2024-06-29 02:00:00,-0.186,4.5200000000000005,1023.1200000000001,19.53,23.38
2024-06-29 03:00:00,0.168,3.08,1023.3299999999999,19.380000000000003,23.21
2024-06-29 04:00:00,0.472,2.29,1023.1299999999999,18.4,23.04
2024-06-29 05:00:00,0.699,2.38,1023.0,17.9,22.889999999999997
2024-06-29 06:00:00,0.807,1.6300000000000001,1022.9799999999999,18.02,22.8
2024-06-29 07:00:00,0.759,1.41,1022.78,18.28,22.8
2024-06-29 08:00:00,0.529,2.09,1022.72,19.169999999999998,22.77
2024-06-29 09:00:00,0.21,2.7800000000000002,1022.9100000000001,19.259999999999998,22.7
2024-06-29 10:00:00,-0.1,3.5799999999999996,1022.9,19.56,22.7
2024-06-29 11:00:00,-0.383,4.2299999999999995,1023.1899999999999,20.029999999999998,22.580000000000002
2024-06-29 12:00:00,-0.626,4.83,1023.24,21.02,22.46
2024-06-29 13:00:00,-0.704,7.159999999999999,1023.01,21.89,22.53
2024-06-29 14:00:00,-0.507,8.870000000000001,1022.5600000000001,22.009999999999998,22.69
2024-06-29 15:00:00,-0.106,8.76,1022.24,22.3,22.6
2024-06-29 16:00:00,0.313,7.470000000000001,1021.78,22.490000000000002,22.6
2024-06-29 17:00:00,0.652,9.17,1020.97,23.03,22.54
2024-06-29 18:00:00,0.874,10.65,1020.61,23.54,22.55
2024-06-29 19:00:00,0.931,9.559999999999999,1019.7700000000001,23.7,22.79
2024-06-29 20:00:00,0.768,9.870000000000001,1018.9399999999999,24.03,22.8
2024-06-29 21:00:00,0.53,9.209999999999999,1018.39,24.02,22.94
2024-06-29 22:00:00,0.24,7.83,1018.03,24.25,23.03
2024-06-29 23:00:00,-0.038,4.87,1017.8100000000001,23.869999999999997,22.95
2024-06-30 00:00:00,-0.272,3.85,1017.65,22.48,22.8
2024-06-30 01:00:00,-0.417,2.91,1017.4800000000001,22.68,22.66
2024-06-30 02:00:00,-0.407,3.02,1017.04,23.240000000000002,22.1
2024-06-30 03:00:00,-0.215,4.62,1016.7299999999999,23.669999999999998,21.380000000000003
2024-06-30 04:00:00,0.085,4.0600000000000005,1016.71,23.479999999999997,21.07
2024-06-30 05:00:00,0.403,4.92,1016.0899999999999,23.46,20.93
2024-06-30 06:00:00,0.663,3.47,1015.18,23.4,21.380000000000003
2024-06-30 07:00:00,0.804,1.34,1014.71,23.25,21.669999999999998
2024-06-30 08:00:00,0.741,2.71,1014.53,23.509999999999998,21.669999999999998
2024-06-30 09:00:00,0.479,2.9899999999999998,1015.1899999999999,23.31,21.669999999999998
2024-06-30 10:00:00,0.146,2.84,1015.1600000000001,23.36,21.7
2024-06-30 11:00:00,-0.144,2.15,1015.0799999999999,22.95,21.580000000000002
2024-06-30 12:00:00,-0.414,1.7599999999999998,1015.04,23.81,21.119999999999997
2024-06-30 13:00:00,-0.616,4.7700000000000005,1014.8100000000001,24.169999999999998,21.09
2024-06-30 14:00:00,-0.649,5.36,1014.0200000000001,24.81,21.02
2024-06-30 15:00:00,-0.398,6.1899999999999995,1013.78,24.94,21.34
2024-06-30 16:00:00,-0.024,7.640000000000001,1013.54,24.630000000000003,21.759999999999998
2024-06-30 17:00:00,0.376,7.18,1012.53,25.0,22.02
2024-06-30 18:00:00,0.654,8.889999999999999,1011.78,25.619999999999997,22.130000000000003
2024-06-30 19:00:00,0.834,8.29,1011.05,26.05,22.1
2024-06-30 20:00:00,0.889,6.04,1010.8299999999999,26.15,22.2
2024-06-30 21:00:00,0.812,7.709999999999999,1011.79,23.48,22.45
2024-06-30 22:00:00,0.609,5.76,1011.9200000000001,21.48,22.46
2024-06-30 23:00:00,0.308,6.83,1010.9399999999999,22.32,22.55
2024-07-01 00:00:00,-0.034,6.659999999999999,1010.79,23.06,22.669999999999998
2024-07-01 01:00:00,-0.378,3.65,1011.89,22.919999999999998,22.7
2024-07-01 02:00:00,-0.571,4.96,1012.8100000000001,23.169999999999998,22.619999999999997
2024-07-01 03:00:00,-0.624,6.18,1013.05,22.89,22.35
2024-07-01 04:00:00,-0.317,5.9399999999999995,1013.1700000000001,21.5,21.97
2024-07-01 05:00:00,0.028,6.4,1013.5200000000001,20.8,21.740000000000002
2024-07-01 06:00:00,0.37,5.61,1013.9799999999999,20.0,21.439999999999998
2024-07-01 07:00:00,0.619,6.959999999999999,1014.3,19.09,21.36
2024-07-01 08:00:00,0.573,6.18,1014.79,18.35,21.2
2024-07-01 09:00:00,0.448,5.45,1015.1200000000001,18.12,21.060000000000002
2024-07-01 10:00:00,0.303,5.54,1015.3399999999999,18.18,20.93
2024-07-01 11:00:00,0.062,5.029999999999999,1015.53,18.86,20.9
2024-07-01 12:00:00,-0.136,5.08,1015.9,19.91,20.93
2024-07-01 13:00:00,-0.424,6.07,1016.1299999999999,20.65,21.009999999999998
2024-07-01 14:00:00,-0.623,5.6899999999999995,1016.7,21.630000000000003,21.1
2024-07-01 15:00:00,-0.627,5.4399999999999995,1017.05,22.71,21.1
2024-07-01 16:00:00,-0.37,6.18,1017.2299999999999,23.36,21.03
2024-07-01 17:00:00,-0.016,5.4799999999999995,1017.05,23.919999999999998,21.1
2024-07-01 18:00:00,0.386,4.6,1017.11,24.330000000000002,21.05
2024-07-01 19:00:00,0.724,4.01,1017.1700000000001,24.509999999999998,21.27
2024-07-01 20:00:00,0.975,4.54,1017.36,24.5,20.98
2024-07-01 21:00:00,1.064,3.84,1017.6600000000001,24.589999999999996,20.830000000000002
2024-07-01 22:00:00,0.88,3.2299999999999995,1018.21,24.509999999999998,20.869999999999997
2024-07-01 23:00:00,0.586,2.44,1018.8399999999999,23.759999999999998,21.0
2024-07-02 00:00:00,0.263,3.1399999999999997,1019.1700000000001,22.9,21.119999999999997
2024-07-02 01:00:00,-0.055,3.34,1020.01,22.7,21.31
2024-07-02 02:00:00,-0.318,3.13,1020.75,22.619999999999997,20.94
2024-07-02 03:00:00,-0.481,3.2700000000000005,1021.0899999999999,22.419999999999998,20.8
2024-07-02 04:00:00,-0.469,2.9,1021.2,22.02,20.830000000000002
2024-07-02 05:00:00,-0.261,2.18,1021.2299999999999,21.14,20.8
2024-07-02 06:00:00,0.028,1.04,1021.6600000000001,20.380000000000003,20.71
2024-07-02 07:00:00,0.308,0.53,1021.9200000000001,19.64,20.84
2024-07-02 08:00:00,0.567,0.26,1022.1899999999999,19.29,20.919999999999998
2024-07-02 09:00:00,0.747,2.09,1022.86,18.98,20.98
2024-07-02 10:00:00,0.719,2.6100000000000003,1023.29,19.29,20.9
2024-07-02 11:00:00,0.467,3.44,1024.15,19.880000000000003,20.9
2024-07-02 12:00:00,0.134,4.0600000000000005,1025.03,20.55,20.98
2024-07-02 13:00:00,-0.174,2.54,1024.91,21.73,21.0
2024-07-02 14:00:00,-0.4,2.0100000000000002,1025.19,22.75,21.04
2024-07-02 15:00:00,-0.572,2.9699999999999998,1024.98,23.25,21.16
2024-07-02 16:00:00,-0.563,3.46,1024.8899999999999,23.77,21.21
2024-07-02 17:00:00,-0.339,3.65,1024.53,23.96,21.61
2024-07-02 18:00:00,0.051,3.9799999999999995,1024.1399999999999,23.65,22.15
2024-07-02 19:00:00,0.475,4.33,1023.82,23.880000000000003,22.85
2024-07-02 20:00:00,0.798,4.49,1023.57,24.04,22.16
2024-07-02 21:00:00,0.989,4.04,1023.35,23.9,21.080000000000002
2024-07-02 22:00:00,1.044,4.4399999999999995,1023.22,24.05,21.91
2024-07-02 23:00:00,0.904,4.4799999999999995,1023.4399999999999,23.34,22.79
2024-07-03 00:00:00,0.603,4.1,1023.64,22.66,23.07
2024-07-03 01:00:00,0.254,2.7199999999999998,1024.0,22.39,23.18
2024-07-03 02:00:00,-0.099,1.81,1024.24,21.77,23.19
2024-07-03 03:00:00,-0.401,2.87,1024.21,22.05,23.1
2024-07-03 04:00:00,-0.593,2.3,1024.05,21.81,23.09
2024-07-03 05:00:00,-0.559,2.5,1024.19,21.65,23.0
2024-07-03 06:00:00,-0.328,1.83,1024.0,20.97,22.91
2024-07-03 07:00:00,-0.022,2.8,1023.72,21.009999999999998,22.85
2024-07-03 08:00:00,0.295,1.8800000000000001,1023.8299999999999,20.54,22.75
2024-07-03 09:00:00,0.56,2.34,1023.65,20.18,22.669999999999998
2024-07-03 10:00:00,0.714,1.9,1023.68,20.28,22.48
2024-07-03 11:00:00,0.677,1.6,1024.02,20.64,22.5
2024-07-03 12:00:00,0.459,0.9,1024.03,21.55,22.5
2024-07-03 13:00:00,0.139,1.9,1023.7299999999999,22.03,22.5
2024-07-03 14:00:00,-0.161,3.6100000000000003,1023.5,22.61,22.64
2024-07-03 15:00:00,-0.426,5.54,1023.28,22.630000000000003,23.259999999999998
2024-07-03 16:00:00,-0.6,7.0,1022.9100000000001,23.259999999999998,23.560000000000002
2024-07-03 17:00:00,-0.586,7.470000000000001,1022.57,23.369999999999997,23.7
2024-07-03 18:00:00,-0.313,8.61,1021.9399999999999,23.27,23.93
2024-07-03 19:00:00,0.103,9.0,1021.0200000000001,23.12,23.68
2024-07-03 20:00:00,0.542,8.72,1020.71,23.389999999999997,23.45
2024-07-03 21:00:00,0.85,8.53,1020.07,23.41,23.4
2024-07-03 22:00:00,1.023,9.41,1019.6299999999999,23.740000000000002,23.4
2024-07-03 23:00:00,1.046,8.58,1019.21,23.44,23.419999999999998
2024-07-04 00:00:00,0.875,8.01,1018.86,22.81,23.55
2024-07-04 01:00:00,0.557,7.5,1018.72,22.54,23.43
2024-07-04 02:00:00,0.178,7.55,1018.55,22.11,23.3
2024-07-04 03:00:00,-0.162,7.2,1018.45,21.580000000000002,23.23
2024-07-04 04:00:00,-0.453,6.37,1018.5,21.35,23.2
2024-07-04 05:00:00,-0.644,4.529999999999999,1018.53,21.009999999999998,23.119999999999997
2024-07-04 06:00:00,-0.646,4.67,1018.1899999999999,20.69,23.0
2024-07-04 07:00:00,-0.376,4.470000000000001,1017.75,20.78,23.05
2024-07-04 08:00:00,-0.018,4.5600000000000005,1017.3700000000001,21.009999999999998,22.84
2024-07-04 09:00:00,0.348,3.6399999999999997,1016.9,20.939999999999998,22.54
2024-07-04 10:00:00,0.626,2.62,1016.7299999999999,21.07,22.4
2024-07-04 11:00:00,0.771,3.18,1016.45,21.56,22.330000000000002
2024-07-04 12:00:00,0.702,1.92,1016.0600000000001,22.330000000000002,22.41
2024-07-04 13:00:00,0.468,0.82,1015.6600000000001,24.23,22.509999999999998
2024-07-04 14:00:00,0.164,1.95,1015.0,24.35,22.6
2024-07-04 15:00:00,-0.119,2.7600000000000002,1014.61,25.11,22.45
2024-07-04 16:00:00,-0.36,3.05,1014.3100000000001,25.939999999999998,22.04
2024-07-04 17:00:00,-0.531,4.41,1013.49,26.660000000000004,22.11
2024-07-04 18:00:00,-0.483,4.55,1013.0899999999999,26.580000000000002,22.11
2024-07-04 19:00:00,-0.176,4.1,1012.6,26.71,21.94
2024-07-04 20:00:00,0.26,3.88,1011.74,26.55,22.54
2024-07-04 21:00:00,0.669,3.8299999999999996,1011.3199999999999,25.8,21.75
2024-07-04 22:00:00,0.959,3.4200000000000004,1011.01,24.68,21.79
2024-07-04 23:00:00,1.113,3.1399999999999997,1010.8399999999999,24.35,22.18
2024-07-05 00:00:00,1.135,2.38,1010.7700000000001,24.64,22.7
2024-07-05 01:00:00,0.972,1.4,1010.99,24.84,23.21
2024-07-05 02:00:00,0.617,1.09,1011.22,24.96,23.4
2024-07-05 03:00:00,0.231,1.1300000000000001,1011.05,23.07,23.490000000000002
2024-07-05 04:00:00,-0.117,1.0699999999999998,1011.1300000000001,23.45,23.5
2024-07-05 05:00:00,-0.387,1.6800000000000002,1010.72,23.080000000000002,23.4
2024-07-05 06:00:00,-0.554,1.86,1010.18,23.16,23.35
2024-07-05 07:00:00,-0.496,0.85,1009.97,23.240000000000002,23.38
2024-07-05 08:00:00,-0.202,0.54,1009.9,22.31,23.3
2024-07-05 09:00:00,0.099,0.9,1009.79,22.11,22.79
2024-07-05 10:00:00,0.42,0.8699999999999999,1010.01,22.21,21.16
2024-07-05 11:00:00,0.702,1.67,1010.3100000000001,23.28,21.23
2024-07-05 12:00:00,0.845,1.9300000000000002,1010.65,23.990000000000002,21.48
2024-07-05 13:00:00,0.762,1.5399999999999998,1010.6200000000001,25.05,21.31
2024-07-05 14:00:00,0.489,1.6800000000000002,1010.2299999999999,25.28,21.759999999999998
2024-07-05 15:00:00,0.147,2.73,1010.0799999999999,24.86,22.45
2024-07-05 16:00:00,-0.124,2.94,1010.0899999999999,25.78,22.88
2024-07-05 17:00:00,-0.361,3.78,1009.95,24.8,23.060000000000002
2024-07-05 18:00:00,-0.474,3.9,1009.72,24.8,22.830000000000002
2024-07-05 19:00:00,-0.363,4.9,1009.07,26.0,23.169999999999998
2024-07-05 20:00:00,-0.05,5.01,1008.49,26.05,24.1
2024-07-05 21:00:00,0.377,4.29,1008.0200000000001,26.18,23.630000000000003
2024-07-05 22:00:00,0.756,5.54,1007.8299999999999,26.68,23.56
2024-07-05 23:00:00,1.034,4.12,1008.2299999999999,24.28,23.66
2024-07-06 00:00:00,1.228,3.28,1009.18,24.21,23.86
2024-07-06 01:00:00,1.175,1.31,1009.76,23.3,23.79
2024-07-06 02:00:00,0.93,1.54,1010.4100000000001,23.240000000000002,23.8
2024-07-06 03:00:00,0.534,2.06,1010.4,24.080000000000002,23.8
2024-07-06 04:00:00,0.138,3.34,1010.0899999999999,24.19,23.8
2024-07-06 05:00:00,-0.19,2.5300000000000002,1009.8,23.779999999999998,23.8
2024-07-06 06:00:00,-0.45,2.43,1009.6800000000001,21.43,23.8
2024-07-06 07:00:00,-0.546,1.69,1009.3399999999999,21.509999999999998,23.57
2024-07-06 08:00:00,-0.418,2.3,1009.04,22.95,23.610000000000003
2024-07-06 09:00:00,-0.099,2.5100000000000002,1009.25,23.53,23.580000000000002
2024-07-06 10:00:00,0.24,1.1800000000000002,1010.01,22.580000000000002,23.21
2024-07-06 11:00:00,0.524,0.85,1010.5,22.96,22.87
2024-07-06 12:00:00,0.745,1.94,1011.2,21.380000000000003,22.04
2024-07-06 13:00:00,0.844,1.47,1011.26,22.37,21.41
2024-07-06 14:00:00,0.707,1.45,1011.1899999999999,25.119999999999997,22.330000000000002
2024-07-06 15:00:00,0.41,0.93,1011.36,25.71,22.919999999999998
2024-07-06 16:00:00,0.086,0.95,1011.46,26.619999999999997,23.25
2024-07-06 17:00:00,-0.17,2.79,1011.28,27.77,24.11
2024-07-06 18:00:00,-0.384,4.54,1011.05,27.23,23.96
2024-07-06 19:00:00,-0.466,5.529999999999999,1011.15,26.18,25.0
2024-07-06 20:00:00,-0.337,6.33,1010.7700000000001,27.410000000000004,25.9
2024-07-06 21:00:00,-0.011,5.21,1010.74,27.580000000000002,24.69
2024-07-06 22:00:00,0.422,2.13,1010.65,26.43,23.56
2024-07-06 23:00:00,0.785,1.53,1010.75,25.99,22.91
2024-07-07 00:00:00,1.023,2.6,1011.05,26.98,24.509999999999998
2024-07-07 01:00:00,1.147,1.3900000000000001,1011.7299999999999,27.189999999999998,23.830000000000002
2024-07-07 02:00:00,1.06,1.9300000000000002,1012.29,27.330000000000002,24.09
2024-07-07 03:00:00,0.762,1.98,1012.6,26.48,24.56
2024-07-07 04:00:00,0.354,1.04,1013.0200000000001,26.169999999999998,24.68
2024-07-07 05:00:00,-0.029,0.58,1013.1899999999999,25.630000000000003,24.47
2024-07-07 06:00:00,-0.324,1.33,1013.15,24.740000000000002,24.46
2024-07-07 07:00:00,-0.543,1.04,1013.1,23.81,24.43
2024-07-07 08:00:00,-0.56,1.64,1013.1899999999999,24.14,24.330000000000002
2024-07-07 09:00:00,-0.398,1.3199999999999998,1014.03,23.419999999999998,24.2
2024-07-07 10:00:00,-0.101,0.65,1014.64,23.25,23.98
2024-07-07 11:00:00,0.232,0.9199999999999999,1015.24,23.47,23.36
2024-07-07 12:00:00,0.537,0.34,1015.43,24.19,23.4
2024-07-07 13:00:00,0.743,1.1400000000000001,1015.3199999999999,25.46,22.5
2024-07-07 14:00:00,0.789,2.7600000000000002,1015.53,26.23,22.48
2024-07-07 15:00:00,0.608,2.4,1015.9200000000001,25.05,22.46
2024-07-07 16:00:00,0.332,1.7399999999999998,1016.1300000000001,25.31,23.35
2024-07-07 17:00:00,0.022,1.2200000000000002,1016.05,26.05,24.41
2024-07-07 18:00:00,-0.234,1.8,1015.8399999999999,26.68,24.95
2024-07-07 19:00:00,-0.441,3.3299999999999996,1015.6200000000001,26.65,25.36
2024-07-07 20:00:00,-0.477,3.87,1015.3700000000001,26.639999999999997,25.240000000000002
2024-07-07 21:00:00,-0.294,3.78,1015.0899999999999,26.54,24.96
2024-07-07 22:00:00,0.085,2.5200000000000005,1015.3,26.18,23.490000000000002
2024-07-07 23:00:00,0.512,2.07,1015.45,24.69,23.369999999999997
2024-07-08 00:00:00,0.829,1.42,1015.79,24.09,23.89
2024-07-08 01:00:00,0.998,1.72,1016.21,22.630000000000003,23.15
2024-07-08 02:00:00,1.015,1.64,1016.5899999999999,22.32,24.419999999999998
2024-07-08 03:00:00,0.871,1.3,1016.5600000000001,22.36,24.990000000000002
2024-07-08 04:00:00,0.572,1.54,1016.54,21.11,25.07
2024-07-08 05:00:00,0.217,1.24,1016.6899999999999,21.14,24.79
2024-07-08 06:00:00,-0.101,0.95,1016.5200000000001,21.35,24.77
2024-07-08 07:00:00,-0.393,0.29,1016.5200000000001,21.630000000000003,24.84
2024-07-08 08:00:00,-0.584,0.22000000000000003,1016.5899999999999,21.880000000000003,24.82
2024-07-08 09:00:00,-0.583,0.26,1016.6700000000001,22.34,24.7
2024-07-08 10:00:00,-0.343,0.45999999999999996,1017.07,23.25,24.7
2024-07-08 11:00:00,-0.03,0.51,1017.8299999999999,24.6,23.5
2024-07-08 12:00:00,0.289,0.48,1017.8700000000001,24.52,23.259999999999998
2024-07-08 13:00:00,0.586,1.1400000000000001,1017.75,24.45,23.11
2024-07-08 14:00:00,0.773,1.6600000000000001,1018.0,25.669999999999998,22.32
2024-07-08 15:00:00,0.762,2.52,1017.9200000000001,26.27,22.55
2024-07-08 16:00:00,0.536,3.37,1017.6899999999999,27.79,24.0
2024-07-08 17:00:00,0.197,5.0200000000000005,1017.3100000000001,27.330000000000002,25.15
2024-07-08 18:00:00,-0.09,6.08,1017.07,26.32,25.48
2024-07-08 19:00:00,-0.315,5.55,1016.61,26.97,26.23
2024-07-08 20:00:00,-0.447,5.58,1016.4200000000001,27.32,26.49
2024-07-08 21:00:00,-0.426,5.529999999999999,1016.1899999999999,26.630000000000003,26.610000000000003
2024-07-08 22:00:00,-0.16,5.24,1016.3100000000001,26.01,26.15
2024-07-08 23:00:00,0.215,4.0200000000000005,1016.1600000000001,26.25,24.73
2024-07-09 00:00:00,0.598,2.68,1016.0799999999999,24.080000000000002,24.89
2024-07-09 01:00:00,0.832,2.82,1016.25,22.68,24.84
2024-07-09 02:00:00,0.948,2.21,1016.64,22.43,24.990000000000002
2024-07-09 03:00:00,0.924,2.4699999999999998,1016.74,22.33,24.64
2024-07-09 04:00:00,0.787,2.65,1016.93,22.240000000000002,24.75
2024-07-09 05:00:00,0.474,1.34,1016.7700000000001,22.119999999999997,24.8
2024-07-09 06:00:00,0.106,0.86,1016.3299999999999,22.07,24.740000000000002
2024-07-09 07:00:00,-0.209,0.58,1015.96,22.18,24.740000000000002
2024-07-09 08:00:00,-0.469,1.1700000000000002,1015.8100000000001,21.69,24.55
2024-07-09 09:00:00,-0.584,0.5900000000000001,1015.85,21.22,24.060000000000002
2024-07-09 10:00:00,-0.482,0.8699999999999999,1015.8399999999999,22.02,24.21
2024-07-09 11:00:00,-0.185,0.52,1016.0600000000001,24.89,24.5
2024-07-09 12:00:00,0.171,1.03,1016.11,25.95,23.56
2024-07-09 13:00:00,0.467,2.54,1016.1700000000001,25.07,22.380000000000003
2024-07-09 14:00:00,0.631,2.95,1015.96,25.830000000000002,22.36
2024-07-09 15:00:00,0.721,4.1899999999999995,1015.85,24.68,21.55
2024-07-09 16:00:00,0.662,5.68,1015.2700000000001,25.240000000000002,22.169999999999998
2024-07-09 17:00:00,0.462,5.51,1014.93,25.65,23.79
2024-07-09 18:00:00,0.207,6.88,1014.4,26.57,24.259999999999998
2024-07-09 19:00:00,-0.052,7.359999999999999,1013.9200000000001,26.77,24.94
2024-07-09 20:00:00,-0.286,7.43,1013.3299999999999,27.07,25.41
2024-07-09 21:00:00,-0.402,7.13,1012.8299999999999,26.46,25.610000000000003
2024-07-09 22:00:00,-0.342,5.17,1012.78,27.27,25.29
2024-07-09 23:00:00,-0.061,5.2,1012.4799999999999,27.35,24.91
2024-07-10 00:00:00,0.325,5.25,1012.4799999999999,27.72,24.66
2024-07-10 01:00:00,0.631,6.05,1012.85,27.589999999999996,24.759999999999998
2024-07-10 02:00:00,0.812,3.59,1013.4100000000001,27.1,24.77
2024-07-10 03:00:00,0.901,2.46,1013.5600000000001,26.5,24.630000000000003
2024-07-10 04:00:00,0.833,3.04,1013.5799999999999,26.310000000000002,24.6
2024-07-10 05:00:00,0.611,3.2300000000000004,1013.3299999999999,26.130000000000003,24.6
2024-07-10 06:00:00,0.285,1.75,1012.96,25.43,24.6
2024-07-10 07:00:00,-0.049,0.67,1012.75,24.6,24.6
2024-07-10 08:00:00,-0.311,0.9400000000000001,1012.6,23.14,24.53
2024-07-10 09:00:00,-0.497,2.89,1012.6300000000001,24.529999999999998,24.5
2024-07-10 10:00:00,-0.538,2.85,1012.85,24.61,24.439999999999998
2024-07-10 11:00:00,-0.364,2.57,1013.0200000000001,24.97,24.4
2024-07-10 12:00:00,-0.057,1.6800000000000002,1012.85,25.630000000000003,24.4
2024-07-10 13:00:00,0.255,1.23,1012.78,26.919999999999998,24.4
2024-07-10 14:00:00,0.49,4.63,1012.57,27.47,24.419999999999998
2024-07-10 15:00:00,0.682,6.12,1012.1700000000001,27.75,24.46
2024-07-10 16:00:00,0.748,7.05,1011.8399999999999,27.65,24.22
2024-07-10 17:00:00,0.665,7.67,1011.4,26.96,25.19
2024-07-10 18:00:00,0.412,9.0,1010.8100000000001,27.01,25.169999999999998
2024-07-10 19:00:00,0.139,10.110000000000001,1010.22,26.51,25.9
2024-07-10 20:00:00,-0.079,9.940000000000001,1009.53,26.669999999999998,25.98
2024-07-10 21:00:00,-0.277,10.03,1009.1299999999999,26.330000000000002,26.0
2024-07-10 22:00:00,-0.352,8.61,1009.25,26.639999999999997,25.919999999999998
2024-07-10 23:00:00,-0.225,7.529999999999999,1009.0,26.169999999999998,25.639999999999997
2024-07-11 00:00:00,0.081,8.07,1009.15,25.56,25.47
2024-07-11 01:00:00,0.433,9.59,1009.5200000000001,26.189999999999998,25.32
2024-07-11 02:00:00,0.69,7.51,1009.7299999999999,25.7,25.05
2024-07-11 03:00:00,0.804,6.93,1009.5,25.98,24.81
2024-07-11 04:00:00,0.804,6.6,1009.65,25.9,24.830000000000002
2024-07-11 05:00:00,0.679,5.91,1009.3100000000001,25.77,25.03
2024-07-11 06:00:00,0.447,5.6899999999999995,1009.32,25.65,25.009999999999998
2024-07-11 07:00:00,0.161,5.7,1009.51,25.72,25.0
2024-07-11 08:00:00,-0.069,1.53,1009.8399999999999,25.14,25.0
2024-07-11 09:00:00,-0.32,3.3,1010.47,24.009999999999998,24.98
2024-07-11 10:00:00,-0.479,4.36,1011.4399999999999,24.71,24.88
2024-07-11 11:00:00,-0.528,7.7,1012.46,24.6,24.77
2024-07-11 12:00:00,-0.336,8.77,1013.11,24.259999999999998,24.7
2024-07-11 13:00:00,-0.061,6.82,1013.82,24.61,24.610000000000003
2024-07-11 14:00:00,0.237,4.92,1013.86,25.06,24.5
2024-07-11 15:00:00,0.496,3.6699999999999995,1014.2299999999999,25.85,24.41
2024-07-11 16:00:00,0.667,2.79,1014.5,26.48,24.439999999999998
2024-07-11 17:00:00,0.674,4.6,1014.5899999999999,26.02,24.57
2024-07-11 18:00:00,0.534,5.49,1014.54,27.169999999999998,24.56
2024-07-11 19:00:00,0.305,4.8,1014.47,27.7,24.91
2024-07-11 20:00:00,0.074,6.09,1014.71,27.73,24.89
2024-07-11 21:00:00,-0.141,4.38,1015.07,27.49,25.68
2024-07-11 22:00:00,-0.286,6.14,1015.46,29.4,25.73
2024-07-11 23:00:00,-0.322,4.39,1016.4399999999999,27.889999999999997,25.59
2024-07-12 00:00:00,-0.164,5.9,1017.32,27.05,25.43
2024-07-12 01:00:00,0.076,4.1,1018.07,26.32,24.97
2024-07-12 02:00:00,0.352,2.21,1018.85,25.75,24.78
2024-07-12 03:00:00,0.542,2.29,1019.1899999999999,25.660000000000004,24.71
2024-07-12 04:00:00,0.635,2.38,1019.28,25.16,24.79
2024-07-12 05:00:00,0.6,1.3900000000000001,1019.35,24.86,24.84
2024-07-12 06:00:00,0.466,0.9099999999999999,1019.2,24.82,24.9
2024-07-12 07:00:00,0.241,0.93,1019.4100000000001,24.619999999999997,24.9
2024-07-12 08:00:00,0.0,1.52,1019.8299999999999,24.68,24.9
2024-07-12 09:00:00,-0.261,3.3,1020.3299999999999,24.06,24.9
2024-07-12 10:00:00,-0.449,2.93,1021.1700000000001,23.880000000000003,24.77
2024-07-12 11:00:00,-0.521,3.13,1021.35,22.56,24.6
2024-07-12 12:00:00,-0.452,3.41,1021.72,22.03,24.6
2024-07-12 13:00:00,-0.203,3.54,1021.61,22.47,24.6
2024-07-12 14:00:00,0.084,4.11,1021.99,22.990000000000002,24.610000000000003
2024-07-12 15:00:00,0.334,2.82,1022.28,22.41,24.7
2024-07-12 16:00:00,0.52,1.29,1022.3399999999999,23.130000000000003,24.7
2024-07-12 17:00:00,0.642,1.59,1021.89,23.740000000000002,24.68
2024-07-12 18:00:00,0.61,1.01,1022.0200000000001,24.880000000000003,24.55
2024-07-12 19:00:00,0.433,2.59,1021.95,25.68,24.54
2024-07-12 20:00:00,0.186,1.58,1021.55,25.06,24.84
2024-07-12 21:00:00,-0.07,2.09,1021.45,25.22,25.080000000000002
2024-07-12 22:00:00,-0.223,2.88,1021.6700000000001,25.660000000000004,25.240000000000002
2024-07-12 23:00:00,-0.305,1.98,1021.8,25.46,25.3
2024-07-13 00:00:00,-0.317,2.85,1022.2,25.34,25.29
2024-07-13 01:00:00,-0.156,3.65,1022.64,25.3,25.3
2024-07-13 02:00:00,0.086,5.64,1022.95,25.71,25.3
2024-07-13 03:00:00,0.326,5.5600000000000005,1022.78,25.28,25.3
2024-07-13 04:00:00,0.474,4.75,1022.6299999999999,24.84,25.22
2024-07-13 05:00:00,0.508,5.17,1022.51,24.55,25.2
2024-07-13 06:00:00,0.447,3.59,1022.2,24.17,25.14
2024-07-13 07:00:00,0.306,2.88,1021.8799999999999,23.93,25.1
2024-07-13 08:00:00,0.133,2.92,1021.9799999999999,23.779999999999998,25.1
2024-07-13 09:00:00,-0.121,3.16,1021.89,23.8,25.1
2024-07-13 10:00:00,-0.336,4.33,1022.3100000000001,23.64,25.02
2024-07-13 11:00:00,-0.49,2.62,1022.3799999999999,23.23,24.939999999999998
2024-07-13 12:00:00,-0.522,4.12,1022.3100000000001,23.61,24.9
2024-07-13 13:00:00,-0.373,3.65,1022.0,23.89,24.97
2024-07-13 14:00:00,-0.132,1.8199999999999998,1021.5600000000001,24.47,25.0
2024-07-13 15:00:00,0.171,0.8699999999999999,1021.35,25.68,25.080000000000002
2024-07-13 16:00:00,0.363,1.95,1021.1600000000001,25.619999999999997,25.2
2024-07-13 17:00:00,0.514,2.7600000000000002,1020.5899999999999,25.39,25.169999999999998
2024-07-13 18:00:00,0.627,3.0100000000000002,1019.9399999999999,25.55,24.9
2024-07-13 19:00:00,0.609,3.0,1019.5799999999999,26.639999999999997,25.2
2024-07-13 20:00:00,0.405,4.3100000000000005,1019.1600000000001,26.02,26.080000000000002
2024-07-13 21:00:00,0.178,6.0200000000000005,1018.95,25.85,26.15
2024-07-13 22:00:00,-0.036,4.96,1018.49,26.4,25.98
2024-07-13 23:00:00,-0.205,2.87,1018.7299999999999,26.93,26.23
2024-07-14 00:00:00,-0.3,2.12,1018.6700000000001,26.55,26.169999999999998
2024-07-14 01:00:00,-0.273,1.73,1018.6,26.089999999999996,25.939999999999998
2024-07-14 02:00:00,-0.101,1.1,1018.6600000000001,25.610000000000003,25.880000000000003
2024-07-14 03:00:00,0.151,2.16,1018.6899999999999,25.76,25.79
2024-07-14 04:00:00,0.364,2.82,1018.54,25.509999999999998,25.73
2024-07-14 05:00:00,0.483,2.02,1018.1299999999999,25.21,25.7
2024-07-14 06:00:00,0.531,2.65,1017.89,25.3,25.7
2024-07-14 07:00:00,0.464,3.45,1017.61,25.16,25.669999999999998
2024-07-14 08:00:00,0.3,3.44,1017.75,24.98,25.689999999999998
2024-07-14 09:00:00,0.083,4.18,1017.76,24.79,25.53
2024-07-14 10:00:00,-0.153,3.8899999999999997,1017.7700000000001,24.82,25.4
2024-07-14 11:00:00,-0.313,2.7800000000000002,1017.86,25.19,25.31
2024-07-14 12:00:00,-0.42,2.23,1018.1700000000001,25.85,25.36
2024-07-14 13:00:00,-0.374,3.2299999999999995,1018.29,25.95,25.4
2024-07-14 14:00:00,-0.212,3.12,1018.4,26.669999999999998,25.369999999999997
2024-07-14 15:00:00,0.029,2.9,1018.26,27.439999999999998,25.240000000000002
2024-07-14 16:00:00,0.262,3.4200000000000004,1017.86,27.060000000000002,25.52
2024-07-14 17:00:00,0.433,4.470000000000001,1016.79,27.6,25.859999999999996
2024-07-14 18:00:00,0.608,4.74,1016.51,26.68,25.169999999999998
2024-07-14 19:00:00,0.731,1.83,1016.3399999999999,26.03,24.84
2024-07-14 20:00:00,0.68,5.04,1015.9100000000001,25.619999999999997,25.619999999999997
2024-07-14 21:00:00,0.473,4.39,1015.22,26.1,25.79
2024-07-14 22:00:00,0.216,3.47,1015.0,26.21,25.93
2024-07-14 23:00:00,-0.003,3.07,1014.8399999999999,26.110000000000003,26.02
2024-07-15 00:00:00,-0.193,3.5700000000000003,1014.6200000000001,25.860000000000003,26.2
2024-07-15 01:00:00,-0.286,2.75,1014.9100000000001,25.509999999999998,26.2
2024-07-15 02:00:00,-0.214,1.54,1014.8399999999999,25.28,26.2
2024-07-15 03:00:00,0.004,3.02,1014.45,25.46,26.1
2024-07-15 04:00:00,0.233,3.13,1014.39,25.259999999999998,25.95
2024-07-15 05:00:00,0.427,3.4799999999999995,1014.0,24.93,25.9
2024-07-15 06:00:00,0.517,3.2399999999999998,1013.51,24.81,25.9
2024-07-15 07:00:00,0.532,2.32,1013.07,24.78,25.9
2024-07-15 08:00:00,0.481,2.59,1013.3299999999999,24.589999999999996,25.860000000000003
2024-07-15 09:00:00,0.303,5.93,1014.0799999999999,22.86,25.8
2024-07-15 10:00:00,0.073,3.6100000000000003,1013.0200000000001,23.19,25.73
2024-07-15 11:00:00,-0.07,2.63,1013.65,24.31,25.7
2024-07-15 12:00:00,-0.205,6.26,1013.46,24.669999999999998,25.7
2024-07-15 13:00:00,-0.267,3.41,1013.3799999999999,25.48,25.65
2024-07-15 14:00:00,-0.263,1.69,1013.2700000000001,25.72,25.560000000000002
2024-07-15 15:00:00,-0.129,0.95,1013.1200000000001,26.85,25.55
2024-07-15 16:00:00,0.136,2.77,1012.7700000000001,26.919999999999998,25.560000000000002
2024-07-15 17:00:00,0.413,3.28,1012.22,27.57,25.869999999999997
2024-07-15 18:00:00,0.675,5.21,1011.4,26.82,25.889999999999997
2024-07-15 19:00:00,0.831,6.1899999999999995,1010.39,28.1,26.130000000000003
2024-07-15 20:00:00,0.851,5.61,1009.47,29.32,26.380000000000003
2024-07-15 21:00:00,0.734,3.3,1009.04,30.919999999999998,26.57
2024-07-15 22:00:00,0.488,4.2700000000000005,1008.74,30.8,26.6
2024-07-15 23:00:00,0.235,2.06,1008.65,30.79,26.75
2024-07-16 00:00:00,0.064,2.73,1009.05,29.830000000000002,26.869999999999997
2024-07-16 01:00:00,-0.094,4.55,1009.3799999999999,29.71,26.919999999999998
2024-07-16 02:00:00,-0.194,5.51,1009.5200000000001,29.359999999999996,26.9
2024-07-16 03:00:00,-0.166,5.720000000000001,1009.1700000000001,29.160000000000004,26.9
2024-07-16 04:00:00,-0.021,6.2299999999999995,1008.8399999999999,28.660000000000004,26.9
2024-07-16 05:00:00,0.176,5.55,1008.74,28.15,26.839999999999996
2024-07-16 06:00:00,0.368,4.63,1008.74,27.57,26.77
2024-07-16 07:00:00,0.542,4.24,1009.04,27.15,26.7
2024-07-16 08:00:00,0.593,3.5200000000000005,1009.53,26.939999999999998,26.7
2024-07-16 09:00:00,0.55,2.46,1010.1600000000001,26.130000000000003,26.6
2024-07-16 10:00:00,0.319,2.37,1010.74,26.4,26.6
2024-07-16 11:00:00,0.069,0.78,1011.1,26.95,26.6
2024-07-16 12:00:00,-0.12,0.13999999999999999,1011.1600000000001,28.74,26.6
2024-07-16 13:00:00,-0.246,0.27999999999999997,1011.03,29.51,26.380000000000003
2024-07-16 14:00:00,-0.27,1.55,1011.07,29.369999999999997,26.21
2024-07-16 15:00:00,-0.209,4.4799999999999995,1010.89,29.27,26.389999999999997
2024-07-16 16:00:00,-0.053,5.05,1010.57,30.52,26.76
2024-07-16 17:00:00,0.216,7.43,1009.76,30.15,27.139999999999997
2024-07-16 18:00:00,0.518,7.540000000000001,1009.0899999999999,30.72,27.4
2024-07-16 19:00:00,0.752,7.890000000000001,1008.0600000000001,30.660000000000004,27.380000000000003
2024-07-16 20:00:00,0.881,7.209999999999999,1007.11,31.78,27.380000000000003
2024-07-16 21:00:00,0.89,7.44,1006.7700000000001,31.68,27.53
2024-07-16 22:00:00,0.721,8.129999999999999,1007.25,32.32,27.639999999999997
2024-07-16 23:00:00,0.485,7.970000000000001,1008.1899999999999,30.419999999999998,27.73
2024-07-17 00:00:00,0.217,3.3600000000000003,1008.57,28.24,27.7
2024-07-17 01:00:00,-0.012,5.75,1009.8,27.85,27.7
2024-07-17 02:00:00,-0.247,8.629999999999999,1010.1,27.119999999999997,27.6
2024-07-17 03:00:00,-0.43,9.02,1010.4100000000001,25.669999999999998,27.46
2024-07-17 04:00:00,-0.392,6.08,1010.43,25.259999999999998,27.310000000000002
2024-07-17 05:00:00,-0.185,6.5600000000000005,1010.7299999999999,25.4,27.2
2024-07-17 06:00:00,0.073,5.84,1010.49,24.92,27.139999999999997
2024-07-17 07:00:00,0.316,5.14,1010.05,24.54,27.1
2024-07-17 08:00:00,0.474,3.94,1009.99,24.4,26.97
2024-07-17 09:00:00,0.518,3.56,1010.0899999999999,24.59,26.889999999999997
2024-07-17 10:00:00,0.432,3.13,1010.71,24.89,26.8
2024-07-17 11:00:00,0.289,3.38,1011.57,24.84,26.76
2024-07-17 12:00:00,0.135,5.35,1012.14,23.830000000000002,26.7
2024-07-17 13:00:00,-0.08,4.16,1012.1,24.630000000000003,26.7
2024-07-17 14:00:00,-0.295,3.8200000000000003,1011.93,25.330000000000002,26.7
2024-07-17 15:00:00,-0.411,1.3,1011.51,27.080000000000002,26.7
2024-07-17 16:00:00,-0.329,2.25,1010.97,26.76,26.72
2024-07-17 17:00:00,-0.066,4.7700000000000005,1010.4799999999999,26.6,26.82
2024-07-17 18:00:00,0.31,5.74,1009.89,26.45,27.060000000000002
2024-07-17 19:00:00,0.631,6.709999999999999,1009.4799999999999,27.65,27.2
2024-07-17 20:00:00,0.848,5.9799999999999995,1008.61,29.169999999999998,27.2
2024-07-17 21:00:00,0.908,4.720000000000001,1008.0,29.85,27.2
2024-07-17 22:00:00,0.872,4.07,1008.65,29.25,27.23
2024-07-17 23:00:00,0.742,1.77,1008.78,28.98,27.3
2024-07-18 00:00:00,0.518,2.91,1009.2299999999999,29.4,27.24
2024-07-18 01:00:00,0.213,7.65,1009.93,27.7,27.22
2024-07-18 02:00:00,-0.061,7.18,1012.05,23.490000000000002,27.3
2024-07-18 03:00:00,-0.386,2.52,1010.6,22.91,27.2
2024-07-18 04:00:00,-0.497,1.44,1010.05,22.97,27.2
2024-07-18 05:00:00,-0.383,2.62,1009.6299999999999,23.02,27.189999999999998
2024-07-18 06:00:00,-0.164,3.8,1009.9399999999999,23.3,27.060000000000002
2024-07-18 07:00:00,0.146,4.57,1010.1600000000001,23.259999999999998,26.810000000000002
2024-07-18 08:00:00,0.38,3.4,1010.39,23.509999999999998,26.630000000000003
2024-07-18 09:00:00,0.541,4.09,1010.8299999999999,23.18,26.52
2024-07-18 10:00:00,0.57,4.5600000000000005,1011.3100000000001,23.3,26.5
2024-07-18 11:00:00,0.458,4.25,1011.72,23.380000000000003,26.5
2024-07-18 12:00:00,0.24,4.49,1012.1700000000001,23.619999999999997,26.47
2024-07-18 13:00:00,0.006,4.26,1012.51,23.68,26.4
2024-07-18 14:00:00,-0.177,3.71,1013.1299999999999,24.28,26.4
2024-07-18 15:00:00,-0.328,3.3299999999999996,1013.4100000000001,25.31,26.4
2024-07-18 16:00:00,-0.433,2.67,1013.5,25.689999999999998,26.330000000000002
2024-07-18 17:00:00,-0.367,2.0,1013.45,26.03,26.35
2024-07-18 18:00:00,-0.083,1.31,1013.6300000000001,26.75,26.54
2024-07-18 19:00:00,0.33,1.35,1013.5200000000001,27.630000000000003,26.52
2024-07-18 20:00:00,0.705,3.9800000000000004,1013.3399999999999,27.46,26.3
2024-07-18 21:00:00,0.893,3.9200000000000004,1013.22,27.23,26.01
2024-07-18 22:00:00,0.944,4.42,1013.3100000000001,26.669999999999998,26.74
2024-07-18 23:00:00,0.902,3.0100000000000002,1013.7700000000001,26.55,26.689999999999998
2024-07-19 00:00:00,0.728,2.76,1014.5899999999999,25.96,26.65
2024-07-19 01:00:00,0.455,2.6,1015.3799999999999,25.119999999999997,26.689999999999998
2024-07-19 02:00:00,0.114,3.29,1015.8,25.169999999999998,26.119999999999997
2024-07-19 03:00:00,-0.218,3.87,1016.0899999999999,24.81,25.369999999999997
2024-07-19 04:00:00,-0.448,3.7399999999999998,1016.39,24.009999999999998,25.130000000000003
2024-07-19 05:00:00,-0.534,3.63,1016.7299999999999,23.32,25.060000000000002
2024-07-19 06:00:00,-0.42,3.72,1016.8699999999999,22.68,25.0
2024-07-19 07:00:00,-0.111,3.6,1016.96,22.02,24.81
2024-07-19 08:00:00,0.2,3.19,1017.75,21.39,24.8
2024-07-19 09:00:00,0.404,3.6399999999999997,1018.32,20.64,24.75
2024-07-19 10:00:00,0.595,3.7,1018.89,20.330000000000002,23.94
2024-07-19 11:00:00,0.657,3.6100000000000003,1019.82,20.61,23.73
2024-07-19 12:00:00,0.519,3.22,1020.3700000000001,21.21,24.04
2024-07-19 13:00:00,0.293,3.66,1020.5600000000001,21.71,24.28
2024-07-19 14:00:00,0.013,3.5100000000000002,1020.55,22.39,24.66
2024-07-19 15:00:00,-0.21,2.5,1020.5200000000001,23.23,25.07
2024-07-19 16:00:00,-0.388,2.79,1020.57,23.5,25.55
2024-07-19 17:00:00,-0.438,1.8699999999999999,1020.3700000000001,24.270000000000003,25.880000000000003
2024-07-19 18:00:00,-0.317,0.51,1020.0200000000001,25.72,26.01
2024-07-19 19:00:00,0.009,1.5699999999999998,1019.6299999999999,26.589999999999996,26.310000000000002
2024-07-19 20:00:00,0.418,4.01,1019.4100000000001,25.419999999999998,26.4
2024-07-19 21:00:00,0.754,5.83,1019.0200000000001,25.03,26.2
2024-07-19 22:00:00,0.958,5.7700000000000005,1019.05,25.15,25.919999999999998
2024-07-19 23:00:00,1.035,5.5200000000000005,1019.4200000000001,25.28,26.03
2024-07-20 00:00:00,0.983,6.56,1019.76,24.830000000000002,26.23
2024-07-20 01:00:00,0.749,6.56,1020.24,24.27,26.3
2024-07-20 02:00:00,0.381,6.93,1020.39,23.55,26.25
2024-07-20 03:00:00,-0.012,7.159999999999999,1020.4399999999999,22.919999999999998,26.1
2024-07-20 04:00:00,-0.358,7.17,1020.47,22.919999999999998,25.96
2024-07-20 05:00:00,-0.599,7.6,1020.35,22.6,25.839999999999996
2024-07-20 06:00:00,-0.645,4.5,1020.1899999999999,21.82,25.71
2024-07-20 07:00:00,-0.433,4.2700000000000005,1020.05,21.88,25.630000000000003
2024-07-20 08:00:00,-0.114,3.72,1020.29,21.4,25.57
2024-07-20 09:00:00,0.22,1.92,1020.36,21.419999999999998,25.6
2024-07-20 10:00:00,0.489,1.83,1020.4399999999999,21.84,25.6
2024-07-20 11:00:00,0.642,0.54,1020.6299999999999,22.52,25.11
2024-07-20 12:00:00,0.67,0.6599999999999999,1020.61,23.41,25.03
2024-07-20 13:00:00,0.534,0.6,1020.6,24.009999999999998,25.19
2024-07-20 14:00:00,0.269,1.45,1020.46,25.19,25.43
2024-07-20 15:00:00,-0.007,1.69,1020.29,25.14,25.610000000000003
2024-07-20 16:00:00,-0.292,1.7600000000000002,1020.1200000000001,25.59,25.830000000000002
2024-07-20 17:00:00,-0.509,4.43,1019.6899999999999,25.369999999999997,25.9
2024-07-20 18:00:00,-0.572,5.08,1019.2,25.5,25.99
2024-07-20 19:00:00,-0.386,6.07,1018.6899999999999,26.110000000000003,25.98
2024-07-20 20:00:00,0.02,5.4,1018.3299999999999,26.3,25.99
2024-07-20 21:00:00,0.505,6.35,1017.9799999999999,26.65,25.98
2024-07-20 22:00:00,0.848,6.17,1017.79,26.23,25.839999999999996
2024-07-20 23:00:00,1.052,5.14,1018.0600000000001,25.810000000000002,25.73
2024-07-21 00:00:00,1.12,4.68,1018.14,25.44,25.7
2024-07-21 01:00:00,0.967,5.05,1018.51,25.09,25.7
2024-07-21 02:00:00,0.672,3.96,1018.5200000000001,24.54,25.7
2024-07-21 03:00:00,0.288,3.63,1018.11,24.09,25.639999999999997
2024-07-21 04:00:00,-0.084,2.8600000000000003,1017.7299999999999,23.740000000000002,25.6
2024-07-21 05:00:00,-0.399,2.77,1017.24,23.65,25.6
2024-07-21 06:00:00,-0.631,2.69,1017.2,23.47,25.55
2024-07-21 07:00:00,-0.664,2.2399999999999998,1016.86,23.27,25.5
2024-07-21 08:00:00,-0.431,2.06,1016.64,23.169999999999998,25.45
2024-07-21 09:00:00,-0.064,2.17,1016.6700000000001,22.92,25.3
2024-07-21 10:00:00,0.315,2.38,1016.8799999999999,22.740000000000002,25.1
2024-07-21 11:00:00,0.62,2.3200000000000003,1017.29,22.73,24.86
2024-07-21 12:00:00,0.82,2.19,1017.54,23.55,24.380000000000003
2024-07-21 13:00:00,0.798,2.65,1017.29,24.21,24.72
2024-07-21 14:00:00,0.592,2.8,1017.2299999999999,24.740000000000002,25.06
2024-07-21 15:00:00,0.238,1.05,1017.26,26.369999999999997,25.240000000000002
2024-07-21 16:00:00,-0.087,1.4,1017.3399999999999,26.53,25.34
2024-07-21 17:00:00,-0.37,5.07,1017.0,26.22,25.689999999999998
2024-07-21 18:00:00,-0.55,6.68,1016.79,26.27,26.839999999999996
2024-07-21 19:00:00,-0.584,6.640000000000001,1016.6,26.72,26.85
2024-07-21 20:00:00,-0.321,6.1899999999999995,1016.49,26.85,26.839999999999996
2024-07-21 21:00:00,0.12,5.07,1016.4399999999999,27.310000000000002,26.310000000000002
2024-07-21 22:00:00,0.581,3.55,1016.6299999999999,27.6,26.189999999999998
2024-07-21 23:00:00,0.926,2.8600000000000003,1017.11,26.43,26.01
2024-07-22 00:00:00,1.13,3.6,1017.45,25.919999999999998,26.110000000000003
2024-07-22 01:00:00,1.159,3.53,1018.0799999999999,25.41,26.2
2024-07-22 02:00:00,0.975,3.4200000000000004,1018.4799999999999,25.169999999999998,26.21
2024-07-22 03:00:00,0.627,3.18,1018.6,24.52,26.23
2024-07-22 04:00:00,0.216,4.1,1018.7700000000001,23.880000000000003,26.139999999999997
2024-07-22 05:00:00,-0.188,4.5,1018.93,23.68,26.05
2024-07-22 06:00:00,-0.529,3.17,1018.82,23.11,25.98
2024-07-22 07:00:00,-0.738,2.3600000000000003,1018.45,22.91,25.9
2024-07-22 08:00:00,-0.729,3.44,1018.4,22.9,25.76
2024-07-22 09:00:00,-0.445,2.5100000000000002,1018.6,22.68,25.7
2024-07-22 10:00:00,-0.047,2.5300000000000002,1018.82,22.45,25.619999999999997
2024-07-22 11:00:00,0.361,2.35,1018.97,22.669999999999998,25.4
2024-07-22 12:00:00,0.708,0.78,1019.0799999999999,23.35,25.3
2024-07-22 13:00:00,0.902,1.2,1019.1200000000001,24.240000000000002,25.0
2024-07-22 14:00:00,0.83,2.45,1019.25,24.880000000000003,25.05
2024-07-22 15:00:00,0.551,4.45,1019.3399999999999,25.28,25.23
2024-07-22 16:00:00,0.171,5.26,1019.1,25.0,25.4
2024-07-22 17:00:00,-0.18,5.720000000000001,1018.6299999999999,24.84,25.580000000000002
2024-07-22 18:00:00,-0.447,6.25,1018.0899999999999,24.84,25.68
2024-07-22 19:00:00,-0.631,5.7700000000000005,1017.9100000000001,24.56,25.93
2024-07-22 20:00:00,-0.576,5.03,1017.68,24.55,25.860000000000003
2024-07-22 21:00:00,-0.29,4.41,1017.32,24.25,25.689999999999998
2024-07-22 22:00:00,0.196,2.9899999999999998,1016.93,24.11,24.91
2024-07-22 23:00:00,0.663,1.67,1016.75,23.43,24.55
2024-07-23 00:00:00,1.003,1.69,1016.6200000000001,23.04,23.81
2024-07-23 01:00:00,1.183,1.5,1016.6899999999999,22.82,23.990000000000002
2024-07-23 02:00:00,1.206,2.1399999999999997,1016.51,23.18,24.15
2024-07-23 03:00:00,1.021,1.6600000000000001,1015.89,22.93,24.54
2024-07-23 04:00:00,0.673,1.75,1015.39,22.919999999999998,24.8
2024-07-23 05:00:00,0.227,2.05,1015.28,22.59,24.740000000000002
2024-07-23 06:00:00,-0.171,2.18,1015.35,22.79,24.630000000000003
2024-07-23 07:00:00,-0.527,1.6800000000000002,1014.8100000000001,22.77,24.62
2024-07-23 08:00:00,-0.734,0.78,1014.46,22.47,24.36
2024-07-23 09:00:00,-0.628,1.2,1014.8,21.96,24.330000000000002
2024-07-23 10:00:00,-0.254,1.1,1015.39,22.09,24.43
2024-07-23 11:00:00,0.198,1.7399999999999998,1015.6899999999999,22.490000000000002,24.31
2024-07-23 12:00:00,0.62,1.72,1016.1,22.64,23.9
2024-07-23 13:00:00,0.948,1.81,1016.61,22.98,22.97
2024-07-23 14:00:00,1.042,1.81,1016.75,23.47,23.080000000000002
2024-07-23 15:00:00,0.908,1.1199999999999999,1017.07,24.64,22.79
2024-07-23 16:00:00,0.59,1.42,1017.1800000000001,24.43,23.130000000000003
2024-07-23 17:00:00,0.234,0.52,1017.22,25.95,23.93
2024-07-23 18:00:00,-0.078,2.06,1017.49,26.32,23.64
2024-07-23 19:00:00,-0.36,3.59,1017.4799999999999,25.85,23.740000000000002
2024-07-23 20:00:00,-0.55,3.65,1017.5799999999999,26.49,24.86
2024-07-23 21:00:00,-0.556,3.08,1017.78,27.119999999999997,25.03
2024-07-23 22:00:00,-0.222,2.55,1018.1299999999999,26.939999999999998,25.11
2024-07-23 23:00:00,0.248,1.53,1018.5600000000001,25.98,24.34
2024-07-24 00:00:00,0.728,1.4,1019.1600000000001,24.990000000000002,23.56
2024-07-24 01:00:00,1.045,3.94,1019.57,23.91,23.7
2024-07-24 02:00:00,1.21,3.6399999999999997,1019.79,23.41,23.22
2024-07-24 03:00:00,1.202,3.63,1019.71,23.240000000000002,22.69
2024-07-24 04:00:00,0.94,3.46,1019.9100000000001,22.96,22.619999999999997
2024-07-24 05:00:00,0.545,2.7199999999999998,1020.15,22.990000000000002,23.619999999999997
2024-07-24 06:00:00,0.107,2.81,1020.03,23.0,23.9
2024-07-24 07:00:00,-0.317,2.9099999999999997,1019.46,22.869999999999997,23.169999999999998
2024-07-24 08:00:00,-0.624,2.02,1019.89,22.96,22.61
2024-07-24 09:00:00,-0.733,1.58,1020.11,22.919999999999998,22.41
2024-07-24 10:00:00,-0.543,1.95,1019.6,22.93,22.55
2024-07-24 11:00:00,-0.148,2.12,1019.97,23.09,22.72
2024-07-24 12:00:00,0.32,2.44,1020.4100000000001,23.22,23.02
2024-07-24 13:00:00,0.682,2.9899999999999998,1020.64,23.369999999999997,23.060000000000002
2024-07-24 14:00:00,0.967,3.47,1020.46,23.54,22.95
2024-07-24 15:00:00,1.11,2.54,1020.5899999999999,24.0,22.75
2024-07-24 16:00:00,0.939,2.69,1020.5899999999999,24.34,22.69
2024-07-24 17:00:00,0.614,2.4,1020.6,24.23,22.44
2024-07-24 18:00:00,0.239,2.17,1019.97,24.46,22.6
2024-07-24 19:00:00,-0.111,3.6700000000000004,1019.49,25.27,24.029999999999998
2024-07-24 20:00:00,-0.376,4.3100000000000005,1019.11,25.36,24.59
2024-07-24 21:00:00,-0.55,4.45,1018.5899999999999,25.41,24.68
2024-07-24 22:00:00,-0.487,4.09,1018.43,25.2,24.6
2024-07-24 23:00:00,-0.109,4.05,1018.6299999999999,24.68,24.64
2024-07-25 00:00:00,0.382,3.22,1018.97,24.35,24.62
2024-07-25 01:00:00,0.77,3.7700000000000005,1019.3700000000001,24.18,24.6
2024-07-25 02:00:00,1.052,4.6899999999999995,1019.43,24.03,24.35
2024-07-25 03:00:00,1.178,4.68,1019.2700000000001,23.82,24.15
2024-07-25 04:00:00,1.104,2.68,1018.95,23.86,23.919999999999998
2024-07-25 05:00:00,0.806,2.04,1018.5899999999999,23.869999999999997,24.28
2024-07-25 06:00:00,0.388,1.8199999999999998,1018.2299999999999,23.68,24.29
2024-07-25 07:00:00,-0.01,2.0,1017.89,23.5,24.15
2024-07-25 08:00:00,-0.355,3.19,1017.8700000000001,23.560000000000002,24.2
2024-07-25 09:00:00,-0.61,3.91,1017.79,23.43,24.2
2024-07-25 10:00:00,-0.691,3.81,1017.93,23.31,24.1
2024-07-25 11:00:00,-0.485,3.5700000000000003,1018.03,23.7,24.1
2024-07-25 12:00:00,-0.064,3.94,1018.26,23.72,24.09
2024-07-25 13:00:00,0.364,2.9899999999999998,1018.26,23.82,23.990000000000002
2024-07-25 14:00:00,0.762,3.6,1018.51,24.05,23.91
2024-07-25 15:00:00,1.028,3.2700000000000005,1018.6300000000001,24.31,23.839999999999996
2024-07-25 16:00:00,1.092,3.3200000000000003,1018.3399999999999,24.740000000000002,23.6
2024-07-25 17:00:00,0.893,3.3600000000000003,1018.01,25.53,23.9
2024-07-25 18:00:00,0.521,3.5100000000000002,1017.4799999999999,26.060000000000002,24.23
2024-07-25 19:00:00,0.149,3.6100000000000003,1017.0200000000001,26.1,24.43
2024-07-25 20:00:00,-0.161,3.6799999999999997,1017.0,26.03,24.68
2024-07-25 21:00:00,-0.416,3.5799999999999996,1016.79,26.26,24.990000000000002
2024-07-25 22:00:00,-0.536,4.0200000000000005,1016.85,26.47,24.880000000000003
2024-07-25 23:00:00,-0.462,3.38,1017.1600000000001,25.889999999999997,24.7
2024-07-26 00:00:00,-0.089,2.0100000000000002,1017.5899999999999,25.4,24.7
2024-07-26 01:00:00,0.299,2.4899999999999998,1018.2700000000001,24.69,24.669999999999998
2024-07-26 02:00:00,0.641,2.61,1018.9799999999999,23.990000000000002,24.39
2024-07-26 03:00:00,0.898,3.5100000000000002,1019.1600000000001,23.95,23.46
2024-07-26 04:00:00,1.004,3.2600000000000002,1019.3,23.330000000000002,23.130000000000003
2024-07-26 05:00:00,0.94,4.17,1019.1300000000001,22.82,23.14
2024-07-26 06:00:00,0.606,4.55,1019.1200000000001,22.330000000000002,23.1
2024-07-26 07:00:00,0.186,4.25,1019.0799999999999,21.73,23.1
2024-07-26 08:00:00,-0.214,4.45,1019.25,21.21,23.17
2024-07-26 09:00:00,-0.533,5.29,1019.36,20.55,23.29
2024-07-26 10:00:00,-0.756,5.470000000000001,1019.5899999999999,20.38,23.19
2024-07-26 11:00:00,-0.746,4.29,1020.05,20.55,23.05
2024-07-26 12:00:00,-0.448,3.7399999999999998,1020.51,21.25,23.080000000000002
2024-07-26 13:00:00,-0.013,4.49,1020.25,22.080000000000002,23.17
2024-07-26 14:00:00,0.414,4.12,1020.3199999999999,23.18,23.36
2024-07-26 15:00:00,0.751,4.29,1020.1600000000001,23.880000000000003,23.4
2024-07-26 16:00:00,0.927,4.37,1019.7700000000001,24.630000000000003,23.4
2024-07-26 17:00:00,0.974,4.0600000000000005,1019.1899999999999,25.68,23.23
2024-07-26 18:00:00,0.809,3.46,1018.8799999999999,26.47,23.1
2024-07-26 19:00:00,0.507,1.75,1018.6200000000001,26.73,23.1
2024-07-26 20:00:00,0.163,2.2399999999999998,1018.3100000000001,26.03,23.17
2024-07-26 21:00:00,-0.133,2.6,1018.28,25.919999999999998,24.11
2024-07-26 22:00:00,-0.407,3.5100000000000002,1018.28,25.810000000000002,24.69
2024-07-26 23:00:00,-0.521,3.0300000000000002,1018.64,25.580000000000002,24.759999999999998
2024-07-27 00:00:00,-0.403,1.6600000000000001,1018.86,25.240000000000002,24.669999999999998
2024-07-27 01:00:00,-0.08,2.42,1019.3100000000001,25.009999999999998,24.56
2024-07-27 02:00:00,0.284,3.8899999999999997,1019.6300000000001,24.32,24.38
2024-07-27 03:00:00,0.595,3.55,1019.9799999999999,23.64,24.4
2024-07-27 04:00:00,0.838,1.8199999999999998,1020.1600000000001,23.31,24.4
2024-07-27 05:00:00,0.949,2.32,1020.11,23.119999999999997,24.389999999999997
2024-07-27 06:00:00,0.808,1.92,1020.04,22.7,24.23
2024-07-27 07:00:00,0.454,2.2600000000000002,1019.72,22.23,24.2
2024-07-27 08:00:00,0.062,1.42,1019.6700000000001,21.990000000000002,24.16
2024-07-27 09:00:00,-0.236,1.5799999999999998,1019.95,21.98,24.1
2024-07-27 10:00:00,-0.486,1.58,1020.36,22.41,24.04
2024-07-27 11:00:00,-0.625,2.16,1020.71,23.34,24.0
2024-07-27 12:00:00,-0.549,2.2,1021.25,23.59,24.0
2024-07-27 13:00:00,-0.256,1.72,1021.47,23.89,24.130000000000003
2024-07-27 14:00:00,0.122,1.48,1021.49,24.91,24.2
2024-07-27 15:00:00,0.465,1.9900000000000002,1021.71,25.57,24.28
2024-07-27 16:00:00,0.758,3.29,1021.55,25.54,24.29
2024-07-27 17:00:00,0.962,3.28,1021.1899999999999,25.99,23.669999999999998
2024-07-27 18:00:00,1.024,3.9,1020.93,25.880000000000003,23.85
2024-07-27 19:00:00,0.813,3.88,1020.61,26.130000000000003,24.53
2024-07-27 20:00:00,0.511,4.33,1020.25,26.26,24.869999999999997
2024-07-27 21:00:00,0.138,4.26,1019.9100000000001,25.75,25.2
2024-07-27 22:00:00,-0.181,4.3100000000000005,1019.8,25.419999999999998,25.3
2024-07-27 23:00:00,-0.402,4.2700000000000005,1019.9,25.06,25.27
2024-07-28 00:00:00,-0.444,3.34,1019.97,24.91,25.2
2024-07-28 01:00:00,-0.296,2.8,1020.2700000000001,24.82,25.1
2024-07-28 02:00:00,-0.007,2.21,1020.6,24.1,25.05
2024-07-28 03:00:00,0.312,2.3,1020.8299999999999,23.740000000000002,24.919999999999998
2024-07-28 04:00:00,0.56,2.32,1020.9399999999999,23.57,24.759999999999998
2024-07-28 05:00:00,0.744,3.07,1020.95,23.28,24.669999999999998
2024-07-28 06:00:00,0.809,4.29,1020.65,22.869999999999997,24.6
2024-07-28 07:00:00,0.679,3.72,1020.55,22.5,24.6
2024-07-28 08:00:00,0.388,3.56,1020.78,22.35,24.5
2024-07-28 09:00:00,0.063,3.28,1021.07,22.47,24.46
2024-07-28 10:00:00,-0.207,2.91,1021.05,22.669999999999998,24.38
2024-07-28 11:00:00,-0.453,2.79,1021.3299999999999,23.330000000000002,24.389999999999997
2024-07-28 12:00:00,-0.597,1.7600000000000002,1021.55,23.31,24.4
2024-07-28 13:00:00,-0.53,2.7,1021.46,24.06,24.4
2024-07-28 14:00:00,-0.231,1.56,1021.32,25.32,24.4
2024-07-28 15:00:00,0.179,2.35,1020.9,25.27,24.5
2024-07-28 16:00:00,0.561,2.23,1020.3799999999999,25.270000000000003,24.669999999999998
2024-07-28 17:00:00,0.855,2.3899999999999997,1019.8,26.389999999999997,24.06
2024-07-28 18:00:00,1.023,1.92,1018.97,26.619999999999997,23.69
2024-07-28 19:00:00,1.019,2.87,1018.39,27.369999999999997,23.8
2024-07-28 20:00:00,0.807,5.51,1018.2299999999999,26.07,24.98
2024-07-28 21:00:00,0.516,5.130000000000001,1018.3399999999999,24.59,26.169999999999998
2024-07-28 22:00:00,0.223,4.15,1018.1800000000001,23.78,25.660000000000004
2024-07-28 23:00:00,-0.062,3.17,1018.11,23.7,25.27
2024-07-29 00:00:00,-0.298,2.6100000000000003,1018.5,23.389999999999997,25.16
2024-07-29 01:00:00,-0.409,2.56,1018.6300000000001,23.419999999999998,25.14
2024-07-29 02:00:00,-0.323,3.04,1018.46,23.64,25.1
2024-07-29 03:00:00,-0.027,2.0300000000000002,1018.14,23.6,25.009999999999998
2024-07-29 04:00:00,0.27,1.83,1017.82,23.39,24.71
2024-07-29 05:00:00,0.539,1.46,1017.3,23.169999999999998,24.62
2024-07-29 06:00:00,0.725,1.48,1017.11,23.15,24.46
2024-07-29 07:00:00,0.797,2.87,1016.75,22.84,24.490000000000002
2024-07-29 08:00:00,0.67,3.15,1016.2700000000001,22.6,24.580000000000002
2024-07-29 09:00:00,0.418,4.15,1016.25,22.34,24.560000000000002
2024-07-29 10:00:00,0.142,5.85,1016.3399999999999,22.46,24.5
2024-07-29 11:00:00,-0.103,5.09,1016.39,22.869999999999997,24.4
2024-07-29 12:00:00,-0.296,4.8,1016.35,23.2,24.4
2024-07-29 13:00:00,-0.422,4.5600000000000005,1016.35,23.35,24.439999999999998
2024-07-29 14:00:00,-0.396,4.0600000000000005,1015.72,24.32,24.5
2024-07-29 15:00:00,-0.16,1.45,1015.46,25.6,24.5
2024-07-29 16:00:00,0.196,1.55,1015.4,26.72,24.560000000000002
2024-07-29 17:00:00,0.551,2.63,1014.93,26.919999999999998,24.7
2024-07-29 18:00:00,0.796,3.02,1014.53,26.810000000000002,24.759999999999998
2024-07-29 19:00:00,0.988,3.65,1014.1,26.919999999999998,24.5
2024-07-29 20:00:00,0.985,4.58,1013.57,26.79,24.34
2024-07-29 21:00:00,0.788,4.88,1013.54,27.169999999999998,24.5
2024-07-29 22:00:00,0.5,5.63,1013.6200000000001,26.99,24.65
2024-07-29 23:00:00,0.166,6.05,1013.8799999999999,26.48,24.81
2024-07-30 00:00:00,-0.13,4.99,1014.01,26.169999999999998,25.03
2024-07-30 01:00:00,-0.361,4.859999999999999,1014.24,25.669999999999998,25.12
2024-07-30 02:00:00,-0.448,5.25,1014.2,24.84,25.18
2024-07-30 03:00:00,-0.369,5.34,1014.14,24.31,25.1
2024-07-30 04:00:00,-0.13,5.03,1014.25,24.07,25.0
2024-07-30 05:00:00,0.143,4.18,1014.0799999999999,23.94,24.939999999999998
2024-07-30 06:00:00,0.387,3.45,1013.93,23.630000000000003,24.830000000000002
2024-07-30 07:00:00,0.602,3.2299999999999995,1013.93,23.509999999999998,24.64
2024-07-30 08:00:00,0.677,3.4299999999999997,1014.18,23.369999999999997,24.59
2024-07-30 09:00:00,0.587,3.71,1014.54,23.25,24.5
2024-07-30 10:00:00,0.371,4.88,1015.05,23.38,24.5
2024-07-30 11:00:00,0.082,5.16,1015.3399999999999,23.75,24.5
2024-07-30 12:00:00,-0.145,4.41,1015.5899999999999,24.17,24.5
2024-07-30 13:00:00,-0.335,3.7,1015.5899999999999,24.98,24.509999999999998
2024-07-30 14:00:00,-0.442,2.84,1015.6700000000001,26.01,24.6
2024-07-30 15:00:00,-0.36,5.2700000000000005,1015.5,26.75,24.75
2024-07-30 16:00:00,-0.096,6.42,1015.24,26.95,25.259999999999998
2024-07-30 17:00:00,0.247,8.25,1015.0,26.7,25.669999999999998
2024-07-30 18:00:00,0.582,8.459999999999999,1014.4399999999999,26.75,25.79
2024-07-30 19:00:00,0.822,8.68,1013.9799999999999,26.689999999999998,25.9
2024-07-30 20:00:00,0.963,8.59,1013.6,26.660000000000004,25.919999999999998
2024-07-30 21:00:00,0.959,10.14,1013.4200000000001,25.830000000000002,26.05
2024-07-30 22:00:00,0.774,10.309999999999999,1013.6600000000001,25.46,26.29
2024-07-30 23:00:00,0.494,8.98,1013.93,25.02,26.3
2024-07-31 00:00:00,0.216,7.88,1013.95,25.09,26.23
2024-07-31 01:00:00,-0.073,7.07,1014.53,24.84,26.160000000000004
2024-07-31 02:00:00,-0.328,8.83,1014.54,24.69,26.1
2024-07-31 03:00:00,-0.46,7.909999999999999,1014.3299999999999,24.75,25.96
2024-07-31 04:00:00,-0.422,5.2,1014.03,24.369999999999997,25.889999999999997
2024-07-31 05:00:00,-0.181,3.59,1013.8100000000001,23.45,25.8
2024-07-31 06:00:00,0.111,3.78,1013.3,23.240000000000002,25.619999999999997
2024-07-31 07:00:00,0.376,3.47,1012.85,23.89,24.990000000000002
2024-07-31 08:00:00,0.576,3.6100000000000003,1012.6899999999999,23.39,24.740000000000002
2024-07-31 09:00:00,0.686,3.5,1012.96,24.31,24.97
2024-07-31 10:00:00,0.628,5.18,1013.3299999999999,24.869999999999997,25.1
2024-07-31 11:00:00,0.387,4.4399999999999995,1013.1899999999999,24.75,25.18
2024-07-31 12:00:00,0.109,5.7,1013.3299999999999,24.89,25.2
2024-07-31 13:00:00,-0.133,5.319999999999999,1013.36,24.880000000000003,25.21
2024-07-31 14:00:00,-0.332,5.74,1013.2,25.369999999999997,25.3
2024-07-31 15:00:00,-0.448,3.81,1013.1200000000001,25.830000000000002,25.3
2024-07-31 16:00:00,-0.375,5.11,1012.76,26.630000000000003,25.3
2024-07-31 17:00:00,-0.108,4.529999999999999,1012.1899999999999,27.54,25.330000000000002
2024-07-31 18:00:00,0.254,5.25,1011.8199999999999,28.3,25.38
2024-07-31 19:00:00,0.615,7.159999999999999,1011.6,28.01,25.56
2024-07-31 20:00:00,0.857,5.91,1011.1700000000001,29.339999999999996,25.96
2024-07-31 21:00:00,0.993,6.13,1011.1300000000001,29.53,25.82
2024-07-31 22:00:00,0.963,4.64,1011.0799999999999,29.169999999999998,26.2
2024-07-31 23:00:00,0.805,3.8299999999999996,1011.5200000000001,28.889999999999997,26.310000000000002
2024-08-01 00:00:00,0.551,4.529999999999999,1012.21,28.15,26.139999999999997
2024-08-01 01:00:00,0.226,4.7,1012.71,27.369999999999997,26.1
2024-08-01 02:00:00,-0.092,3.9899999999999998,1013.64,27.080000000000002,25.630000000000003
2024-08-01 03:00:00,-0.36,2.0100000000000002,1013.9100000000001,26.29,25.93
2024-08-01 04:00:00,-0.493,0.71,1014.0200000000001,25.610000000000003,26.080000000000002
2024-08-01 05:00:00,-0.465,2.1399999999999997,1013.89,25.580000000000002,25.919999999999998
2024-08-01 06:00:00,-0.23,1.98,1013.9200000000001,25.34,25.860000000000003
2024-08-01 07:00:00,0.053,0.85,1013.9100000000001,24.96,25.55
2024-08-01 08:00:00,0.337,1.02,1013.64,24.54,25.160000000000004
2024-08-01 09:00:00,0.575,1.86,1013.9,24.46,25.1
2024-08-01 10:00:00,0.692,1.2100000000000002,1014.2299999999999,24.47,25.1
2024-08-01 11:00:00,0.626,1.52,1015.0,25.06,25.0
2024-08-01 12:00:00,0.378,2.7800000000000002,1015.8,25.169999999999998,25.080000000000002
2024-08-01 13:00:00,0.096,2.01,1015.85,25.7,25.22
2024-08-01 14:00:00,-0.149,0.73,1015.7,27.28,25.39
2024-08-01 15:00:00,-0.351,0.74,1015.6899999999999,28.96,25.54
2024-08-01 16:00:00,-0.465,2.04,1015.3299999999999,30.15,25.53
2024-08-01 17:00:00,-0.412,5.57,1014.74,29.119999999999997,25.47
2024-08-01 18:00:00,-0.165,7.779999999999999,1014.3299999999999,28.860000000000003,26.169999999999998
2024-08-01 19:00:00,0.196,8.09,1013.71,29.23,26.93
2024-08-01 20:00:00,0.585,5.83,1013.3700000000001,28.910000000000004,26.560000000000002
2024-08-01 21:00:00,0.84,5.54,1012.99,28.65,26.49
2024-08-01 22:00:00,0.996,5.05,1012.6899999999999,28.72,26.580000000000002
2024-08-01 23:00:00,0.996,3.4,1012.6300000000001,27.85,26.77
2024-08-02 00:00:00,0.818,3.63,1012.8700000000001,27.330000000000002,26.839999999999996
2024-08-02 01:00:00,0.49,4.2,1013.4,27.360000000000003,26.9
2024-08-02 02:00:00,0.128,3.63,1014.1,28.380000000000003,26.9
2024-08-02 03:00:00,-0.181,1.89,1014.28,28.4,26.830000000000002
2024-08-02 04:00:00,-0.425,1.33,1014.2299999999999,27.02,26.810000000000002
2024-08-02 05:00:00,-0.529,1.7600000000000002,1014.0,26.619999999999997,26.74
2024-08-02 06:00:00,-0.474,1.83,1013.6300000000001,26.389999999999997,26.639999999999997
2024-08-02 07:00:00,-0.232,0.63,1013.3299999999999,26.01,26.439999999999998
2024-08-02 08:00:00,0.079,0.55,1013.0899999999999,25.509999999999998,26.169999999999998
2024-08-02 09:00:00,0.385,1.72,1013.25,25.889999999999997,26.05
2024-08-02 10:00:00,0.627,1.6800000000000002,1013.35,25.7,26.080000000000002
2024-08-02 11:00:00,0.733,1.17,1013.4100000000001,26.089999999999996,26.05
2024-08-02 12:00:00,0.654,0.22999999999999998,1013.54,28.130000000000003,25.810000000000002
2024-08-02 13:00:00,0.408,1.36,1013.5200000000001,28.35,25.869999999999997
2024-08-02 14:00:00,0.107,1.72,1013.4,29.339999999999996,26.169999999999998
2024-08-02 15:00:00,-0.137,3.95,1013.1600000000001,28.6,26.47
2024-08-02 16:00:00,-0.353,4.95,1012.45,29.21,26.35
2024-08-02 17:00:00,-0.463,5.66,1011.6,28.360000000000003,26.880000000000003
2024-08-02 18:00:00,-0.395,6.65,1011.0799999999999,29.03,27.169999999999998
2024-08-02 19:00:00,-0.107,8.28,1010.72,27.57,27.55
2024-08-02 20:00:00,0.309,9.59,1009.76,26.15,27.35
2024-08-02 21:00:00,0.709,7.9799999999999995,1009.1899999999999,25.82,27.160000000000004
2024-08-02 22:00:00,0.954,7.62,1009.1299999999999,25.99,26.85
2024-08-02 23:00:00,1.108,5.39,1010.6,24.31,26.52
2024-08-03 00:00:00,0.979,1.02,1010.6299999999999,24.59,26.52
2024-08-03 01:00:00,0.766,1.51,1010.82,24.39,26.669999999999998
2024-08-03 02:00:00,0.42,2.2800000000000002,1010.46,23.93,26.7
2024-08-03 03:00:00,0.066,3.8299999999999996,1010.7299999999999,24.93,26.7
2024-08-03 04:00:00,-0.249,3.78,1010.5899999999999,25.369999999999997,26.630000000000003
2024-08-03 05:00:00,-0.469,3.41,1010.07,25.05,26.53
2024-08-03 06:00:00,-0.548,4.029999999999999,1009.85,24.9,26.18
2024-08-03 07:00:00,-0.451,3.4200000000000004,1009.75,24.580000000000002,26.0
2024-08-03 08:00:00,-0.174,3.47,1009.95,24.5,26.05
2024-08-03 09:00:00,0.146,3.5799999999999996,1010.46,24.36,25.97
2024-08-03 10:00:00,0.444,3.6700000000000004,1010.78,24.31,25.9
2024-08-03 11:00:00,0.639,4.54,1011.1899999999999,24.509999999999998,25.82
2024-08-03 12:00:00,0.719,2.87,1011.3199999999999,25.07,25.8
2024-08-03 13:00:00,0.622,3.2,1011.1800000000001,26.089999999999996,25.85
2024-08-03 14:00:00,0.385,2.8,1011.29,26.77,26.0
2024-08-03 15:00:00,0.07,2.42,1011.3199999999999,27.560000000000002,26.23
2024-08-03 16:00:00,-0.205,3.45,1011.14,27.76,26.52
2024-08-03 17:00:00,-0.427,6.24,1010.55,28.18,27.03
2024-08-03 18:00:00,-0.502,6.74,1010.1,28.51,27.97
2024-08-03 19:00:00,-0.365,7.779999999999999,1009.3,28.25,27.95
2024-08-03 20:00:00,-0.002,5.71,1008.97,27.439999999999998,28.0
2024-08-03 21:00:00,0.436,3.7299999999999995,1008.53,28.25,27.6
2024-08-03 22:00:00,0.802,4.95,1009.1,26.32,27.47
2024-08-03 23:00:00,1.039,3.7600000000000002,1010.64,23.869999999999997,27.29
2024-08-04 00:00:00,1.051,3.18,1011.4,22.79,27.160000000000004
2024-08-04 01:00:00,0.884,2.0300000000000002,1011.4200000000001,22.71,27.23
2024-08-04 02:00:00,0.628,5.14,1012.71,23.630000000000003,27.3
2024-08-04 03:00:00,0.282,1.7899999999999998,1011.4200000000001,23.130000000000003,27.23
2024-08-04 04:00:00,-0.023,5.67,1012.0,23.46,27.089999999999996
2024-08-04 05:00:00,-0.328,6.3100000000000005,1012.2700000000001,23.2,27.080000000000002
2024-08-04 06:00:00,-0.53,7.26,1012.57,23.03,26.93
2024-08-04 07:00:00,-0.57,6.6,1012.76,22.96,26.74
2024-08-04 08:00:00,-0.397,4.2,1012.65,23.02,26.619999999999997
2024-08-04 09:00:00,-0.1,4.17,1012.55,23.02,26.57
2024-08-04 10:00:00,0.212,4.029999999999999,1012.95,23.15,26.439999999999998
2024-08-04 11:00:00,0.465,4.11,1013.51,23.2,26.24
2024-08-04 12:00:00,0.697,4.85,1013.95,23.68,26.03
2024-08-04 13:00:00,0.779,4.85,1014.0200000000001,24.16,25.9
2024-08-04 14:00:00,0.576,4.05,1014.18,24.41,25.9
2024-08-04 15:00:00,0.265,3.05,1014.0600000000001,25.02,25.939999999999998
2024-08-04 16:00:00,-0.041,3.59,1013.97,25.57,26.0
2024-08-04 17:00:00,-0.308,3.81,1013.74,25.880000000000003,26.080000000000002
2024-08-04 18:00:00,-0.506,3.2399999999999998,1013.49,26.26,26.1
2024-08-04 19:00:00,-0.551,4.93,1013.28,26.810000000000002,26.24
2024-08-04 20:00:00,-0.304,3.2600000000000002,1013.54,26.46,26.49
2024-08-04 21:00:00,0.041,3.95,1014.11,25.35,26.5
2024-08-04 22:00:00,0.449,1.85,1014.03,24.73,26.5
2024-08-04 23:00:00,0.763,2.62,1014.1600000000001,25.35,25.76
2024-08-05 00:00:00,0.878,4.46,1014.64,25.09,25.490000000000002
2024-08-05 01:00:00,0.903,3.66,1015.32,24.41,25.939999999999998
2024-08-05 02:00:00,0.798,4.470000000000001,1015.9399999999999,24.19,26.090000000000003
2024-08-05 03:00:00,0.523,5.39,1016.03,24.740000000000002,26.1
2024-08-05 04:00:00,0.165,5.79,1015.9799999999999,25.330000000000002,26.05
2024-08-05 05:00:00,-0.175,6.65,1015.6,24.580000000000002,26.0
2024-08-05 06:00:00,-0.495,5.65,1015.6700000000001,24.57,26.0
2024-08-05 07:00:00,-0.67,4.7700000000000005,1015.6800000000001,24.45,25.99
2024-08-05 08:00:00,-0.621,4.2700000000000005,1015.9,24.36,25.919999999999998
2024-08-05 09:00:00,-0.358,3.72,1016.35,24.29,25.880000000000003
2024-08-05 10:00:00,-0.002,3.25,1016.9,24.36,25.8
2024-08-05 11:00:00,0.346,2.4,1017.0600000000001,24.78,25.810000000000002
2024-08-05 12:00:00,0.598,3.35,1017.46,24.630000000000003,25.73
2024-08-05 13:00:00,0.756,1.8,1017.64,25.660000000000004,25.54
2024-08-05 14:00:00,0.696,1.67,1017.6300000000001,26.310000000000002,25.810000000000002
2024-08-05 15:00:00,0.475,1.48,1017.78,26.48,26.27
2024-08-05 16:00:00,0.181,3.41,1017.39,27.93,27.01
2024-08-05 17:00:00,-0.094,4.9,1017.01,27.610000000000003,27.410000000000004
2024-08-05 18:00:00,-0.36,5.01,1016.9100000000001,27.85,27.619999999999997
2024-08-05 19:00:00,-0.514,5.84,1016.01,27.839999999999996,27.73
2024-08-05 20:00:00,-0.511,5.91,1015.3,26.689999999999998,27.889999999999997
2024-08-05 21:00:00,-0.228,5.720000000000001,1014.9100000000001,25.619999999999997,28.02
2024-08-05 22:00:00,0.171,3.65,1014.9200000000001,26.03,26.939999999999998
2024-08-05 23:00:00,0.614,4.13,1015.2299999999999,28.080000000000002,26.65
2024-08-06 00:00:00,0.907,5.1899999999999995,1015.1800000000001,28.32,27.1
2024-08-06 01:00:00,1.005,6.33,1015.3700000000001,27.9,27.080000000000002
2024-08-06 02:00:00,0.891,7.029999999999999,1015.3399999999999,27.389999999999997,27.0
2024-08-06 03:00:00,0.635,6.3,1015.2,26.689999999999998,27.0
2024-08-06 04:00:00,0.295,5.46,1015.07,26.27,26.99
2024-08-06 05:00:00,-0.001,6.279999999999999,1014.6,26.160000000000004,26.909999999999997
2024-08-06 06:00:00,-0.294,5.62,1014.29,25.869999999999997,26.830000000000002
2024-08-06 07:00:00,-0.523,5.08,1013.7299999999999,25.53,26.76
2024-08-06 08:00:00,-0.642,5.0,1013.8100000000001,25.14,26.7
2024-08-06 09:00:00,-0.536,5.3,1013.9799999999999,25.060000000000002,26.660000000000004
2024-08-06 10:00:00,-0.214,4.26,1014.2700000000001,25.15,26.6
2024-08-06 11:00:00,0.133,3.7399999999999998,1014.57,25.630000000000003,26.52
2024-08-06 12:00:00,0.436,4.3100000000000005,1014.55,26.330000000000002,26.409999999999997
2024-08-06 13:00:00,0.662,3.91,1014.3700000000001,26.55,26.35
2024-08-06 14:00:00,0.802,2.68,1014.1299999999999,27.4,26.32
2024-08-06 15:00:00,0.736,2.19,1014.14,28.53,26.660000000000004
2024-08-06 16:00:00,0.472,1.9,1013.9,28.79,27.080000000000002
2024-08-06 17:00:00,0.098,3.6799999999999997,1013.4799999999999,29.0,27.22
2024-08-06 18:00:00,-0.237,4.81,1012.82,28.669999999999998,27.26
2024-08-06 19:00:00,-0.425,4.2,1012.9799999999999,24.44,27.55
2024-08-06 20:00:00,-0.52,11.2,1012.78,23.66,27.32
2024-08-06 21:00:00,-0.363,9.209999999999999,1012.18,24.32,27.130000000000003
2024-08-06 22:00:00,-0.045,5.7,1012.96,23.96,26.82
2024-08-06 23:00:00,0.342,4.55,1013.1600000000001,23.09,26.6
2024-08-07 00:00:00,0.672,3.1100000000000003,1014.29,22.65,26.47
2024-08-07 01:00:00,0.837,3.7399999999999998,1014.74,22.31,26.4
2024-08-07 02:00:00,0.911,4.79,1014.93,21.6,25.34
2024-08-07 03:00:00,0.865,4.87,1014.15,21.59,23.94
2024-08-07 04:00:00,0.655,4.4799999999999995,1012.89,21.77,23.96
2024-08-07 05:00:00,0.356,1.7,1012.71,21.95,24.44
2024-08-07 06:00:00,0.042,1.48,1012.64,22.389999999999997,24.85
2024-08-07 07:00:00,-0.264,2.45,1012.2700000000001,22.06,24.96
2024-08-07 08:00:00,-0.455,4.26,1012.5200000000001,21.869999999999997,24.86
2024-08-07 09:00:00,-0.466,3.65,1013.03,22.130000000000003,24.990000000000002
2024-08-07 10:00:00,-0.254,2.6399999999999997,1013.82,22.04,24.91
2024-08-07 11:00:00,0.072,4.01,1014.2299999999999,21.740000000000002,24.93
2024-08-07 12:00:00,0.412,5.45,1014.7700000000001,20.75,24.9
2024-08-07 13:00:00,0.704,5.64,1014.93,20.31,24.81
2024-08-07 14:00:00,0.894,5.1,1015.3799999999999,19.9,24.43
2024-08-07 15:00:00,0.924,4.5,1015.95,19.73,24.09
2024-08-07 16:00:00,0.786,4.7,1016.15,19.330000000000002,23.75
2024-08-07 17:00:00,0.502,5.05,1016.32,18.96,23.71
2024-08-07 18:00:00,0.201,4.66,1016.35,19.0,24.07
2024-08-07 19:00:00,-0.043,5.37,1016.2700000000001,18.85,23.95
2024-08-07 20:00:00,-0.191,5.07,1016.3299999999999,18.96,23.52
2024-08-07 21:00:00,-0.212,4.89,1016.29,19.369999999999997,23.19
2024-08-07 22:00:00,-0.039,5.34,1016.39,19.509999999999998,23.07
2024-08-07 23:00:00,0.303,6.17,1016.6800000000001,19.65,22.97
2024-08-08 00:00:00,0.638,7.15,1017.01,20.009999999999998,22.96
2024-08-08 01:00:00,0.903,6.87,1017.5600000000001,20.0,23.1
2024-08-08 02:00:00,1.035,5.970000000000001,1017.7,20.06,23.1
2024-08-08 03:00:00,1.055,5.49,1017.6700000000001,20.05,23.060000000000002
2024-08-08 04:00:00,0.916,5.07,1017.8799999999999,20.15,23.0
2024-08-08 05:00:00,0.637,4.82,1017.8299999999999,19.880000000000003,22.96
2024-08-08 06:00:00,0.287,5.83,1017.8,19.41,22.9
2024-08-08 07:00:00,-0.004,5.96,1017.55,19.54,22.9
2024-08-08 08:00:00,-0.257,6.08,1017.65,19.29,22.9
2024-08-08 09:00:00,-0.391,6.51,1017.93,19.44,22.8
2024-08-08 10:00:00,-0.291,6.56,1018.36,19.35,22.8
2024-08-08 11:00:00,-0.028,7.209999999999999,1018.4100000000001,19.39,22.71
2024-08-08 12:00:00,0.285,7.609999999999999,1018.6800000000001,19.68,22.7
2024-08-08 13:00:00,0.568,7.93,1018.82,19.73,22.7
2024-08-08 14:00:00,0.805,7.75,1018.9799999999999,19.64,22.8
2024-08-08 15:00:00,0.938,7.58,1019.1300000000001,19.919999999999998,22.7
2024-08-08 16:00:00,0.931,7.63,1018.93,20.05,22.7
2024-08-08 17:00:00,0.728,8.08,1018.6299999999999,20.28,22.7
2024-08-08 18:00:00,0.45,7.459999999999999,1018.5200000000001,20.5,22.7
2024-08-08 19:00:00,0.174,7.94,1018.49,20.47,22.7
2024-08-08 20:00:00,-0.052,8.22,1018.3100000000001,20.28,22.7
2024-08-08 21:00:00,-0.172,8.3,1018.2299999999999,20.29,22.7
2024-08-08 22:00:00,-0.157,9.120000000000001,1017.8,20.45,22.68
2024-08-08 23:00:00,0.069,8.9,1017.9,20.5,22.6
2024-08-09 00:00:00,0.381,8.870000000000001,1017.89,20.46,22.6
2024-08-09 01:00:00,0.659,8.5,1018.04,20.65,22.560000000000002
2024-08-09 02:00:00,0.865,7.38,1017.78,20.990000000000002,22.5
2024-08-09 03:00:00,0.926,5.87,1017.6,21.310000000000002,22.5
2024-08-09 04:00:00,0.882,5.8100000000000005,1017.0,21.93,22.5
2024-08-09 05:00:00,0.697,5.01,1016.45,22.34,22.5
2024-08-09 06:00:00,0.392,4.7,1015.89,22.880000000000003,22.5
2024-08-09 07:00:00,0.118,4.74,1015.43,23.110000000000003,22.5
2024-08-09 08:00:00,-0.123,5.0600000000000005,1014.8299999999999,23.009999999999998,22.5
2024-08-09 09:00:00,-0.28,5.7700000000000005,1014.5899999999999,23.130000000000003,22.5
2024-08-09 10:00:00,-0.33,6.2700000000000005,1014.45,23.16,22.5
2024-08-09 11:00:00,-0.187,7.4799999999999995,1014.28,23.95,22.5
2024-08-09 12:00:00,0.12,8.52,1013.9799999999999,24.4,22.6
2024-08-09 13:00:00,0.434,8.98,1013.5,24.65,22.72
2024-08-09 14:00:00,0.682,8.16,1013.1200000000001,24.84,23.07
2024-08-09 15:00:00,0.871,11.75,1012.45,25.18,23.259999999999998
2024-08-09 16:00:00,0.947,12.36,1011.6299999999999,25.509999999999998,23.490000000000002
2024-08-09 17:00:00,0.855,14.11,1010.79,25.889999999999997,23.630000000000003
2024-08-09 18:00:00,0.635,13.690000000000001,1010.07,26.4,23.6
2024-08-09 19:00:00,0.326,13.040000000000001,1009.7299999999999,26.2,23.66
2024-08-09 20:00:00,0.082,9.99,1009.8,26.07,23.78
2024-08-09 21:00:00,-0.114,10.07,1009.36,26.0,23.86
2024-08-09 22:00:00,-0.22,10.34,1009.01,25.28,23.9
2024-08-09 23:00:00,-0.085,7.17,1009.82,23.73,23.9
2024-08-10 00:00:00,0.148,6.82,1010.3399999999999,24.380000000000003,23.9
2024-08-10 01:00:00,0.389,6.470000000000001,1010.8700000000001,23.97,23.9
2024-08-10 02:00:00,0.587,6.99,1010.8100000000001,23.98,23.9
2024-08-10 03:00:00,0.713,6.909999999999999,1010.8699999999999,23.94,23.9
2024-08-10 04:00:00,0.774,6.859999999999999,1010.6700000000001,24.0,23.9
2024-08-10 05:00:00,0.715,6.45,1010.5799999999999,24.130000000000003,23.9
2024-08-10 06:00:00,0.476,6.590000000000001,1011.1700000000001,24.71,23.9
2024-08-10 07:00:00,0.165,5.51,1011.6,24.7,23.9
2024-08-10 08:00:00,-0.101,6.14,1011.8700000000001,24.45,23.9
2024-08-10 09:00:00,-0.271,4.86,1012.6200000000001,24.06,23.9
2024-08-10 10:00:00,-0.393,4.75,1013.43,23.759999999999998,23.9
2024-08-10 11:00:00,-0.364,5.46,1013.8100000000001,23.77,23.9
2024-08-10 12:00:00,-0.172,5.68,1014.1800000000001,23.96,23.91
2024-08-10 13:00:00,0.104,5.2299999999999995,1014.3100000000001,24.169999999999998,24.0
2024-08-10 14:00:00,0.388,2.75,1014.5,24.8,24.0
2024-08-10 15:00:00,0.63,2.79,1014.3299999999999,25.34,24.03
2024-08-10 16:00:00,0.767,4.35,1014.29,26.089999999999996,24.110000000000003
2024-08-10 17:00:00,0.771,6.42,1014.0600000000001,26.47,24.27
2024-08-10 18:00:00,0.605,5.66,1013.89,26.689999999999998,24.44
2024-08-10 19:00:00,0.33,5.46,1013.5899999999999,27.3,24.94
2024-08-10 20:00:00,0.075,5.61,1013.39,27.580000000000002,25.35
2024-08-10 21:00:00,-0.118,5.279999999999999,1013.5200000000001,27.51,25.5
2024-08-10 22:00:00,-0.246,5.11,1013.53,27.28,25.48
2024-08-10 23:00:00,-0.253,5.3100000000000005,1013.8,27.0,25.560000000000002
2024-08-11 00:00:00,-0.131,5.09,1014.4799999999999,26.72,25.259999999999998
2024-08-11 01:00:00,0.092,5.0200000000000005,1015.11,26.01,25.03
2024-08-11 02:00:00,0.307,4.8100000000000005,1015.64,25.55,24.9
2024-08-11 03:00:00,0.458,3.29,1016.0,24.919999999999998,24.9
2024-08-11 04:00:00,0.551,3.25,1016.0,24.45,24.889999999999997
2024-08-11 05:00:00,0.59,3.44,1015.86,24.17,24.8
2024-08-11 06:00:00,0.489,3.6100000000000003,1015.5799999999999,23.91,24.8
2024-08-11 07:00:00,0.272,4.029999999999999,1015.76,23.53,24.61
2024-08-11 08:00:00,0.018,4.89,1016.22,23.23,24.3
2024-08-11 09:00:00,-0.206,3.37,1016.47,22.66,24.2
2024-08-11 10:00:00,-0.348,2.46,1016.68,22.119999999999997,24.23
2024-08-11 11:00:00,-0.394,2.29,1016.95,22.59,24.3
2024-08-11 12:00:00,-0.311,1.6600000000000001,1017.15,23.23,24.34
2024-08-11 13:00:00,-0.084,3.0100000000000002,1017.25,23.22,24.3
2024-08-11 14:00:00,0.252,3.54,1017.54,23.39,24.41
2024-08-11 15:00:00,0.545,3.7600000000000002,1017.4399999999999,23.6,24.56
2024-08-11 16:00:00,0.731,2.8899999999999997,1016.8700000000001,23.27,24.330000000000002
2024-08-11 17:00:00,0.773,1.61,1016.5799999999999,23.39,24.4
2024-08-11 18:00:00,0.704,1.4,1016.01,23.830000000000002,24.490000000000002
2024-08-11 19:00:00,0.483,4.42,1015.35,25.240000000000002,25.21
2024-08-11 20:00:00,0.257,3.13,1014.86,25.919999999999998,25.45
2024-08-11 21:00:00,0.077,3.85,1014.6300000000001,26.360000000000003,25.53
2024-08-11 22:00:00,-0.087,4.15,1014.45,26.29,25.78
2024-08-11 23:00:00,-0.194,4.91,1014.6200000000001,26.01,25.79
2024-08-12 00:00:00,-0.188,4.37,1015.14,25.41,25.660000000000004
2024-08-12 01:00:00,-0.067,5.34,1015.6899999999999,24.6,25.6
2024-08-12 02:00:00,0.135,5.63,1015.8100000000001,24.32,25.48
2024-08-12 03:00:00,0.323,5.58,1016.0200000000001,23.69,25.27
2024-08-12 04:00:00,0.499,4.84,1016.21,22.95,25.29
2024-08-12 05:00:00,0.587,2.5300000000000002,1015.9399999999999,22.619999999999997,25.3
2024-08-12 06:00:00,0.61,1.49,1015.8699999999999,21.76,25.11
2024-08-12 07:00:00,0.46,1.35,1015.7299999999999,21.330000000000002,25.0
2024-08-12 08:00:00,0.22,1.3800000000000001,1015.8399999999999,21.330000000000002,25.0
2024-08-12 09:00:00,-0.029,3.37,1015.8399999999999,21.36,24.78
2024-08-12 10:00:00,-0.186,3.13,1016.0600000000001,20.59,24.34
2024-08-12 11:00:00,-0.284,4.12,1016.3100000000001,20.25,24.439999999999998
2024-08-12 12:00:00,-0.28,3.22,1016.3399999999999,20.68,24.5
2024-08-12 13:00:00,-0.153,3.95,1016.5600000000001,22.369999999999997,24.5
2024-08-12 14:00:00,0.095,3.31,1016.8,23.169999999999998,24.55
2024-08-12 15:00:00,0.368,4.2299999999999995,1016.5600000000001,23.66,24.6
2024-08-12 16:00:00,0.563,3.75,1015.97,24.28,24.66
2024-08-12 17:00:00,0.73,3.63,1015.5,25.009999999999998,24.740000000000002
2024-08-12 18:00:00,0.809,5.11,1014.9799999999999,25.369999999999997,24.94
2024-08-12 19:00:00,0.742,5.93,1014.29,25.75,25.47
2024-08-12 20:00:00,0.552,8.24,1014.1200000000001,26.090000000000003,25.68
2024-08-12 21:00:00,0.295,4.0200000000000005,1014.35,24.61,25.79
2024-08-12 22:00:00,0.047,2.87,1014.49,24.95,25.55
2024-08-12 23:00:00,-0.105,7.01,1014.76,25.46,25.22
2024-08-13 00:00:00,-0.197,5.4,1015.3,24.5,25.2
2024-08-13 01:00:00,-0.211,5.01,1016.11,23.869999999999997,25.2
2024-08-13 02:00:00,-0.118,4.17,1016.5799999999999,23.22,25.2
2024-08-13 03:00:00,0.072,3.2399999999999998,1016.65,22.4,25.130000000000003
2024-08-13 04:00:00,0.291,4.21,1016.45,22.240000000000002,25.02
2024-08-13 05:00:00,0.455,4.37,1016.24,21.619999999999997,24.89
2024-08-13 06:00:00,0.523,4.88,1016.36,21.27,24.73
2024-08-13 07:00:00,0.452,5.5600000000000005,1016.53,20.630000000000003,24.669999999999998
2024-08-13 08:00:00,0.277,5.64,1016.45,20.3,24.57
2024-08-13 09:00:00,0.08,5.05,1016.28,20.080000000000002,24.47
2024-08-13 10:00:00,-0.053,4.5200000000000005,1017.49,20.2,24.32
2024-08-13 11:00:00,-0.175,3.84,1017.99,20.44,24.3
2024-08-13 12:00:00,-0.273,4.01,1018.07,20.65,24.27
2024-08-13 13:00:00,-0.286,3.55,1018.0899999999999,20.94,24.2
2024-08-13 14:00:00,-0.14,3.5100000000000002,1017.9200000000001,21.86,24.2
2024-08-13 15:00:00,0.089,2.4899999999999998,1017.72,22.62,24.27
2024-08-13 16:00:00,0.379,1.2,1017.3100000000001,23.2,24.34
2024-08-13 17:00:00,0.619,4.26,1016.7,24.28,24.57
2024-08-13 18:00:00,0.751,5.11,1016.4399999999999,24.79,24.8
2024-08-13 19:00:00,0.777,3.9,1016.22,25.27,24.939999999999998
2024-08-13 20:00:00,0.677,2.4899999999999998,1016.2299999999999,26.02,24.86
2024-08-13 21:00:00,0.472,1.6,1016.01,26.130000000000003,24.919999999999998
2024-08-13 22:00:00,0.239,3.2299999999999995,1015.8,24.94,25.11
2024-08-13 23:00:00,0.049,3.55,1016.01,24.6,25.630000000000003
2024-08-14 00:00:00,-0.106,4.4,1016.47,23.75,25.78
2024-08-14 01:00:00,-0.202,3.4899999999999998,1016.9799999999999,23.02,25.7
2024-08-14 02:00:00,-0.24,3.69,1016.9399999999999,22.91,25.639999999999997
2024-08-14 03:00:00,-0.154,3.78,1017.14,22.5,25.6
2024-08-14 04:00:00,0.027,1.6600000000000001,1017.28,22.78,25.52
2024-08-14 05:00:00,0.268,1.55,1017.0899999999999,22.81,25.5
2024-08-14 06:00:00,0.464,2.13,1017.07,22.68,25.47
2024-08-14 07:00:00,0.536,1.86,1017.11,22.339999999999996,25.36
2024-08-14 08:00:00,0.487,2.67,1017.21,21.8,25.259999999999998
2024-08-14 09:00:00,0.327,2.58,1017.5200000000001,21.52,25.2
2024-08-14 10:00:00,0.155,2.7800000000000002,1017.95,21.27,25.12
2024-08-14 11:00:00,0.004,3.29,1018.3,21.55,25.04
2024-08-14 12:00:00,-0.159,3.5799999999999996,1018.61,22.009999999999998,25.02
2024-08-14 13:00:00,-0.243,4.13,1018.76,22.75,25.1
2024-08-14 14:00:00,-0.227,3.5799999999999996,1019.0200000000001,23.71,25.1
2024-08-14 15:00:00,-0.078,2.2800000000000002,1018.9399999999999,24.369999999999997,25.080000000000002
2024-08-14 16:00:00,0.177,2.02,1018.5899999999999,24.919999999999998,25.1
2024-08-14 17:00:00,0.454,1.97,1018.04,25.23,25.21
2024-08-14 18:00:00,0.69,3.18,1017.51,26.139999999999997,25.52
2024-08-14 19:00:00,0.841,3.21,1016.99,26.53,26.22
2024-08-14 20:00:00,0.879,2.87,1016.6200000000001,26.97,26.55
2024-08-14 21:00:00,0.759,1.9899999999999998,1016.6899999999999,27.45,26.639999999999997
2024-08-14 22:00:00,0.551,1.47,1017.0,27.639999999999997,25.95
2024-08-14 23:00:00,0.313,2.62,1017.36,26.18,25.46
2024-08-15 00:00:00,0.109,2.2399999999999998,1017.8299999999999,25.41,26.49
2024-08-15 01:00:00,-0.096,0.41,1018.1,25.259999999999998,26.77
2024-08-15 02:00:00,-0.252,1.64,1018.3,24.86,26.72
2024-08-15 03:00:00,-0.29,2.63,1018.39,23.98,26.57
2024-08-15 04:00:00,-0.141,2.3899999999999997,1018.18,23.830000000000002,26.47
2024-08-15 05:00:00,0.085,1.78,1017.7,23.419999999999998,26.130000000000003
2024-08-15 06:00:00,0.33,2.16,1017.45,23.21,26.089999999999996
2024-08-15 07:00:00,0.519,2.54,1017.3,22.82,25.9
2024-08-15 08:00:00,0.577,2.5,1017.5,22.3,25.9
2024-08-15 09:00:00,0.542,2.4899999999999998,1017.6600000000001,21.93,25.73
2024-08-15 10:00:00,0.431,2.93,1018.22,21.78,24.79
2024-08-15 11:00:00,0.226,2.69,1018.79,22.15,24.71
2024-08-15 12:00:00,0.056,2.96,1019.01,22.740000000000002,24.59
2024-08-15 13:00:00,-0.117,3.53,1019.15,23.28,24.56
2024-08-15 14:00:00,-0.243,2.7399999999999998,1019.2700000000001,23.84,24.93
2024-08-15 15:00:00,-0.239,2.52,1019.0600000000001,24.45,25.110000000000003
2024-08-15 16:00:00,-0.068,2.15,1018.72,25.2,25.31
2024-08-15 17:00:00,0.205,1.78,1018.2299999999999,26.1,25.639999999999997
2024-08-15 18:00:00,0.517,1.97,1017.76,26.880000000000003,25.889999999999997
2024-08-15 19:00:00,0.77,1.16,1017.1299999999999,27.68,26.26
2024-08-15 20:00:00,0.916,1.06,1016.71,28.139999999999997,26.27
2024-08-15 21:00:00,0.946,4.26,1016.5899999999999,27.04,26.49
2024-08-15 22:00:00,0.843,3.29,1016.76,27.32,26.57
2024-08-15 23:00:00,0.644,4.0200000000000005,1017.01,26.75,26.98
2024-08-16 00:00:00,0.361,4.4799999999999995,1017.2,26.130000000000003,26.339999999999996
2024-08-16 01:00:00,0.076,5.38,1017.61,25.57,26.82
2024-08-16 02:00:00,-0.221,5.95,1017.65,25.0,26.72
2024-08-16 03:00:00,-0.378,4.1899999999999995,1017.53,24.61,26.619999999999997
2024-08-16 04:00:00,-0.424,4.23,1017.36,24.220000000000002,26.51
2024-08-16 05:00:00,-0.227,4.4399999999999995,1017.21,24.080000000000002,26.35
2024-08-16 06:00:00,0.062,4.779999999999999,1017.05,23.39,26.2
2024-08-16 07:00:00,0.338,4.58,1016.95,23.04,25.98
2024-08-16 08:00:00,0.552,4.29,1016.97,23.02,25.8
2024-08-16 09:00:00,0.627,3.96,1017.3,23.29,25.8
2024-08-16 10:00:00,0.576,3.29,1017.53,22.95,25.71
2024-08-16 11:00:00,0.414,2.9699999999999998,1017.9,23.03,25.68
2024-08-16 12:00:00,0.191,2.5900000000000003,1018.1800000000001,23.15,25.6
2024-08-16 13:00:00,0.037,2.02,1018.4100000000001,23.81,25.6
2024-08-16 14:00:00,-0.125,2.4699999999999998,1018.7,24.28,25.5
2024-08-16 15:00:00,-0.261,1.27,1018.4200000000001,25.009999999999998,25.5
2024-08-16 16:00:00,-0.286,2.33,1018.1200000000001,25.99,25.45
2024-08-16 17:00:00,-0.129,2.9,1017.9399999999999,26.839999999999996,25.580000000000002
2024-08-16 18:00:00,0.173,4.0200000000000005,1017.6899999999999,26.060000000000002,25.259999999999998
2024-08-16 19:00:00,0.558,4.64,1017.36,25.65,25.45
2024-08-16 20:00:00,0.885,6.2299999999999995,1017.05,24.59,24.79
2024-08-16 21:00:00,1.071,6.44,1017.0,24.03,24.66
2024-08-16 22:00:00,1.095,5.85,1016.8799999999999,23.77,25.12
2024-08-16 23:00:00,0.952,4.33,1016.9799999999999,23.380000000000003,25.46
2024-08-17 00:00:00,0.666,4.09,1017.1600000000001,23.14,25.55
2024-08-17 01:00:00,0.344,4.21,1017.5899999999999,23.0,25.6
2024-08-17 02:00:00,0.034,4.07,1017.61,22.86,25.6
2024-08-17 03:00:00,-0.236,4.01,1017.46,22.77,25.330000000000002
2024-08-17 04:00:00,-0.398,4.1899999999999995,1017.2299999999999,22.68,25.07
2024-08-17 05:00:00,-0.377,2.67,1017.28,22.57,24.91
2024-08-17 06:00:00,-0.18,2.46,1017.05,22.57,24.7
2024-08-17 07:00:00,0.115,2.8899999999999997,1016.74,22.57,24.81
2024-08-17 08:00:00,0.418,3.4,1016.39,22.630000000000003,24.81
2024-08-17 09:00:00,0.663,3.5200000000000005,1016.3700000000001,22.73,24.8
2024-08-17 10:00:00,0.816,3.7600000000000002,1016.5200000000001,22.81,24.59
2024-08-17 11:00:00,0.775,3.9799999999999995,1016.65,22.98,24.5
2024-08-17 12:00:00,0.584,4.24,1016.75,23.259999999999998,24.57
2024-08-17 13:00:00,0.302,5.4399999999999995,1016.86,23.81,24.6
2024-08-17 14:00:00,0.033,6.21,1017.1300000000001,23.81,24.65
2024-08-17 15:00:00,-0.195,6.09,1017.07,23.919999999999998,24.75
2024-08-17 16:00:00,-0.355,6.43,1016.4799999999999,24.06,24.919999999999998
2024-08-17 17:00:00,-0.355,6.279999999999999,1016.1899999999999,23.85,24.9
2024-08-17 18:00:00,-0.132,6.74,1015.6700000000001,24.14,24.91
2024-08-17 19:00:00,0.221,6.83,1015.3100000000001,24.2,24.7
2024-08-17 20:00:00,0.648,5.71,1015.4200000000001,23.03,24.630000000000003
2024-08-17 21:00:00,0.965,4.569999999999999,1015.1700000000001,21.380000000000003,24.62
2024-08-17 22:00:00,1.141,3.9,1014.72,21.36,24.69
2024-08-17 23:00:00,1.167,3.71,1014.5600000000001,21.94,24.41
2024-08-18 00:00:00,1.036,3.44,1014.6899999999999,22.5,23.96
2024-08-18 01:00:00,0.718,4.01,1014.72,22.95,24.0
2024-08-18 02:00:00,0.329,3.5700000000000003,1014.5799999999999,23.240000000000002,23.63
2024-08-18 03:00:00,-0.023,4.1,1014.14,23.43,23.369999999999997
2024-08-18 04:00:00,-0.304,3.4799999999999995,1014.1,23.47,23.28
2024-08-18 05:00:00,-0.474,3.8899999999999997,1013.46,23.36,23.79
2024-08-18 06:00:00,-0.452,4.57,1013.07,23.19,23.71
2024-08-18 07:00:00,-0.178,4.2299999999999995,1012.5899999999999,23.35,23.61
2024-08-18 08:00:00,0.215,4.88,1012.29,23.52,23.72
2024-08-18 09:00:00,0.592,4.7,1012.03,23.330000000000002,23.6
2024-08-18 10:00:00,0.854,5.3,1012.0200000000001,23.05,23.419999999999998
2024-08-18 11:00:00,0.975,3.91,1011.9100000000001,23.2,23.4
2024-08-18 12:00:00,0.897,5.35,1011.7,23.7,23.48
2024-08-18 13:00:00,0.674,4.43,1011.5200000000001,23.93,23.4
2024-08-18 14:00:00,0.348,6.2299999999999995,1011.5600000000001,24.25,23.4
2024-08-18 15:00:00,0.075,5.88,1011.0799999999999,24.990000000000002,23.509999999999998
2024-08-18 16:00:00,-0.173,6.56,1010.5600000000001,25.44,23.740000000000002
2024-08-18 17:00:00,-0.359,8.209999999999999,1010.18,24.93,24.04
2024-08-18 18:00:00,-0.378,8.809999999999999,1009.49,24.81,24.52
2024-08-18 19:00:00,-0.128,9.23,1008.8799999999999,24.490000000000002,24.619999999999997
2024-08-18 20:00:00,0.321,8.190000000000001,1008.6899999999999,24.67,24.21
2024-08-18 21:00:00,0.791,8.15,1008.1,24.3,24.130000000000003
2024-08-18 22:00:00,1.158,7.659999999999999,1007.96,24.19,23.919999999999998
2024-08-18 23:00:00,1.357,5.2299999999999995,1008.4,24.11,24.1
2024-08-19 00:00:00,1.361,3.4799999999999995,1008.86,23.47,24.25
2024-08-19 01:00:00,1.152,3.53,1009.28,22.19,24.25
2024-08-19 02:00:00,0.782,2.52,1008.76,22.41,24.060000000000002
2024-08-19 03:00:00,0.346,2.94,1008.18,22.1,23.98
2024-08-19 04:00:00,-0.036,3.12,1007.97,21.57,23.93
2024-08-19 05:00:00,-0.308,3.21,1006.95,21.18,23.9
2024-08-19 06:00:00,-0.508,3.6100000000000003,1005.3299999999999,21.78,23.79
2024-08-19 07:00:00,-0.413,3.79,1005.76,22.21,23.610000000000003
2024-08-19 08:00:00,-0.075,2.25,1006.3299999999999,22.02,23.52
2024-08-19 09:00:00,0.324,2.2600000000000002,1006.1600000000001,21.66,23.47
2024-08-19 10:00:00,0.677,1.6,1006.1700000000001,21.6,23.53
2024-08-19 11:00:00,1.023,0.63,1006.53,21.91,23.64
2024-08-19 12:00:00,1.164,1.9600000000000002,1006.86,22.490000000000002,23.669999999999998
2024-08-19 13:00:00,1.044,2.15,1006.7299999999999,22.84,23.669999999999998
2024-08-19 14:00:00,0.753,2.65,1006.6600000000001,23.49,23.78
2024-08-19 15:00:00,0.375,1.7899999999999998,1006.3399999999999,24.2,23.919999999999998
2024-08-19 16:00:00,0.05,2.67,1006.01,25.15,24.18
2024-08-19 17:00:00,-0.246,3.55,1005.6299999999999,25.55,24.990000000000002
2024-08-19 18:00:00,-0.421,2.46,1005.5200000000001,25.810000000000002,25.54
2024-08-19 19:00:00,-0.392,2.1,1004.9100000000001,25.810000000000002,25.75
2024-08-19 20:00:00,-0.074,3.1399999999999997,1004.89,25.96,25.96
2024-08-19 21:00:00,0.387,2.42,1004.61,26.45,25.919999999999998
2024-08-19 22:00:00,0.895,3.2,1005.3100000000001,23.97,25.23
2024-08-19 23:00:00,1.221,1.7100000000000002,1005.9100000000001,24.0,24.080000000000002
2024-08-20 00:00:00,1.429,6.01,1006.61,24.11,24.0
2024-08-20 01:00:00,1.387,6.609999999999999,1007.3799999999999,23.490000000000002,24.0
2024-08-20 02:00:00,1.064,8.14,1007.78,22.78,24.09
2024-08-20 03:00:00,0.609,7.7299999999999995,1008.14,22.09,24.1
2024-08-20 04:00:00,0.175,8.32,1008.4100000000001,21.2,24.1
2024-08-20 05:00:00,-0.22,7.6,1008.3699999999999,20.55,24.04
2024-08-20 06:00:00,-0.555,6.93,1008.7,19.740000000000002,23.939999999999998
2024-08-20 07:00:00,-0.698,6.7700000000000005,1008.9200000000001,19.19,23.9
2024-08-20 08:00:00,-0.545,7.2700000000000005,1009.4200000000001,18.79,23.77
2024-08-20 09:00:00,-0.172,7.68,1009.97,18.189999999999998,23.830000000000002
2024-08-20 10:00:00,0.313,7.029999999999999,1010.89,17.68,23.580000000000002
2024-08-20 11:00:00,0.743,6.92,1011.65,17.27,23.580000000000002
2024-08-20 12:00:00,1.069,6.83,1012.0600000000001,17.130000000000003,23.5
2024-08-20 13:00:00,1.183,5.96,1012.4399999999999,17.56,23.5
2024-08-20 14:00:00,0.995,6.279999999999999,1012.8100000000001,18.04,23.5
2024-08-20 15:00:00,0.631,5.3100000000000005,1013.15,18.7,23.5
2024-08-20 16:00:00,0.217,5.76,1013.0899999999999,19.19,23.5
2024-08-20 17:00:00,-0.14,6.12,1013.04,19.86,23.509999999999998
2024-08-20 18:00:00,-0.416,6.56,1012.9100000000001,20.59,23.740000000000002
2024-08-20 19:00:00,-0.603,7.459999999999999,1012.96,21.1,23.97
2024-08-20 20:00:00,-0.565,7.859999999999999,1013.4,21.18,24.2
2024-08-20 21:00:00,-0.237,7.19,1013.8700000000001,21.14,24.240000000000002
2024-08-20 22:00:00,0.241,7.01,1014.11,21.07,24.21
2024-08-20 23:00:00,0.699,7.140000000000001,1014.6600000000001,20.71,24.12
2024-08-21 00:00:00,1.084,7.3,1015.5,20.27,24.1
2024-08-21 01:00:00,1.294,7.75,1016.5,19.3,24.009999999999998
2024-08-21 02:00:00,1.209,6.93,1016.7299999999999,18.85,23.91
2024-08-21 03:00:00,0.851,8.09,1016.8,18.130000000000003,23.79
2024-08-21 04:00:00,0.369,7.159999999999999,1016.86,17.58,23.64
2024-08-21 05:00:00,-0.089,6.56,1016.7,17.14,23.47
2024-08-21 06:00:00,-0.438,6.840000000000001,1016.71,16.85,23.36
2024-08-21 07:00:00,-0.726,6.34,1016.8299999999999,16.61,23.28
2024-08-21 08:00:00,-0.808,6.75,1016.86,16.169999999999998,23.15
2024-08-21 09:00:00,-0.598,7.0200000000000005,1016.89,15.8,23.1
2024-08-21 10:00:00,-0.123,6.959999999999999,1017.0899999999999,15.34,23.060000000000002
2024-08-21 11:00:00,0.377,7.24,1017.39,15.11,23.0
2024-08-21 12:00:00,0.824,6.56,1017.78,15.569999999999999,23.0
2024-08-21 13:00:00,1.125,5.68,1017.93,16.72,22.93
2024-08-21 14:00:00,1.193,5.4,1018.1300000000001,17.81,22.93
2024-08-21 15:00:00,0.955,5.24,1018.24,18.66,22.93
2024-08-21 16:00:00,0.504,5.33,1018.07,19.419999999999998,23.0
2024-08-21 17:00:00,0.061,4.8100000000000005,1017.9200000000001,20.14,23.1
2024-08-21 18:00:00,-0.287,5.17,1017.4799999999999,20.740000000000002,23.54
2024-08-21 19:00:00,-0.547,5.43,1017.2700000000001,21.29,23.8
2024-08-21 20:00:00,-0.684,8.22,1017.4,21.23,23.830000000000002
2024-08-21 21:00:00,-0.602,7.95,1017.7299999999999,21.619999999999997,23.8
2024-08-21 22:00:00,-0.195,7.95,1017.8,21.82,23.73
2024-08-21 23:00:00,0.292,8.89,1018.3399999999999,21.5,23.59
2024-08-22 00:00:00,0.71,9.290000000000001,1019.24,20.65,23.5
2024-08-22 01:00:00,1.014,7.709999999999999,1019.86,19.82,23.4
2024-08-22 02:00:00,1.158,6.26,1020.15,19.009999999999998,23.3
2024-08-22 03:00:00,1.064,6.640000000000001,1020.5200000000001,18.669999999999998,23.1
2024-08-22 04:00:00,0.705,5.069999999999999,1020.82,18.01,23.060000000000002
2024-08-22 05:00:00,0.23,5.64,1020.7700000000001,17.839999999999996,22.98
2024-08-22 06:00:00,-0.208,5.66,1020.54,17.48,22.9
2024-08-22 07:00:00,-0.601,6.05,1020.5899999999999,17.080000000000002,22.78
2024-08-22 08:00:00,-0.87,6.21,1020.78,17.22,22.7
2024-08-22 09:00:00,-0.874,6.7700000000000005,1021.22,17.2,22.55
2024-08-22 10:00:00,-0.498,6.11,1021.6700000000001,16.619999999999997,22.5
2024-08-22 11:00:00,-0.001,6.6,1022.07,17.53,22.5
2024-08-22 12:00:00,0.472,6.16,1022.28,17.69,22.5
2024-08-22 13:00:00,0.852,6.659999999999999,1022.4,18.29,22.490000000000002
2024-08-22 14:00:00,1.101,6.0,1022.6899999999999,19.04,22.5
2024-08-22 15:00:00,1.105,6.04,1022.61,20.41,22.5
2024-08-22 16:00:00,0.841,6.220000000000001,1022.4100000000001,21.919999999999998,22.57
2024-08-22 17:00:00,0.436,5.62,1022.1700000000001,22.7,22.65
2024-08-22 18:00:00,0.02,5.24,1022.15,23.03,22.84
2024-08-22 19:00:00,-0.337,4.55,1022.22,23.31,23.009999999999998
2024-08-22 20:00:00,-0.626,5.029999999999999,1021.89,23.509999999999998,23.05
2024-08-22 21:00:00,-0.762,5.17,1021.76,23.73,23.2
2024-08-22 22:00:00,-0.596,4.36,1021.8100000000001,23.65,23.2
2024-08-22 23:00:00,-0.171,3.8,1022.1299999999999,23.07,23.080000000000002
2024-08-23 00:00:00,0.314,2.5300000000000002,1022.6899999999999,22.11,22.98
2024-08-23 01:00:00,0.71,3.59,1023.3,22.19,22.9
2024-08-23 02:00:00,0.962,4.220000000000001,1023.71,21.98,22.81
2024-08-23 03:00:00,1.019,3.63,1024.2,21.16,22.72
2024-08-23 04:00:00,0.815,3.79,1024.45,20.72,22.8
2024-08-23 05:00:00,0.451,3.44,1024.57,20.130000000000003,22.77
2024-08-23 06:00:00,0.013,3.9899999999999998,1024.65,19.34,22.7
2024-08-23 07:00:00,-0.355,3.5,1024.74,19.02,22.66
2024-08-23 08:00:00,-0.681,3.31,1024.93,19.19,22.6
2024-08-23 09:00:00,-0.858,2.75,1025.3200000000002,18.759999999999998,22.57
2024-08-23 10:00:00,-0.761,3.08,1025.8200000000002,18.660000000000004,22.419999999999998
2024-08-23 11:00:00,-0.376,2.87,1026.09,18.92,22.3
2024-08-23 12:00:00,0.1,2.93,1026.6100000000001,19.509999999999998,22.4
2024-08-23 13:00:00,0.578,2.85,1026.92,20.22,22.43
2024-08-23 14:00:00,0.944,2.7600000000000002,1027.01,21.29,22.330000000000002
2024-08-23 15:00:00,1.132,2.48,1026.7,22.490000000000002,22.35
2024-08-23 16:00:00,1.072,1.21,1026.28,23.71,22.61
2024-08-23 17:00:00,0.765,1.51,1025.8799999999999,24.23,23.080000000000002
2024-08-23 18:00:00,0.368,1.23,1025.55,24.81,23.5
2024-08-23 19:00:00,-0.013,4.29,1025.21,24.09,23.7
2024-08-23 20:00:00,-0.354,6.909999999999999,1024.98,23.54,24.05
2024-08-23 21:00:00,-0.62,7.7700000000000005,1024.71,23.34,24.06
2024-08-23 22:00:00,-0.686,6.69,1024.6399999999999,23.369999999999997,23.869999999999997
2024-08-23 23:00:00,-0.48,4.65,1024.95,23.16,23.759999999999998
2024-08-24 00:00:00,-0.072,3.06,1025.07,22.380000000000003,23.66
2024-08-24 01:00:00,0.345,5.2,1025.11,22.5,23.439999999999998
2024-08-24 02:00:00,0.669,5.4,1025.02,22.1,23.4
2024-08-24 03:00:00,0.865,5.16,1025.29,21.72,23.32
2024-08-24 04:00:00,0.915,3.44,1025.27,21.05,23.25
2024-08-24 05:00:00,0.701,2.12,1025.28,20.75,23.2
2024-08-24 06:00:00,0.327,2.38,1025.1399999999999,20.45,23.2
2024-08-24 07:00:00,-0.082,3.8200000000000003,1025.03,20.18,23.16
2024-08-24 08:00:00,-0.412,3.19,1024.97,19.73,23.05
2024-08-24 09:00:00,-0.651,4.11,1025.1399999999999,19.5,23.0
2024-08-24 10:00:00,-0.754,4.43,1025.5,19.52,22.9
2024-08-24 11:00:00,-0.617,4.32,1025.67,20.15,22.9
2024-08-24 12:00:00,-0.283,3.6399999999999997,1025.7,20.490000000000002,22.79
2024-08-24 13:00:00,0.172,2.84,1026.01,21.11,22.65
2024-08-24 14:00:00,0.584,2.21,1026.05,22.32,22.68
2024-08-24 15:00:00,0.9,1.89,1025.9,23.64,22.52
2024-08-24 16:00:00,1.066,1.9899999999999998,1025.5,24.69,22.580000000000002
2024-08-24 17:00:00,0.978,2.23,1025.03,25.47,23.3
2024-08-24 18:00:00,0.688,1.19,1024.49,26.130000000000003,23.89
2024-08-24 19:00:00,0.313,2.0,1023.8799999999999,25.79,24.02
2024-08-24 20:00:00,-0.053,5.82,1023.4799999999999,25.11,23.79
2024-08-24 21:00:00,-0.356,6.720000000000001,1023.2700000000001,24.56,24.44
2024-08-24 22:00:00,-0.554,6.26,1022.97,24.439999999999998,24.57
2024-08-24 23:00:00,-0.536,5.46,1023.0899999999999,24.130000000000003,24.54
2024-08-25 00:00:00,-0.33,5.58,1023.32,23.68,24.28
2024-08-25 01:00:00,0.003,5.68,1023.75,23.19,24.0
2024-08-25 02:00:00,0.299,5.16,1023.8199999999999,22.72,23.72
2024-08-25 03:00:00,0.545,5.5200000000000005,1023.61,22.19,23.6
2024-08-25 04:00:00,0.759,4.720000000000001,1023.5200000000001,21.68,23.509999999999998
2024-08-25 05:00:00,0.829,3.54,1023.51,21.39,23.5
2024-08-25 06:00:00,0.637,4.0200000000000005,1023.49,21.02,23.4
2024-08-25 07:00:00,0.297,4.779999999999999,1023.47,20.69,23.4
2024-08-25 08:00:00,-0.092,3.9299999999999997,1023.6,20.66,23.3
2024-08-25 09:00:00,-0.399,4.84,1023.6700000000001,20.53,23.25
2024-08-25 10:00:00,-0.6,4.2,1024.02,20.38,23.19
2024-08-25 11:00:00,-0.663,4.41,1024.5700000000002,20.43,23.12
2024-08-25 12:00:00,-0.467,3.3899999999999997,1024.8600000000001,20.88,23.1
2024-08-25 13:00:00,-0.119,2.85,1024.99,21.82,23.03
2024-08-25 14:00:00,0.305,3.56,1025.07,22.619999999999997,22.98
2024-08-25 15:00:00,0.641,2.48,1025.0,24.07,22.660000000000004
2024-08-25 16:00:00,0.888,1.29,1024.6200000000001,25.59,22.68
2024-08-25 17:00:00,1.026,3.45,1024.1799999999998,25.19,23.04
2024-08-25 18:00:00,0.942,4.74,1023.55,25.880000000000003,23.880000000000003
2024-08-25 19:00:00,0.671,6.01,1023.0799999999999,25.509999999999998,23.84
2024-08-25 20:00:00,0.319,6.709999999999999,1022.6600000000001,25.619999999999997,23.36
2024-08-25 21:00:00,-0.006,6.29,1022.4,25.240000000000002,24.14
2024-08-25 22:00:00,-0.278,6.68,1022.1899999999999,24.93,24.580000000000002
2024-08-25 23:00:00,-0.444,6.5200000000000005,1022.2299999999999,24.73,24.380000000000003
2024-08-26 00:00:00,-0.472,6.12,1022.57,24.29,24.07
2024-08-26 01:00:00,-0.292,6.69,1022.74,23.9,23.96
2024-08-26 02:00:00,-0.055,7.38,1022.8399999999999,23.169999999999998,23.91
2024-08-26 03:00:00,0.213,6.67,1023.0600000000001,22.56,23.59
2024-08-26 04:00:00,0.464,5.38,1023.05,22.3,23.46
2024-08-26 05:00:00,0.668,4.67,1022.6700000000001,22.06,23.36
2024-08-26 06:00:00,0.725,4.32,1022.39,21.55,23.259999999999998
2024-08-26 07:00:00,0.541,2.9899999999999998,1022.0799999999999,21.44,23.21
2024-08-26 08:00:00,0.212,4.34,1021.7,21.279999999999998,23.2
2024-08-26 09:00:00,-0.106,4.819999999999999,1021.8100000000001,21.16,23.12
2024-08-26 10:00:00,-0.338,4.779999999999999,1022.04,21.110000000000003,23.04
2024-08-26 11:00:00,-0.507,4.51,1022.24,21.240000000000002,23.0
2024-08-26 12:00:00,-0.528,4.36,1022.21,21.41,23.0
2024-08-26 13:00:00,-0.355,4.42,1021.96,21.93,22.98
2024-08-26 14:00:00,-0.031,2.2,1021.8700000000001,23.35,22.9
2024-08-26 15:00:00,0.351,1.89,1021.5,23.54,22.990000000000002
2024-08-26 16:00:00,0.641,1.21,1021.22,24.55,22.95
2024-08-26 17:00:00,0.836,3.4299999999999997,1020.71,25.56,22.6
2024-08-26 18:00:00,0.962,4.14,1019.86,25.25,22.75
2024-08-26 19:00:00,0.887,6.2,1019.32,24.53,23.03
2024-08-26 20:00:00,0.639,5.63,1018.96,25.009999999999998,23.57
2024-08-26 21:00:00,0.319,4.029999999999999,1018.86,25.41,23.62
2024-08-26 22:00:00,0.046,2.1100000000000003,1019.0,25.660000000000004,23.91
2024-08-26 23:00:00,-0.207,1.73,1018.96,24.55,24.0
2024-08-27 00:00:00,-0.393,1.9600000000000002,1019.49,23.91,23.98
2024-08-27 01:00:00,-0.396,4.220000000000001,1020.72,22.18,23.759999999999998
2024-08-27 02:00:00,-0.314,1.9899999999999998,1019.9100000000001,21.970000000000002,23.7
2024-08-27 03:00:00,-0.025,1.92,1020.05,21.56,23.7
2024-08-27 04:00:00,0.208,1.45,1020.07,21.47,23.55
2024-08-27 05:00:00,0.478,0.8400000000000001,1019.9,21.330000000000002,23.21
2024-08-27 06:00:00,0.663,1.25,1019.6600000000001,21.23,23.31
2024-08-27 07:00:00,0.676,2.15,1019.5600000000001,20.96,23.33
2024-08-27 08:00:00,0.484,2.32,1019.46,20.81,23.18
2024-08-27 09:00:00,0.231,1.78,1019.6299999999999,20.56,23.07
2024-08-27 10:00:00,-0.01,1.54,1020.0600000000001,20.479999999999997,23.0
2024-08-27 11:00:00,-0.183,1.86,1020.65,21.41,22.939999999999998
2024-08-27 12:00:00,-0.31,2.21,1020.79,21.91,23.0
2024-08-27 13:00:00,-0.368,1.54,1020.8699999999999,22.85,23.060000000000002
2024-08-27 14:00:00,-0.267,1.41,1021.05,23.78,23.1
2024-08-27 15:00:00,0.009,1.8,1020.8399999999999,23.29,23.21
2024-08-27 16:00:00,0.354,2.62,1020.5,23.39,23.32
2024-08-27 17:00:00,0.65,4.09,1020.0200000000001,24.53,23.4
2024-08-27 18:00:00,0.874,5.0200000000000005,1019.46,25.29,23.330000000000002
2024-08-27 19:00:00,0.955,6.959999999999999,1018.71,24.630000000000003,22.869999999999997
2024-08-27 20:00:00,0.869,6.83,1018.35,24.95,23.34
2024-08-27 21:00:00,0.619,6.45,1018.1700000000001,25.05,23.89
2024-08-27 22:00:00,0.352,6.12,1017.82,25.06,24.130000000000003
2024-08-27 23:00:00,0.118,4.29,1017.6299999999999,24.8,24.419999999999998
2024-08-28 00:00:00,-0.09,3.96,1018.04,24.57,24.38
2024-08-28 01:00:00,-0.283,5.97,1018.1700000000001,24.27,24.3
2024-08-28 02:00:00,-0.359,5.92,1018.1,23.69,24.259999999999998
2024-08-28 03:00:00,-0.286,7.609999999999999,1017.54,23.330000000000002,24.14
2024-08-28 04:00:00,-0.085,7.540000000000001,1017.26,22.98,23.97
2024-08-28 05:00:00,0.161,6.37,1016.8299999999999,22.85,23.9
2024-08-28 06:00:00,0.408,6.2,1016.04,22.880000000000003,23.9
2024-08-28 07:00:00,0.574,7.31,1015.1700000000001,23.419999999999998,23.84
2024-08-28 08:00:00,0.625,4.79,1015.14,23.2,23.73
2024-08-28 09:00:00,0.53,4.49,1015.26,23.3,23.69
2024-08-28 10:00:00,0.33,4.630000000000001,1015.6600000000001,23.509999999999998,23.6
2024-08-28 11:00:00,0.072,4.86,1015.93,23.580000000000002,23.6
2024-08-28 12:00:00,-0.142,5.61,1015.72,24.23,23.6
2024-08-28 13:00:00,-0.323,6.13,1015.78,24.73,23.6
2024-08-28 14:00:00,-0.388,5.8,1015.72,24.919999999999998,23.6
2024-08-28 15:00:00,-0.288,4.529999999999999,1015.6,25.47,23.66
2024-08-28 16:00:00,-0.015,4.4799999999999995,1015.01,26.73,23.69
2024-08-28 17:00:00,0.336,4.18,1014.6300000000001,27.419999999999998,23.91
2024-08-28 18:00:00,0.648,3.31,1014.4399999999999,27.75,24.009999999999998
2024-08-28 19:00:00,0.826,2.79,1014.05,28.73,24.31
2024-08-28 20:00:00,0.853,3.69,1013.8399999999999,29.5,24.35
2024-08-28 21:00:00,0.783,3.2600000000000002,1013.99,30.21,24.4
2024-08-28 22:00:00,0.608,4.3100000000000005,1014.18,29.089999999999996,24.3
2024-08-28 23:00:00,0.41,3.3899999999999997,1014.61,28.68,23.71
2024-08-29 00:00:00,0.173,1.6199999999999999,1015.18,27.98,23.69
2024-08-29 01:00:00,-0.101,6.3,1016.29,25.98,24.41
2024-08-29 02:00:00,-0.378,4.42,1016.7299999999999,25.119999999999997,24.8
2024-08-29 03:00:00,-0.511,2.7800000000000002,1016.89,24.45,24.630000000000003
2024-08-29 04:00:00,-0.401,2.3600000000000003,1017.2299999999999,24.18,24.509999999999998
2024-08-29 05:00:00,-0.122,1.72,1017.78,23.91,24.32
2024-08-29 06:00:00,0.2,3.31,1018.0,24.98,24.23
2024-08-29 07:00:00,0.436,4.63,1018.5899999999999,24.69,24.2
2024-08-29 08:00:00,0.601,7.44,1019.2,23.41,24.06
2024-08-29 09:00:00,0.646,6.57,1020.18,22.47,23.53
2024-08-29 10:00:00,0.62,6.4,1021.55,21.869999999999997,23.05
2024-08-29 11:00:00,0.418,6.37,1022.53,21.759999999999998,23.0
2024-08-29 12:00:00,0.204,6.590000000000001,1022.95,21.740000000000002,23.0
2024-08-29 13:00:00,0.016,6.709999999999999,1023.61,21.919999999999998,23.03
2024-08-29 14:00:00,-0.147,6.67,1024.09,21.89,23.22
2024-08-29 15:00:00,-0.24,6.540000000000001,1024.1299999999999,22.06,23.43
2024-08-29 16:00:00,-0.155,6.779999999999999,1023.9799999999999,21.830000000000002,23.62
2024-08-29 17:00:00,0.107,6.3100000000000005,1024.04,22.28,23.62
2024-08-29 18:00:00,0.435,6.85,1023.9399999999999,22.31,23.57
2024-08-29 19:00:00,0.736,6.9,1024.04,21.93,23.21
2024-08-29 20:00:00,0.937,5.88,1024.15,21.78,22.830000000000002
2024-08-29 21:00:00,1.038,6.11,1024.28,21.509999999999998,23.119999999999997
2024-08-29 22:00:00,0.997,5.99,1024.6,21.31,23.36
2024-08-29 23:00:00,0.825,5.4399999999999995,1024.9299999999998,21.29,23.240000000000002
2024-08-30 00:00:00,0.546,6.17,1024.97,21.22,23.4
2024-08-30 01:00:00,0.273,5.43,1025.42,21.22,23.35
2024-08-30 02:00:00,0.013,5.0,1025.6,21.1,23.369999999999997
2024-08-30 03:00:00,-0.206,4.93,1025.76,21.009999999999998,23.3
2024-08-30 04:00:00,-0.318,5.46,1025.75,20.889999999999997,23.19
2024-08-30 05:00:00,-0.245,5.83,1025.48,20.5,23.2
2024-08-30 06:00:00,0.0,4.84,1025.6200000000001,20.47,23.130000000000003
2024-08-30 07:00:00,0.269,5.220000000000001,1025.58,18.66,23.07
2024-08-30 08:00:00,0.513,5.65,1025.16,18.32,23.0
2024-08-30 09:00:00,0.723,5.16,1025.51,17.630000000000003,23.02
2024-08-30 10:00:00,0.797,5.13,1025.96,17.9,23.0
2024-08-30 11:00:00,0.696,5.43,1026.1100000000001,16.919999999999998,22.990000000000002
2024-08-30 12:00:00,0.449,5.470000000000001,1025.66,17.94,22.9
2024-08-30 13:00:00,0.233,4.4,1025.71,19.14,22.9
2024-08-30 14:00:00,0.04,4.76,1025.89,19.68,22.9
2024-08-30 15:00:00,-0.1,4.9399999999999995,1025.65,20.14,22.82
2024-08-30 16:00:00,-0.221,5.96,1025.29,20.43,22.79
2024-08-30 17:00:00,-0.155,6.2,1025.02,20.95,22.8
2024-08-30 18:00:00,0.129,6.38,1024.97,20.990000000000002,22.889999999999997
2024-08-30 19:00:00,0.431,5.720000000000001,1024.8600000000001,20.990000000000002,23.009999999999998
2024-08-30 20:00:00,0.731,5.92,1024.3899999999999,20.75,23.080000000000002
2024-08-30 21:00:00,0.95,5.05,1024.3700000000001,20.740000000000002,23.0
2024-08-30 22:00:00,1.056,5.21,1024.15,20.6,23.0
2024-08-30 23:00:00,1.038,5.2700000000000005,1024.0,20.62,23.0
2024-08-31 00:00:00,0.845,5.21,1024.25,20.7,23.0
2024-08-31 01:00:00,0.53,4.51,1024.19,20.7,22.93
2024-08-31 02:00:00,0.18,4.17,1023.6899999999999,20.740000000000002,22.9
2024-08-31 03:00:00,-0.099,4.38,1023.26,20.8,22.889999999999997
2024-08-31 04:00:00,-0.284,3.7299999999999995,1022.96,20.78,22.8
2024-08-31 05:00:00,-0.332,4.08,1022.35,20.8,22.8
2024-08-31 06:00:00,-0.202,3.16,1022.21,20.830000000000002,22.759999999999998
2024-08-31 07:00:00,0.055,2.71,1021.8299999999999,20.85,22.7
2024-08-31 08:00:00,0.345,2.2399999999999998,1021.4799999999999,20.69,22.630000000000003
2024-08-31 09:00:00,0.593,2.42,1020.8399999999999,20.68,22.5
2024-08-31 10:00:00,0.788,2.2399999999999998,1020.99,20.75,22.5
2024-08-31 11:00:00,0.834,3.12,1020.85,20.84,22.48
2024-08-31 12:00:00,0.695,3.22,1020.8299999999999,21.11,22.5
2024-08-31 13:00:00,0.447,3.9299999999999997,1020.8799999999999,21.68,22.5
2024-08-31 14:00:00,0.199,3.5,1020.8799999999999,22.240000000000002,22.5
2024-08-31 15:00:00,-0.036,4.11,1020.45,22.619999999999997,22.53
2024-08-31 16:00:00,-0.269,4.12,1019.96,22.89,22.64
2024-08-31 17:00:00,-0.363,4.470000000000001,1019.28,23.3,22.7
2024-08-31 18:00:00,-0.267,5.279999999999999,1018.4399999999999,23.36,22.91
2024-08-31 19:00:00,0.063,5.57,1017.57,23.47,23.27
2024-08-31 20:00:00,0.437,5.6,1016.6600000000001,23.240000000000002,23.490000000000002
2024-08-31 21:00:00,0.777,4.6,1016.3799999999999,22.96,23.6
2024-08-31 22:00:00,0.983,3.85,1016.2299999999999,22.75,23.6
2024-08-31 23:00:00,1.052,4.89,1015.8,22.66,23.380000000000003
2024-09-01 00:00:00,0.954,4.59,1015.85,22.85,23.3
2024-09-01 01:00:00,0.668,4.17,1015.6899999999999,22.869999999999997,23.389999999999997
2024-09-01 02:00:00,0.313,4.38,1015.5799999999999,23.009999999999998,23.4
2024-09-01 03:00:00,0.012,4.4799999999999995,1015.3799999999999,23.060000000000002,23.4
2024-09-01 04:00:00,-0.217,4.18,1014.96,23.080000000000002,23.4
2024-09-01 05:00:00,-0.361,4.51,1014.6899999999999,22.89,23.4
2024-09-01 06:00:00,-0.393,4.9799999999999995,1014.5200000000001,22.62,23.4
2024-09-01 07:00:00,-0.252,4.8100000000000005,1014.2700000000001,22.45,23.32
2024-09-01 08:00:00,0.057,3.8199999999999994,1013.99,22.35,23.3
2024-09-01 09:00:00,0.383,3.09,1013.9200000000001,22.3,23.27
2024-09-01 10:00:00,0.692,4.01,1013.97,22.25,23.19
2024-09-01 11:00:00,0.863,3.6700000000000004,1014.1200000000001,22.2,23.1
2024-09-01 12:00:00,0.864,3.4200000000000004,1013.9100000000001,22.19,23.09
2024-09-01 13:00:00,0.664,3.0100000000000002,1013.5799999999999,22.380000000000003,23.0
2024-09-01 14:00:00,0.369,2.32,1013.4,22.85,23.060000000000002
2024-09-01 15:00:00,0.078,2.09,1013.3299999999999,23.39,23.1
2024-09-01 16:00:00,-0.165,0.74,1013.03,24.11,23.12
2024-09-01 17:00:00,-0.322,1.98,1012.71,24.84,23.259999999999998
2024-09-01 18:00:00,-0.348,2.0300000000000002,1012.32,25.18,23.3
2024-09-01 19:00:00,-0.167,2.2800000000000002,1011.78,25.77,23.25
2024-09-01 20:00:00,0.184,0.95,1011.1,26.9,23.4
2024-09-01 21:00:00,0.564,0.32,1010.75,27.410000000000004,23.43
2024-09-01 22:00:00,0.882,1.81,1010.61,26.2,23.41
2024-09-01 23:00:00,1.076,2.44,1010.7700000000001,25.68,23.45
2024-09-02 00:00:00,1.088,2.7199999999999998,1011.22,25.41,23.28
2024-09-02 01:00:00,0.917,3.63,1011.5899999999999,24.98,23.2
2024-09-02 02:00:00,0.593,4.99,1011.79,24.85,23.29
2024-09-02 03:00:00,0.228,5.15,1011.9100000000001,24.380000000000003,23.4
2024-09-02 04:00:00,-0.081,4.93,1011.8100000000001,23.93,23.47
2024-09-02 05:00:00,-0.333,5.9399999999999995,1012.55,23.740000000000002,23.5
2024-09-02 06:00:00,-0.504,5.33,1012.79,22.9,23.439999999999998
2024-09-02 07:00:00,-0.481,4.88,1012.8799999999999,22.28,23.4
2024-09-02 08:00:00,-0.221,5.7299999999999995,1013.29,21.94,23.4
2024-09-02 09:00:00,0.157,5.64,1013.68,21.15,23.259999999999998
2024-09-02 10:00:00,0.465,5.39,1014.32,20.740000000000002,23.14
2024-09-02 11:00:00,0.667,6.13,1015.0899999999999,20.35,23.1
2024-09-02 12:00:00,0.782,5.29,1015.74,20.169999999999998,23.1
2024-09-02 13:00:00,0.744,5.84,1016.28,20.27,23.02
2024-09-02 14:00:00,0.58,5.3100000000000005,1016.8,20.919999999999998,23.0
2024-09-02 15:00:00,0.281,5.18,1017.24,21.73,23.0
2024-09-02 16:00:00,-0.029,6.01,1017.14,22.52,23.09
2024-09-02 17:00:00,-0.314,4.45,1017.1300000000001,23.59,23.1
2024-09-02 18:00:00,-0.447,3.12,1016.93,24.34,23.1
2024-09-02 19:00:00,-0.41,2.85,1016.86,24.46,23.15
2024-09-02 20:00:00,-0.098,4.88,1017.05,24.93,23.389999999999997
2024-09-02 21:00:00,0.311,4.66,1017.5,24.79,23.53
2024-09-02 22:00:00,0.698,5.2700000000000005,1018.0799999999999,24.06,23.65
2024-09-02 23:00:00,0.939,7.06,1018.8100000000001,23.09,23.57
2024-09-03 00:00:00,1.011,7.5200000000000005,1019.86,22.080000000000002,23.5
2024-09-03 01:00:00,0.97,6.529999999999999,1021.04,21.07,23.419999999999998
2024-09-03 02:00:00,0.706,6.34,1022.07,20.07,23.23
2024-09-03 03:00:00,0.353,5.79,1022.74,19.23,23.060000000000002
2024-09-03 04:00:00,0.053,4.97,1023.3700000000001,18.56,22.93
2024-09-03 05:00:00,-0.215,4.89,1023.86,17.98,22.82
2024-09-03 06:00:00,-0.447,4.82,1024.31,17.619999999999997,22.79
2024-09-03 07:00:00,-0.566,6.17,1024.75,17.11,22.669999999999998
2024-09-03 08:00:00,-0.413,4.720000000000001,1025.2,16.59,22.560000000000002
2024-09-03 09:00:00,-0.046,3.7600000000000002,1025.67,16.259999999999998,22.419999999999998
2024-09-03 10:00:00,0.396,3.5799999999999996,1026.4,16.119999999999997,22.21
2024-09-03 11:00:00,0.729,3.9899999999999998,1026.95,16.630000000000003,22.29
2024-09-03 12:00:00,0.914,3.63,1027.54,17.3,22.2
2024-09-03 13:00:00,0.963,4.4,1027.8799999999999,18.23,22.2
2024-09-03 14:00:00,0.807,3.8600000000000003,1028.15,18.95,22.2
2024-09-03 15:00:00,0.505,3.66,1028.27,19.48,22.2
2024-09-03 16:00:00,0.174,3.63,1027.9299999999998,19.81,22.31
2024-09-03 17:00:00,-0.102,2.6100000000000003,1027.83,20.06,22.56
2024-09-03 18:00:00,-0.334,2.5100000000000002,1027.65,19.71,22.79
2024-09-03 19:00:00,-0.462,2.06,1027.0700000000002,20.16,23.09
2024-09-03 20:00:00,-0.383,3.07,1026.79,20.52,23.29
2024-09-03 21:00:00,-0.052,3.08,1026.8,20.61,23.55
2024-09-03 22:00:00,0.359,3.0100000000000002,1026.91,19.880000000000003,23.490000000000002
2024-09-03 23:00:00,0.703,2.98,1027.26,19.14,23.4
2024-09-04 00:00:00,0.915,2.7199999999999998,1027.9199999999998,18.83,23.21
2024-09-04 01:00:00,0.956,2.62,1028.4299999999998,18.96,23.06
2024-09-04 02:00:00,0.835,2.85,1028.65,19.31,22.759999999999998
2024-09-04 03:00:00,0.529,1.95,1028.81,19.21,22.95
2024-09-04 04:00:00,0.194,2.63,1028.98,18.91,22.86
2024-09-04 05:00:00,-0.099,2.55,1029.17,18.380000000000003,22.8
2024-09-04 06:00:00,-0.358,3.04,1029.19,18.27,22.7
2024-09-04 07:00:00,-0.529,2.96,1029.33,17.54,22.7
2024-09-04 08:00:00,-0.536,2.59,1029.56,17.61,22.72
2024-09-04 09:00:00,-0.28,2.2700000000000005,1029.8200000000002,17.46,22.64
2024-09-04 10:00:00,0.102,2.09,1030.44,17.580000000000002,22.48
2024-09-04 11:00:00,0.458,1.6800000000000002,1030.89,18.39,22.439999999999998
2024-09-04 12:00:00,0.707,1.3,1031.1799999999998,19.44,22.38
2024-09-04 13:00:00,0.831,1.25,1031.55,20.130000000000003,22.3
2024-09-04 14:00:00,0.834,0.79,1031.8899999999999,20.15,22.369999999999997
2024-09-04 15:00:00,0.647,2.63,1031.94,21.130000000000003,22.4
2024-09-04 16:00:00,0.31,3.3299999999999996,1031.99,21.53,22.5
2024-09-04 17:00:00,-0.037,3.46,1031.8899999999999,21.7,22.86
2024-09-04 18:00:00,-0.344,4.13,1031.67,21.880000000000003,22.93
2024-09-04 19:00:00,-0.558,3.6100000000000003,1031.3700000000001,21.759999999999998,23.22
2024-09-04 20:00:00,-0.564,3.28,1031.03,21.740000000000002,23.52
2024-09-04 21:00:00,-0.323,3.15,1030.73,21.47,23.580000000000002
2024-09-04 22:00:00,0.075,2.7600000000000002,1030.42,20.96,23.33
2024-09-04 23:00:00,0.481,1.86,1030.15,20.04,23.23
2024-09-05 00:00:00,0.755,1.78,1030.27,19.46,22.990000000000002
2024-09-05 01:00:00,0.865,1.56,1030.47,19.19,22.53
2024-09-05 02:00:00,0.823,1.69,1030.56,19.04,22.54
2024-09-05 03:00:00,0.637,1.7399999999999998,1030.59,19.04,22.669999999999998
2024-09-05 04:00:00,0.36,1.9899999999999998,1030.66,19.14,22.7
2024-09-05 05:00:00,0.059,1.55,1030.6,19.03,22.7
2024-09-05 06:00:00,-0.215,1.7399999999999998,1030.25,18.880000000000003,22.7
2024-09-05 07:00:00,-0.462,1.75,1030.34,18.759999999999998,22.669999999999998
2024-09-05 08:00:00,-0.587,1.89,1030.09,18.8,22.6
2024-09-05 09:00:00,-0.495,2.04,1029.92,18.68,22.57
2024-09-05 10:00:00,-0.155,2.6399999999999997,1029.79,18.47,22.59
2024-09-05 11:00:00,0.246,3.16,1029.71,19.11,22.419999999999998
2024-09-05 12:00:00,0.564,3.94,1029.52,19.759999999999998,22.4
2024-09-05 13:00:00,0.775,4.52,1029.41,20.259999999999998,22.4
2024-09-05 14:00:00,0.884,4.8100000000000005,1029.22,20.69,22.4
2024-09-05 15:00:00,0.812,4.99,1029.03,21.14,22.4
2024-09-05 16:00:00,0.559,6.08,1028.65,21.27,22.580000000000002
2024-09-05 17:00:00,0.22,6.590000000000001,1028.42,21.1,22.7
2024-09-05 18:00:00,-0.08,5.87,1027.99,21.19,22.5
2024-09-05 19:00:00,-0.339,5.38,1027.3799999999999,21.169999999999998,22.32
2024-09-05 20:00:00,-0.468,4.970000000000001,1026.69,21.220000000000002,22.369999999999997
2024-09-05 21:00:00,-0.369,5.36,1026.3700000000001,21.119999999999997,22.53
2024-09-05 22:00:00,-0.055,5.0,1026.24,20.69,22.610000000000003
2024-09-05 23:00:00,0.333,4.11,1026.01,20.080000000000002,22.6
2024-09-06 00:00:00,0.645,4.3,1025.75,20.04,22.6
2024-09-06 01:00:00,0.819,4.68,1025.4299999999998,19.990000000000002,22.57
2024-09-06 02:00:00,0.872,4.55,1024.94,19.79,22.4
2024-09-06 03:00:00,0.813,4.75,1024.42,19.759999999999998,22.3
2024-09-06 04:00:00,0.646,3.07,1023.74,19.479999999999997,22.3
2024-09-06 05:00:00,0.368,2.9899999999999998,1023.43,19.38,22.3
2024-09-06 06:00:00,0.088,3.31,1022.5600000000001,19.119999999999997,22.3
2024-09-06 07:00:00,-0.198,2.82,1022.1300000000001,18.78,22.22
2024-09-06 08:00:00,-0.394,2.92,1022.0899999999999,18.79,22.080000000000002
2024-09-06 09:00:00,-0.43,2.44,1021.71,18.81,22.15
2024-09-06 10:00:00,-0.197,2.69,1021.49,18.93,22.03
2024-09-06 11:00:00,0.178,2.6399999999999997,1021.35,19.07,22.04
2024-09-06 12:00:00,0.545,3.53,1021.11,19.12,22.1
2024-09-06 13:00:00,0.795,3.15,1021.2299999999999,19.28,22.1
2024-09-06 14:00:00,0.955,2.83,1020.7,19.740000000000002,22.110000000000003
2024-09-06 15:00:00,0.965,2.7399999999999998,1020.03,20.830000000000002,22.2
2024-09-06 16:00:00,0.809,2.15,1019.54,21.45,22.2
2024-09-06 17:00:00,0.515,2.43,1019.3299999999999,21.740000000000002,22.2
2024-09-06 18:00:00,0.195,2.48,1018.9799999999999,22.130000000000003,22.27
2024-09-06 19:00:00,-0.077,1.64,1018.24,22.869999999999997,22.46
2024-09-06 20:00:00,-0.255,2.93,1017.8700000000001,23.36,22.880000000000003
2024-09-06 21:00:00,-0.31,3.55,1017.64,21.630000000000003,23.21
2024-09-06 22:00:00,-0.184,3.5799999999999996,1017.21,21.39,23.3
2024-09-06 23:00:00,0.156,1.69,1016.72,21.11,23.3
2024-09-07 00:00:00,0.494,2.5100000000000002,1016.55,21.05,22.8
2024-09-07 01:00:00,0.737,2.85,1016.1899999999999,21.080000000000002,22.380000000000003
2024-09-07 02:00:00,0.858,3.29,1015.7700000000001,21.15,22.39
2024-09-07 03:00:00,0.862,2.98,1015.6700000000001,20.990000000000002,22.69
2024-09-07 04:00:00,0.758,3.02,1014.75,20.580000000000002,22.7
2024-09-07 05:00:00,0.523,2.79,1014.28,20.6,22.66
2024-09-07 06:00:00,0.261,1.7900000000000003,1014.21,20.64,22.6
2024-09-07 07:00:00,-0.032,0.9199999999999999,1013.96,20.23,22.509999999999998
2024-09-07 08:00:00,-0.225,2.34,1013.54,20.630000000000003,22.439999999999998
2024-09-07 09:00:00,-0.281,2.07,1013.1,20.5,22.41
2024-09-07 10:00:00,-0.142,3.7299999999999995,1012.3399999999999,20.35,22.4
2024-09-07 11:00:00,0.16,4.21,1012.47,20.48,22.369999999999997
2024-09-07 12:00:00,0.474,3.4899999999999998,1012.2,20.14,22.4
2024-09-07 13:00:00,0.776,3.96,1011.8,20.380000000000003,22.389999999999997
2024-09-07 14:00:00,1.006,4.4399999999999995,1011.71,20.71,22.3
2024-09-07 15:00:00,1.125,3.9200000000000004,1011.2,21.130000000000003,22.36
2024-09-07 16:00:00,1.063,3.2299999999999995,1010.46,21.79,22.4
2024-09-07 17:00:00,0.823,5.24,1009.75,22.16,22.48
2024-09-07 18:00:00,0.492,7.0,1009.21,22.03,22.54
2024-09-07 19:00:00,0.202,7.640000000000001,1008.71,22.1,22.740000000000002
2024-09-07 20:00:00,0.069,11.23,1009.71,19.61,22.71
2024-09-07 21:00:00,-0.156,8.57,1010.3399999999999,18.77,22.669999999999998
2024-09-07 22:00:00,-0.164,6.37,1010.51,18.62,22.64
2024-09-07 23:00:00,0.01,5.88,1010.96,18.59,22.610000000000003
2024-09-08 00:00:00,0.297,5.409999999999999,1011.57,18.18,22.47
2024-09-08 01:00:00,0.555,5.58,1012.3100000000001,17.89,22.4
2024-09-08 02:00:00,0.685,5.04,1012.57,18.02,22.4
2024-09-08 03:00:00,0.813,5.15,1012.89,17.8,22.4
2024-09-08 04:00:00,0.843,6.4799999999999995,1012.9799999999999,17.520000000000003,22.389999999999997
2024-09-08 05:00:00,0.747,6.04,1013.46,16.669999999999998,22.28
2024-09-08 06:00:00,0.43,6.65,1013.6899999999999,16.5,22.16
2024-09-08 07:00:00,0.085,7.359999999999999,1013.95,15.85,22.07
2024-09-08 08:00:00,-0.198,6.790000000000001,1014.2700000000001,15.24,21.919999999999998
2024-09-08 09:00:00,-0.363,7.5200000000000005,1014.8299999999999,14.7,21.9
2024-09-08 10:00:00,-0.347,8.05,1015.51,14.530000000000001,21.869999999999997
2024-09-08 11:00:00,-0.113,8.41,1016.21,14.66,21.619999999999997
2024-09-08 12:00:00,0.203,7.959999999999999,1016.6600000000001,14.48,21.45
2024-09-08 13:00:00,0.479,7.160000000000001,1017.14,14.680000000000001,21.4
2024-09-08 14:00:00,0.652,6.04,1017.14,15.39,21.31
2024-09-08 15:00:00,0.738,6.409999999999999,1017.0200000000001,16.509999999999998,21.4
2024-09-08 16:00:00,0.795,7.7299999999999995,1016.89,17.23,21.48
2024-09-08 17:00:00,0.712,7.5,1016.61,17.8,21.53
2024-09-08 18:00:00,0.507,7.640000000000001,1016.2,18.64,21.6
2024-09-08 19:00:00,0.22,8.94,1015.75,19.740000000000002,21.84
2024-09-08 20:00:00,-0.066,8.95,1015.9,20.21,22.0
2024-09-08 21:00:00,-0.314,7.359999999999999,1015.85,20.46,22.0
2024-09-08 22:00:00,-0.419,7.65,1016.1,20.53,21.97
2024-09-08 23:00:00,-0.35,7.19,1016.74,20.3,21.9
2024-09-09 00:00:00,-0.107,6.36,1017.5600000000001,20.080000000000002,21.75
2024-09-09 01:00:00,0.15,4.83,1018.01,19.3,21.6
2024-09-09 02:00:00,0.361,5.0600000000000005,1018.4100000000001,18.3,21.59
2024-09-09 03:00:00,0.469,5.7,1018.9,17.89,21.46
2024-09-09 04:00:00,0.523,5.85,1019.04,17.419999999999998,21.3
2024-09-09 05:00:00,0.457,7.05,1019.47,17.07,21.27
2024-09-09 06:00:00,0.255,7.659999999999999,1019.6700000000001,16.81,21.19
2024-09-09 07:00:00,-0.005,6.16,1019.78,16.630000000000003,21.1
2024-09-09 08:00:00,-0.225,5.25,1020.0200000000001,15.11,21.09
2024-09-09 09:00:00,-0.393,5.0600000000000005,1020.3,14.76,20.990000000000002
2024-09-09 10:00:00,-0.463,5.39,1020.6200000000001,15.11,20.9
2024-09-09 11:00:00,-0.363,5.91,1020.9799999999999,15.180000000000001,20.869999999999997
2024-09-09 12:00:00,-0.108,5.37,1021.0799999999999,15.530000000000001,20.79
2024-09-09 13:00:00,0.195,5.88,1021.05,16.61,20.8
2024-09-09 14:00:00,0.463,5.3,1020.76,17.740000000000002,20.889999999999997
2024-09-09 15:00:00,0.645,5.8,1020.39,19.22,20.990000000000002
2024-09-09 16:00:00,0.749,5.42,1019.8299999999999,20.48,21.07
2024-09-09 17:00:00,0.766,5.62,1019.36,21.619999999999997,21.110000000000003
2024-09-09 18:00:00,0.648,5.51,1018.78,22.21,21.259999999999998
2024-09-09 19:00:00,0.403,3.8,1018.35,22.669999999999998,21.45
2024-09-09 20:00:00,0.113,4.59,1017.8100000000001,23.080000000000002,21.509999999999998
2024-09-09 21:00:00,-0.106,5.6,1017.32,23.3,21.69
2024-09-09 22:00:00,-0.257,4.8,1017.25,23.03,21.78
2024-09-09 23:00:00,-0.285,3.9,1017.5600000000001,22.31,21.72
2024-09-10 00:00:00,-0.19,3.4899999999999998,1018.1200000000001,21.270000000000003,21.7
2024-09-10 01:00:00,-0.011,4.54,1018.3100000000001,20.8,21.610000000000003
2024-09-10 02:00:00,0.189,5.41,1018.49,20.07,21.5
2024-09-10 03:00:00,0.329,6.55,1018.61,19.32,21.3
2024-09-10 04:00:00,0.415,6.14,1018.55,18.86,21.2
2024-09-10 05:00:00,0.44,6.13,1018.46,19.580000000000002,21.15
2024-09-10 06:00:00,0.359,7.0,1018.07,20.02,21.1
2024-09-10 07:00:00,0.161,6.409999999999999,1017.74,19.630000000000003,21.02
2024-09-10 08:00:00,-0.074,7.56,1017.61,19.119999999999997,20.93
2024-09-10 09:00:00,-0.249,7.779999999999999,1017.76,18.169999999999998,20.869999999999997
2024-09-10 10:00:00,-0.391,6.17,1018.1899999999999,17.54,20.72
2024-09-10 11:00:00,-0.417,5.06,1018.9399999999999,17.29,20.630000000000003
2024-09-10 12:00:00,-0.326,5.41,1019.35,18.119999999999997,20.55
2024-09-10 13:00:00,-0.123,5.09,1019.8100000000001,18.68,20.610000000000003
2024-09-10 14:00:00,0.17,4.51,1020.01,20.21,20.79
2024-09-10 15:00:00,0.444,4.41,1019.89,21.169999999999998,20.9
2024-09-10 16:00:00,0.622,3.2299999999999995,1019.46,21.8,20.9
2024-09-10 17:00:00,0.741,2.91,1019.1899999999999,22.32,20.98
2024-09-10 18:00:00,0.733,2.3899999999999997,1018.99,22.02,21.1
2024-09-10 19:00:00,0.588,1.8,1018.7700000000001,22.64,21.25
2024-09-10 20:00:00,0.356,0.8699999999999999,1018.7700000000001,23.78,21.9
2024-09-10 21:00:00,0.112,0.85,1018.9200000000001,23.91,22.47
2024-09-10 22:00:00,-0.091,0.8699999999999999,1019.11,23.669999999999998,22.45
2024-09-10 23:00:00,-0.204,3.1399999999999997,1019.47,22.07,22.619999999999997
2024-09-11 00:00:00,-0.239,3.71,1020.03,21.39,22.68
2024-09-11 01:00:00,-0.159,2.8600000000000003,1020.4399999999999,21.03,22.6
2024-09-11 02:00:00,-0.002,3.9199999999999995,1020.9100000000001,20.43,22.509999999999998
2024-09-11 03:00:00,0.175,2.7399999999999998,1021.1300000000001,20.59,22.419999999999998
2024-09-11 04:00:00,0.361,2.45,1021.4,20.369999999999997,22.240000000000002
2024-09-11 05:00:00,0.492,2.15,1021.65,20.0,22.07
2024-09-11 06:00:00,0.51,2.12,1021.6,19.48,21.990000000000002
2024-09-11 07:00:00,0.4,2.39,1021.74,19.29,21.84
2024-09-11 08:00:00,0.174,2.94,1022.0,19.14,21.7
2024-09-11 09:00:00,-0.024,2.75,1022.3100000000001,18.59,21.66
2024-09-11 10:00:00,-0.163,2.8899999999999997,1022.5899999999999,18.53,21.6
2024-09-11 11:00:00,-0.246,2.82,1023.03,18.509999999999998,21.6
2024-09-11 12:00:00,-0.278,3.21,1023.3799999999999,19.65,21.580000000000002
2024-09-11 13:00:00,-0.17,2.58,1023.76,20.04,21.48
2024-09-11 14:00:00,0.037,2.12,1023.95,20.43,21.4
2024-09-11 15:00:00,0.312,1.09,1023.9100000000001,21.28,21.490000000000002
2024-09-11 16:00:00,0.532,1.7399999999999998,1023.71,20.86,21.75
2024-09-11 17:00:00,0.713,3.47,1023.5799999999999,21.18,21.93
2024-09-11 18:00:00,0.82,4.1899999999999995,1023.32,21.31,22.380000000000003
2024-09-11 19:00:00,0.79,3.9200000000000004,1023.0,21.79,22.6
2024-09-11 20:00:00,0.624,4.4399999999999995,1022.8100000000001,21.880000000000003,22.57
2024-09-11 21:00:00,0.355,4.82,1022.6899999999999,21.35,22.6
2024-09-11 22:00:00,0.118,4.11,1022.71,20.669999999999998,22.7
2024-09-11 23:00:00,-0.078,3.15,1022.72,19.919999999999998,22.68
2024-09-12 00:00:00,-0.21,2.3899999999999997,1022.99,19.65,22.509999999999998
2024-09-12 01:00:00,-0.249,2.08,1023.0,19.41,22.41
2024-09-12 02:00:00,-0.184,1.86,1023.2700000000001,19.369999999999997,22.3
2024-09-12 03:00:00,-0.015,0.99,1023.61,19.4,22.29
2024-09-12 04:00:00,0.197,0.9,1023.57,19.25,22.2
2024-09-12 05:00:00,0.392,0.039999999999999994,1023.4399999999999,18.55,22.05
2024-09-12 06:00:00,0.528,0.08,1023.43,18.259999999999998,21.96
2024-09-12 07:00:00,0.522,0.47000000000000003,1023.5600000000001,18.18,21.830000000000002
2024-09-12 08:00:00,0.383,0.8300000000000001,1023.75,18.31,21.68
2024-09-12 09:00:00,0.191,0.49000000000000005,1024.1799999999998,18.55,21.54
2024-09-12 10:00:00,0.041,0.5599999999999999,1024.67,18.52,21.47
2024-09-12 11:00:00,-0.102,2.19,1025.19,18.65,21.36
2024-09-12 12:00:00,-0.203,2.0300000000000002,1025.35,19.21,21.21
2024-09-12 13:00:00,-0.26,1.2,1025.5800000000002,19.69,21.2
2024-09-12 14:00:00,-0.168,1.65,1026.02,20.18,21.2
2024-09-12 15:00:00,0.033,1.52,1026.0700000000002,20.93,21.23
2024-09-12 16:00:00,0.303,2.93,1025.8,21.06,21.43
2024-09-12 17:00:00,0.543,3.6399999999999997,1025.58,21.240000000000002,21.43
2024-09-12 18:00:00,0.714,4.62,1025.06,21.330000000000002,21.57
2024-09-12 19:00:00,0.804,5.029999999999999,1024.6399999999999,21.52,21.64
2024-09-12 20:00:00,0.768,5.51,1024.5,21.45,21.6
2024-09-12 21:00:00,0.593,5.1899999999999995,1024.54,21.21,21.610000000000003
2024-09-12 22:00:00,0.345,4.11,1024.51,20.94,21.72
2024-09-12 23:00:00,0.105,3.17,1024.43,20.330000000000002,21.889999999999997
2024-09-13 00:00:00,-0.089,2.5300000000000002,1024.78,20.169999999999998,22.0
2024-09-13 01:00:00,-0.256,2.08,1024.9,19.869999999999997,21.9
2024-09-13 02:00:00,-0.338,2.0100000000000002,1025.07,19.73,21.9
2024-09-13 03:00:00,-0.282,1.8,1024.95,19.6,21.9
2024-09-13 04:00:00,-0.068,1.44,1024.99,19.41,21.9
2024-09-13 05:00:00,0.2,0.9800000000000001,1025.02,19.05,21.869999999999997
2024-09-13 06:00:00,0.424,1.17,1024.96,18.94,21.8
2024-09-13 07:00:00,0.551,0.33999999999999997,1024.85,18.89,21.669999999999998
2024-09-13 08:00:00,0.541,0.96,1024.96,19.080000000000002,21.6
2024-09-13 09:00:00,0.44,1.19,1025.11,18.77,21.55
2024-09-13 10:00:00,0.253,1.08,1025.29,18.59,21.5
2024-09-13 11:00:00,0.081,1.3599999999999999,1025.3600000000001,19.44,21.5
2024-09-13 12:00:00,-0.086,1.41,1025.34,20.49,21.5
2024-09-13 13:00:00,-0.234,2.0300000000000002,1025.5700000000002,20.55,21.5
2024-09-13 14:00:00,-0.292,1.58,1025.6200000000001,21.490000000000002,21.5
2024-09-13 15:00:00,-0.214,1.6800000000000002,1025.41,21.990000000000002,21.509999999999998
2024-09-13 16:00:00,0.004,2.7600000000000002,1025.3,22.25,21.6
2024-09-13 17:00:00,0.287,3.5799999999999996,1024.81,22.03,21.61
2024-09-13 18:00:00,0.56,4.220000000000001,1024.3600000000001,21.880000000000003,22.0
2024-09-13 19:00:00,0.764,4.91,1024.0,22.009999999999998,22.09
2024-09-13 20:00:00,0.855,4.88,1023.85,22.11,22.16
2024-09-13 21:00:00,0.812,4.17,1023.6,21.93,22.3
2024-09-13 22:00:00,0.619,3.7700000000000005,1023.65,21.39,22.3
2024-09-13 23:00:00,0.378,1.85,1023.6,20.740000000000002,22.34
2024-09-14 00:00:00,0.14,1.06,1023.78,20.25,22.4
2024-09-14 01:00:00,-0.111,0.93,1023.8199999999999,19.9,22.38
2024-09-14 02:00:00,-0.332,0.77,1023.9399999999999,19.630000000000003,22.31
2024-09-14 03:00:00,-0.471,1.31,1024.23,19.97,22.3
2024-09-14 04:00:00,-0.388,0.71,1024.26,20.080000000000002,22.3
2024-09-14 05:00:00,-0.135,1.7899999999999998,1024.21,19.990000000000002,22.240000000000002
2024-09-14 06:00:00,0.186,1.8699999999999999,1023.86,19.82,22.1
2024-09-14 07:00:00,0.454,1.6,1023.49,19.7,22.1
2024-09-14 08:00:00,0.601,0.62,1023.49,19.509999999999998,22.1
2024-09-14 09:00:00,0.608,0.44000000000000006,1023.57,19.259999999999998,22.060000000000002
2024-09-14 10:00:00,0.522,1.46,1023.82,19.35,22.09
2024-09-14 11:00:00,0.327,1.16,1024.3700000000001,19.68,22.1
2024-09-14 12:00:00,0.132,1.34,1024.92,20.5,22.02
2024-09-14 13:00:00,-0.054,1.69,1025.4,21.32,22.02
2024-09-14 14:00:00,-0.233,2.9,1025.57,21.75,22.0
2024-09-14 15:00:00,-0.36,2.62,1025.6,22.78,22.0
2024-09-14 16:00:00,-0.335,3.21,1025.2,23.31,22.009999999999998
2024-09-14 17:00:00,-0.116,2.5100000000000002,1024.8,24.21,22.1
2024-09-14 18:00:00,0.248,3.8200000000000003,1024.3600000000001,23.28,22.07
2024-09-14 19:00:00,0.619,3.04,1024.31,24.119999999999997,22.169999999999998
2024-09-14 20:00:00,0.889,3.8299999999999996,1024.26,23.990000000000002,21.869999999999997
2024-09-14 21:00:00,1.006,4.38,1024.49,23.240000000000002,21.94
2024-09-14 22:00:00,0.943,3.41,1024.75,22.45,22.54
2024-09-14 23:00:00,0.726,2.3899999999999997,1024.92,21.669999999999998,22.73
2024-09-15 00:00:00,0.411,1.26,1025.4299999999998,21.2,22.75
2024-09-15 01:00:00,0.08,1.31,1025.6799999999998,20.869999999999997,22.86
2024-09-15 02:00:00,-0.212,1.54,1025.76,20.61,22.9
2024-09-15 03:00:00,-0.45,1.15,1025.94,20.4,22.9
2024-09-15 04:00:00,-0.541,1.1300000000000001,1026.04,20.41,22.9
2024-09-15 05:00:00,-0.406,2.1100000000000003,1026.04,20.61,22.82
2024-09-15 06:00:00,-0.112,2.8,1026.05,20.71,22.8
2024-09-15 07:00:00,0.211,3.18,1025.97,20.55,22.29
2024-09-15 08:00:00,0.506,3.2,1026.23,20.43,21.79
2024-09-15 09:00:00,0.728,3.6399999999999997,1026.59,20.05,21.81
2024-09-15 10:00:00,0.838,3.71,1027.0700000000002,19.77,21.98
2024-09-15 11:00:00,0.751,4.09,1027.6599999999999,19.740000000000002,21.96
2024-09-15 12:00:00,0.503,4.24,1028.09,20.1,21.88
2024-09-15 13:00:00,0.202,4.59,1028.41,20.57,21.8
2024-09-15 14:00:00,-0.049,4.16,1028.84,21.29,21.869999999999997
2024-09-15 15:00:00,-0.263,5.1899999999999995,1029.1100000000001,21.93,21.84
2024-09-15 16:00:00,-0.399,5.4,1029.21,21.770000000000003,21.740000000000002
2024-09-15 17:00:00,-0.339,5.9799999999999995,1028.78,21.82,21.94
2024-09-15 18:00:00,-0.059,5.51,1028.48,22.169999999999998,22.36
2024-09-15 19:00:00,0.351,5.869999999999999,1027.97,22.17,22.68
2024-09-15 20:00:00,0.74,5.3100000000000005,1027.88,21.869999999999997,22.66
2024-09-15 21:00:00,1.028,4.93,1027.8799999999999,21.3,22.27
2024-09-15 22:00:00,1.185,5.36,1027.74,20.55,22.05
2024-09-15 23:00:00,1.142,5.41,1027.54,19.91,21.93
2024-09-16 00:00:00,0.896,4.93,1027.42,19.380000000000003,21.9
2024-09-16 01:00:00,0.533,3.7700000000000005,1027.4299999999998,19.11,21.97
2024-09-16 02:00:00,0.142,3.4899999999999998,1027.8200000000002,19.12,22.0
2024-09-16 03:00:00,-0.195,3.38,1027.8600000000001,18.990000000000002,22.0
2024-09-16 04:00:00,-0.456,2.9899999999999998,1027.59,18.78,21.98
2024-09-16 05:00:00,-0.571,3.09,1027.56,18.83,21.9
2024-09-16 06:00:00,-0.441,3.2299999999999995,1027.2,18.65,21.86
2024-09-16 07:00:00,-0.086,3.4299999999999997,1027.09,17.8,21.71
2024-09-16 08:00:00,0.309,3.18,1027.21,17.869999999999997,21.7
2024-09-16 09:00:00,0.672,3.7399999999999998,1027.1399999999999,17.85,21.7
2024-09-16 10:00:00,0.938,3.84,1027.3700000000001,17.82,21.7
2024-09-16 11:00:00,0.989,4.5200000000000005,1027.52,18.16,21.77
2024-09-16 12:00:00,0.822,5.09,1027.71,18.619999999999997,21.8
2024-09-16 13:00:00,0.51,5.21,1027.94,19.2,21.72
2024-09-16 14:00:00,0.164,4.3100000000000005,1027.95,19.7,21.740000000000002
2024-09-16 15:00:00,-0.154,4.1899999999999995,1027.91,20.15,21.8
2024-09-16 16:00:00,-0.419,4.029999999999999,1027.6299999999999,20.580000000000002,21.8
2024-09-16 17:00:00,-0.604,3.9,1027.1799999999998,20.830000000000002,21.88
2024-09-16 18:00:00,-0.517,4.16,1026.55,21.28,22.15
2024-09-16 19:00:00,-0.177,5.01,1025.98,21.15,22.520000000000003
2024-09-16 20:00:00,0.296,4.49,1025.75,20.869999999999997,22.47
2024-09-16 21:00:00,0.736,3.69,1025.4299999999998,20.71,22.439999999999998
2024-09-16 22:00:00,1.046,3.16,1025.3400000000001,20.35,22.389999999999997
2024-09-16 23:00:00,1.198,2.83,1025.31,19.81,22.29
2024-09-17 00:00:00,1.124,3.31,1025.41,19.669999999999998,22.05
2024-09-17 01:00:00,0.838,3.2299999999999995,1025.58,19.619999999999997,22.110000000000003
2024-09-17 02:00:00,0.429,2.5100000000000002,1025.6,19.59,22.110000000000003
2024-09-17 03:00:00,-0.01,2.9,1025.2900000000002,19.79,22.1
2024-09-17 04:00:00,-0.38,2.9699999999999998,1024.94,19.939999999999998,22.1
2024-09-17 05:00:00,-0.655,2.6,1024.96,19.86,22.09
2024-09-17 06:00:00,-0.714,2.5100000000000002,1024.69,20.03,22.0
2024-09-17 07:00:00,-0.514,2.7199999999999998,1024.28,20.14,21.990000000000002
2024-09-17 08:00:00,-0.096,3.25,1024.2,19.97,21.9
2024-09-17 09:00:00,0.382,3.7,1024.16,19.82,21.9
2024-09-17 10:00:00,0.778,4.24,1024.21,19.77,21.919999999999998
2024-09-17 11:00:00,1.066,3.6399999999999997,1024.6799999999998,19.46,21.9
2024-09-17 12:00:00,1.084,4.51,1024.75,19.06,21.9
2024-09-17 13:00:00,0.839,4.5,1024.43,19.26,21.9
2024-09-17 14:00:00,0.445,4.42,1024.2,19.759999999999998,21.9
2024-09-17 15:00:00,0.065,3.91,1024.03,20.23,21.88
2024-09-17 16:00:00,-0.262,3.85,1023.76,20.669999999999998,21.8
2024-09-17 17:00:00,-0.532,2.84,1023.3700000000001,21.880000000000003,21.9
2024-09-17 18:00:00,-0.704,4.68,1022.93,21.69,21.939999999999998
2024-09-17 19:00:00,-0.61,4.4799999999999995,1022.76,20.77,22.380000000000003
2024-09-17 20:00:00,-0.199,3.78,1022.3100000000001,21.19,22.47
2024-09-17 21:00:00,0.285,3.9299999999999997,1022.01,21.32,22.47
2024-09-17 22:00:00,0.773,2.3600000000000003,1021.89,20.919999999999998,22.6
2024-09-17 23:00:00,1.13,2.95,1021.5200000000001,20.77,22.6
2024-09-18 00:00:00,1.284,3.5100000000000002,1021.3299999999999,20.98,22.490000000000002
2024-09-18 01:00:00,1.162,4.04,1021.2,21.02,22.4
2024-09-18 02:00:00,0.804,3.6799999999999997,1021.25,21.009999999999998,22.4
2024-09-18 03:00:00,0.336,3.75,1020.7,20.990000000000002,22.35
2024-09-18 04:00:00,-0.117,3.2600000000000002,1020.57,20.98,22.3
2024-09-18 05:00:00,-0.476,3.17,1020.4399999999999,20.83,22.25
2024-09-18 06:00:00,-0.721,3.31,1020.0600000000001,20.52,22.2
2024-09-18 07:00:00,-0.728,3.4200000000000004,1019.61,20.15,22.130000000000003
2024-09-18 08:00:00,-0.399,3.75,1019.2,20.04,22.05
2024-09-18 09:00:00,0.093,4.34,1018.9100000000001,19.85,21.9
2024-09-18 10:00:00,0.596,3.7600000000000002,1019.0799999999999,20.0,21.9
2024-09-18 11:00:00,1.019,3.6100000000000003,1019.32,19.9,21.9
2024-09-18 12:00:00,1.277,3.94,1019.0899999999999,19.84,21.9
2024-09-18 13:00:00,1.266,3.9899999999999998,1019.2,20.3,21.9
2024-09-18 14:00:00,1.021,3.15,1019.2299999999999,20.97,21.9
2024-09-18 15:00:00,0.637,2.63,1019.05,21.61,21.9
2024-09-18 16:00:00,0.229,3.0100000000000002,1018.74,21.97,21.9
2024-09-18 17:00:00,-0.158,3.1799999999999997,1018.26,22.240000000000002,21.9
2024-09-18 18:00:00,-0.487,3.88,1018.0200000000001,22.14,21.9
2024-09-18 19:00:00,-0.64,3.46,1017.46,22.509999999999998,21.9
2024-09-18 20:00:00,-0.494,2.9699999999999998,1017.1200000000001,22.68,21.9
2024-09-18 21:00:00,-0.029,2.5,1016.68,22.740000000000002,21.98
2024-09-18 22:00:00,0.505,2.66,1016.51,22.330000000000002,22.03
2024-09-18 23:00:00,0.959,4.4,1016.1200000000001,21.869999999999997,22.1
2024-09-19 00:00:00,1.264,4.89,1016.0600000000001,21.55,22.09
2024-09-19 01:00:00,1.379,4.46,1015.93,21.5,22.04
2024-09-19 02:00:00,1.204,3.81,1015.46,21.5,21.919999999999998
2024-09-19 03:00:00,0.79,3.7600000000000002,1015.1299999999999,21.369999999999997,21.9
2024-09-19 04:00:00,0.341,3.84,1014.8100000000001,21.16,21.9
2024-09-19 05:00:00,-0.068,3.25,1014.72,20.98,21.9
2024-09-19 06:00:00,-0.388,2.81,1014.26,20.83,21.9
2024-09-19 07:00:00,-0.617,3.1100000000000003,1013.8700000000001,20.78,21.9
2024-09-19 08:00:00,-0.582,2.83,1013.72,20.82,21.830000000000002
2024-09-19 09:00:00,-0.222,2.09,1013.6200000000001,20.369999999999997,21.78
2024-09-19 10:00:00,0.301,2.6399999999999997,1013.43,20.759999999999998,21.7
2024-09-19 11:00:00,0.817,2.7600000000000002,1013.64,20.81,21.7
2024-09-19 12:00:00,1.229,2.9899999999999998,1013.8100000000001,21.240000000000002,21.7
2024-09-19 13:00:00,1.446,3.54,1013.6899999999999,21.34,21.7
2024-09-19 14:00:00,1.372,3.34,1013.36,22.36,21.7
2024-09-19 15:00:00,1.043,3.5799999999999996,1013.03,23.380000000000003,21.7
2024-09-19 16:00:00,0.631,2.23,1012.65,24.130000000000003,21.7
2024-09-19 17:00:00,0.198,2.96,1012.25,25.490000000000002,21.71
2024-09-19 18:00:00,-0.199,2.94,1011.71,26.24,21.73
2024-09-19 19:00:00,-0.514,2.77,1011.18,26.98,21.8
2024-09-19 20:00:00,-0.608,2.9899999999999998,1010.76,27.02,21.8
2024-09-19 21:00:00,-0.357,2.6,1010.75,26.689999999999998,21.96
2024-09-19 22:00:00,0.09,1.5699999999999998,1010.79,26.060000000000002,22.25
2024-09-19 23:00:00,0.576,2.7199999999999998,1010.95,25.3,22.45
2024-09-20 00:00:00,0.983,2.0,1011.22,25.04,22.48
2024-09-20 01:00:00,1.272,3.2700000000000005,1011.5600000000001,24.55,22.259999999999998
2024-09-20 02:00:00,1.301,2.5,1011.95,23.32,22.02
2024-09-20 03:00:00,1.076,2.9299999999999997,1012.1299999999999,22.630000000000003,22.04
2024-09-20 04:00:00,0.693,3.54,1012.1300000000001,22.23,22.1
2024-09-20 05:00:00,0.258,1.81,1012.1800000000001,21.6,22.1
2024-09-20 06:00:00,-0.112,2.91,1012.0899999999999,21.479999999999997,22.1
2024-09-20 07:00:00,-0.41,3.3899999999999997,1012.15,21.29,22.009999999999998
2024-09-20 08:00:00,-0.551,3.88,1012.49,21.080000000000002,21.97
2024-09-20 09:00:00,-0.391,4.25,1013.04,20.89,21.98
2024-09-20 10:00:00,0.077,4.16,1013.5899999999999,20.669999999999998,21.889999999999997
2024-09-20 11:00:00,0.6,3.9899999999999998,1014.1,20.560000000000002,21.84
2024-09-20 12:00:00,1.053,3.8,1014.3700000000001,20.84,21.9
2024-09-20 13:00:00,1.385,4.08,1014.6800000000001,21.72,21.9
2024-09-20 14:00:00,1.552,4.3100000000000005,1014.95,22.56,21.9
2024-09-20 15:00:00,1.466,4.45,1014.8100000000001,23.07,21.9
2024-09-20 16:00:00,1.12,3.91,1014.5200000000001,23.72,21.9
2024-09-20 17:00:00,0.681,4.35,1014.1600000000001,24.2,21.9
2024-09-20 18:00:00,0.265,3.1100000000000003,1013.61,24.39,22.04
2024-09-20 19:00:00,-0.106,1.9100000000000001,1013.53,24.9,22.1
2024-09-20 20:00:00,-0.356,2.4899999999999998,1013.6899999999999,23.740000000000002,22.14
2024-09-20 21:00:00,-0.38,2.6,1014.3100000000001,23.18,22.369999999999997
2024-09-20 22:00:00,-0.083,4.82,1014.6700000000001,22.740000000000002,22.43
2024-09-20 23:00:00,0.283,4.34,1014.95,22.41,22.43
2024-09-21 00:00:00,0.717,4.18,1015.39,22.04,22.5
2024-09-21 01:00:00,1.074,4.27,1015.74,21.52,22.32
2024-09-21 02:00:00,1.333,4.32,1015.96,21.130000000000003,22.1
2024-09-21 03:00:00,1.392,4.85,1016.1,20.59,22.1
2024-09-21 04:00:00,1.17,4.6,1016.25,19.94,22.1
2024-09-21 05:00:00,0.743,4.35,1016.3399999999999,19.3,22.1
2024-09-21 06:00:00,0.315,4.04,1016.4399999999999,19.15,22.1
2024-09-21 07:00:00,-0.069,3.62,1016.61,18.759999999999998,22.07
2024-09-21 08:00:00,-0.333,3.65,1016.6600000000001,18.39,21.91
2024-09-21 09:00:00,-0.449,4.08,1016.6200000000001,18.240000000000002,21.98
2024-09-21 10:00:00,-0.261,3.5200000000000005,1016.6899999999999,18.369999999999997,22.0
2024-09-21 11:00:00,0.185,3.63,1016.9200000000001,18.91,21.79
2024-09-21 12:00:00,0.66,4.86,1016.9200000000001,19.6,21.7
2024-09-21 13:00:00,1.064,4.4399999999999995,1016.8100000000001,20.23,21.72
2024-09-21 14:00:00,1.389,3.47,1016.74,20.84,21.8
2024-09-21 15:00:00,1.531,3.59,1016.46,21.69,21.8
2024-09-21 16:00:00,1.445,2.8400000000000003,1016.0200000000001,22.27,21.8
2024-09-21 17:00:00,1.115,3.37,1015.43,22.630000000000003,21.8
2024-09-21 18:00:00,0.682,3.28,1014.89,22.65,21.8
2024-09-21 19:00:00,0.271,3.9899999999999998,1014.64,22.72,21.9
2024-09-21 20:00:00,-0.06,3.69,1014.7700000000001,23.06,22.21
2024-09-21 21:00:00,-0.257,4.720000000000001,1014.65,22.59,22.48
2024-09-21 22:00:00,-0.23,4.470000000000001,1015.1,22.22,22.5
2024-09-21 23:00:00,0.065,4.779999999999999,1015.28,21.55,22.5
2024-09-22 00:00:00,0.419,5.5600000000000005,1015.0200000000001,20.830000000000002,22.419999999999998
2024-09-22 01:00:00,0.762,4.37,1015.82,20.14,22.35
2024-09-22 02:00:00,1.045,4.83,1015.8299999999999,19.490000000000002,22.14
2024-09-22 03:00:00,1.207,4.29,1015.61,19.0,22.1
2024-09-22 04:00:00,1.199,4.529999999999999,1015.6899999999999,18.57,22.1
2024-09-22 05:00:00,0.985,4.41,1015.8799999999999,18.16,22.1
2024-09-22 06:00:00,0.636,3.38,1015.96,17.82,22.07
2024-09-22 07:00:00,0.253,3.4200000000000004,1015.89,17.6,21.919999999999998
2024-09-22 08:00:00,-0.072,4.0600000000000005,1015.6899999999999,17.59,22.0
2024-09-22 09:00:00,-0.28,3.9299999999999997,1015.85,17.619999999999997,21.919999999999998
2024-09-22 10:00:00,-0.304,3.63,1016.6200000000001,17.45,21.93
2024-09-22 11:00:00,-0.043,3.63,1017.11,17.38,21.9
2024-09-22 12:00:00,0.393,3.72,1017.0899999999999,17.35,21.740000000000002
2024-09-22 13:00:00,0.811,3.6399999999999997,1017.25,17.6,21.7
2024-09-22 14:00:00,1.164,2.9899999999999998,1017.22,18.25,21.7
2024-09-22 15:00:00,1.406,3.06,1017.36,18.89,21.73
2024-09-22 16:00:00,1.483,2.5300000000000002,1017.24,19.68,21.889999999999997
2024-09-22 17:00:00,1.355,3.4299999999999997,1016.89,20.09,21.9
2024-09-22 18:00:00,1.033,3.5799999999999996,1016.79,19.979999999999997,21.9
2024-09-22 19:00:00,0.637,4.2,1016.6,19.89,22.06
2024-09-22 20:00:00,0.266,4.6,1016.6200000000001,19.69,22.38
2024-09-22 21:00:00,-0.006,4.15,1016.82,19.509999999999998,22.47
2024-09-22 22:00:00,-0.124,3.44,1017.1299999999999,19.36,22.5
2024-09-22 23:00:00,-0.034,3.19,1017.1700000000001,19.43,22.5
2024-09-23 00:00:00,0.239,3.7600000000000002,1017.86,19.54,22.45
2024-09-23 01:00:00,0.523,4.5200000000000005,1017.9399999999999,19.34,22.38
2024-09-23 02:00:00,0.789,6.08,1018.0200000000001,18.71,22.080000000000002
2024-09-23 03:00:00,1.003,5.6899999999999995,1018.1899999999999,17.990000000000002,22.0
2024-09-23 04:00:00,1.174,5.0200000000000005,1018.26,17.55,22.0
2024-09-23 05:00:00,1.194,4.76,1018.39,17.21,22.0
2024-09-23 06:00:00,0.985,5.4,1017.79,17.0,22.0
2024-09-23 07:00:00,0.678,4.66,1017.8,16.869999999999997,22.0
2024-09-23 08:00:00,0.346,4.82,1017.8299999999999,16.72,21.95
2024-09-23 09:00:00,0.074,4.32,1018.0,16.59,21.73
2024-09-23 10:00:00,-0.074,4.14,1018.05,16.47,21.62
2024-09-23 11:00:00,-0.06,4.51,1018.2299999999999,16.6,21.560000000000002
2024-09-23 12:00:00,0.173,4.4,1018.85,16.84,21.630000000000003
2024-09-23 13:00:00,0.521,4.17,1019.3100000000001,17.2,21.64
2024-09-23 14:00:00,0.865,4.2700000000000005,1019.1600000000001,17.55,21.69
2024-09-23 15:00:00,1.136,2.92,1018.9100000000001,17.86,21.64
2024-09-23 16:00:00,1.304,3.1100000000000003,1018.5,18.169999999999998,21.77
2024-09-23 17:00:00,1.357,4.41,1018.1,18.41,21.8
2024-09-23 18:00:00,1.216,5.029999999999999,1017.7700000000001,18.369999999999997,21.79
2024-09-23 19:00:00,0.936,4.83,1017.8,18.160000000000004,21.72
2024-09-23 20:00:00,0.61,4.96,1018.07,18.060000000000002,21.7
2024-09-23 21:00:00,0.292,4.61,1018.32,17.669999999999998,21.7
2024-09-23 22:00:00,0.047,4.7299999999999995,1018.3799999999999,17.72,21.64
2024-09-23 23:00:00,-0.056,4.16,1018.46,17.71,21.59
2024-09-24 00:00:00,0.003,4.91,1018.97,18.0,21.419999999999998
2024-09-24 01:00:00,0.22,4.86,1018.9399999999999,17.96,21.330000000000002
2024-09-24 02:00:00,0.459,4.62,1019.1300000000001,17.81,21.34
2024-09-24 03:00:00,0.672,5.029999999999999,1019.15,17.72,21.31
2024-09-24 04:00:00,0.889,4.83,1019.2,17.69,21.2
2024-09-24 05:00:00,1.055,4.05,1019.25,17.48,21.31
2024-09-24 06:00:00,1.052,4.8,1019.39,17.18,21.4
2024-09-24 07:00:00,0.836,4.970000000000001,1019.4399999999999,16.96,21.39
2024-09-24 08:00:00,0.522,4.9399999999999995,1019.5200000000001,16.759999999999998,21.369999999999997
2024-09-24 09:00:00,0.271,4.79,1019.53,16.610000000000003,21.21
2024-09-24 10:00:00,0.08,3.9299999999999997,1020.15,16.45,21.16
2024-09-24 11:00:00,-0.035,3.96,1020.74,16.61,21.1
2024-09-24 12:00:00,-0.033,4.58,1021.0799999999999,16.740000000000002,21.18
2024-09-24 13:00:00,0.142,4.78,1021.22,17.14,21.29
2024-09-24 14:00:00,0.449,5.14,1021.07,17.82,21.2
2024-09-24 15:00:00,0.769,4.87,1021.24,18.11,21.3
2024-09-24 16:00:00,1.005,5.01,1021.3699999999999,18.23,21.32
2024-09-24 17:00:00,1.183,4.92,1021.5,18.36,21.34
2024-09-24 18:00:00,1.229,5.0600000000000005,1021.2299999999999,18.35,21.4
2024-09-24 19:00:00,1.103,5.54,1021.0799999999999,18.490000000000002,21.4
2024-09-24 20:00:00,0.812,5.8100000000000005,1020.7700000000001,18.69,21.4
2024-09-24 21:00:00,0.5,6.26,1020.8,18.130000000000003,21.4
2024-09-24 22:00:00,0.254,5.9,1020.8,17.96,21.35
2024-09-24 23:00:00,0.096,6.12,1020.8799999999999,17.9,21.3
2024-09-25 00:00:00,0.0,5.6899999999999995,1021.14,18.04,21.21
2024-09-25 01:00:00,0.024,6.5,1021.03,17.91,21.1
2024-09-25 02:00:00,0.138,6.87,1020.9799999999999,17.91,21.0
2024-09-25 03:00:00,0.345,6.14,1021.3799999999999,17.88,20.91
2024-09-25 04:00:00,0.598,6.1,1021.0799999999999,17.889999999999997,20.9
2024-09-25 05:00:00,0.839,6.12,1020.8799999999999,17.9,20.82
2024-09-25 06:00:00,0.968,6.319999999999999,1020.65,17.82,20.8
2024-09-25 07:00:00,0.921,5.4399999999999995,1020.82,17.759999999999998,20.8
2024-09-25 08:00:00,0.683,5.84,1020.6600000000001,17.71,20.8
2024-09-25 09:00:00,0.471,5.55,1020.53,17.8,20.77
2024-09-25 10:00:00,0.295,5.3,1021.01,17.91,20.7
2024-09-25 11:00:00,0.136,5.13,1021.75,18.04,20.7
2024-09-25 12:00:00,-0.016,5.529999999999999,1021.8,18.240000000000002,20.61
2024-09-25 13:00:00,-0.034,5.8,1022.2,18.36,20.55
2024-09-25 14:00:00,0.143,6.34,1022.29,18.490000000000002,20.6
2024-09-25 15:00:00,0.437,6.7,1022.11,18.83,20.66
2024-09-25 16:00:00,0.709,7.12,1021.9,18.79,20.78
2024-09-25 17:00:00,0.894,6.840000000000001,1021.8100000000001,18.740000000000002,20.8
2024-09-25 18:00:00,1.055,6.710000000000001,1021.5899999999999,18.75,20.8
2024-09-25 19:00:00,1.129,7.2700000000000005,1021.6299999999999,18.75,20.8
2024-09-25 20:00:00,1.031,7.56,1021.3299999999999,18.81,20.77
2024-09-25 21:00:00,0.778,6.859999999999999,1021.43,18.770000000000003,20.7
2024-09-25 22:00:00,0.527,6.82,1021.1200000000001,18.14,20.7
2024-09-25 23:00:00,0.287,5.96,1021.46,18.38,20.7
2024-09-26 00:00:00,0.093,5.67,1021.6899999999999,18.61,20.69
2024-09-26 01:00:00,-0.034,5.7299999999999995,1021.5799999999999,18.73,20.580000000000002
2024-09-26 02:00:00,-0.054,5.76,1020.99,18.81,20.5
2024-09-26 03:00:00,0.061,4.55,1020.99,18.990000000000002,20.5
2024-09-26 04:00:00,0.268,4.43,1020.6899999999999,19.169999999999998,20.59
2024-09-26 05:00:00,0.529,4.13,1020.29,19.330000000000002,20.6
2024-09-26 06:00:00,0.734,3.71,1019.97,19.4,20.560000000000002
2024-09-26 07:00:00,0.85,4.2,1019.45,19.55,20.53
2024-09-26 08:00:00,0.823,4.29,1019.3700000000001,19.73,20.6
2024-09-26 09:00:00,0.675,3.8200000000000003,1019.49,19.919999999999998,20.6
2024-09-26 10:00:00,0.489,3.13,1019.55,20.0,20.55
2024-09-26 11:00:00,0.323,3.13,1019.7,20.07,20.59
2024-09-26 12:00:00,0.135,4.21,1019.3700000000001,20.33,20.54
2024-09-26 13:00:00,-0.035,4.38,1019.6,20.439999999999998,20.6
2024-09-26 14:00:00,-0.062,4.08,1019.55,20.55,20.6
2024-09-26 15:00:00,0.089,4.83,1019.3100000000001,20.8,20.6
2024-09-26 16:00:00,0.358,4.95,1018.78,21.03,20.62
2024-09-26 17:00:00,0.646,2.96,1018.39,21.95,20.7
2024-09-26 18:00:00,0.844,3.3600000000000003,1017.7299999999999,22.4,20.82
2024-09-26 19:00:00,0.953,3.95,1017.2299999999999,22.759999999999998,20.9
2024-09-26 20:00:00,0.987,2.62,1016.96,23.220000000000002,20.9
2024-09-26 21:00:00,0.898,3.9799999999999995,1016.8399999999999,23.34,20.86
2024-09-26 22:00:00,0.727,4.029999999999999,1017.1800000000001,22.96,20.93
2024-09-26 23:00:00,0.485,3.2,1017.3,22.6,21.0
2024-09-27 00:00:00,0.237,3.09,1017.35,22.71,20.9
2024-09-27 01:00:00,-0.007,3.65,1017.32,22.35,20.9
2024-09-27 02:00:00,-0.17,3.7600000000000002,1016.95,22.12,20.9
2024-09-27 03:00:00,-0.207,1.6600000000000001,1016.85,21.91,20.9
2024-09-27 04:00:00,-0.035,1.6,1016.51,21.79,20.9
2024-09-27 05:00:00,0.213,2.23,1016.5899999999999,21.490000000000002,20.9
2024-09-27 06:00:00,0.495,1.6,1016.3299999999999,21.85,20.9
2024-09-27 07:00:00,0.659,0.38,1015.9799999999999,21.65,20.9
2024-09-27 08:00:00,0.771,4.15,1016.2,19.94,20.9
2024-09-27 09:00:00,0.8,5.04,1016.5200000000001,18.81,20.830000000000002
2024-09-27 10:00:00,0.715,3.97,1016.8,18.66,20.8
2024-09-27 11:00:00,0.521,3.07,1017.2299999999999,19.009999999999998,20.8
2024-09-27 12:00:00,0.281,3.22,1017.6899999999999,19.32,20.8
2024-09-27 13:00:00,0.065,3.16,1017.9399999999999,19.48,20.8
2024-09-27 14:00:00,-0.064,3.06,1018.2700000000001,19.14,20.8
2024-09-27 15:00:00,-0.072,3.91,1017.89,19.2,20.8
2024-09-27 16:00:00,0.029,3.7,1017.76,19.66,20.8
2024-09-27 17:00:00,0.276,3.9200000000000004,1017.15,19.830000000000002,20.85
2024-09-27 18:00:00,0.557,3.8,1016.28,19.86,20.9
2024-09-27 19:00:00,0.781,3.54,1016.14,19.81,20.9
2024-09-27 20:00:00,0.943,3.21,1015.9,19.85,20.9
2024-09-27 21:00:00,0.985,3.6799999999999997,1015.5200000000001,19.77,20.9
2024-09-27 22:00:00,0.89,3.3899999999999997,1015.3700000000001,19.68,20.9
2024-09-27 23:00:00,0.705,3.6100000000000003,1015.32,19.490000000000002,20.9
2024-09-28 00:00:00,0.483,3.8600000000000003,1015.54,19.490000000000002,20.84
2024-09-28 01:00:00,0.202,4.51,1015.6200000000001,19.610000000000003,20.8
2024-09-28 02:00:00,-0.015,4.279999999999999,1015.78,19.46,20.8
2024-09-28 03:00:00,-0.211,4.33,1015.9799999999999,19.110000000000003,20.77
2024-09-28 04:00:00,-0.233,4.71,1015.4399999999999,19.32,20.75
2024-09-28 05:00:00,0.001,4.46,1015.3,19.44,20.8
2024-09-28 06:00:00,0.226,5.5,1014.5600000000001,19.28,20.740000000000002
2024-09-28 07:00:00,0.481,6.859999999999999,1013.6600000000001,19.55,20.7
2024-09-28 08:00:00,0.686,7.49,1013.3299999999999,19.55,20.7
2024-09-28 09:00:00,0.866,7.140000000000001,1013.28,19.419999999999998,20.7
2024-09-28 10:00:00,0.918,7.13,1013.5600000000001,19.19,20.68
2024-09-28 11:00:00,0.858,7.4,1014.04,18.85,20.6
2024-09-28 12:00:00,0.618,7.75,1014.1700000000001,18.72,20.610000000000003
2024-09-28 13:00:00,0.34,8.209999999999999,1014.1300000000001,18.78,20.610000000000003
2024-09-28 14:00:00,0.136,8.74,1013.79,18.94,20.6
2024-09-28 15:00:00,0.006,8.67,1013.89,18.79,20.6
2024-09-28 16:00:00,0.0,8.65,1013.7700000000001,18.560000000000002,20.6
2024-09-28 17:00:00,0.159,9.6,1013.1899999999999,18.2,20.6
2024-09-28 18:00:00,0.436,9.290000000000001,1013.07,17.84,20.6
2024-09-28 19:00:00,0.703,9.93,1013.2,17.61,20.6
2024-09-28 20:00:00,0.917,10.15,1013.4399999999999,17.259999999999998,20.6
2024-09-28 21:00:00,1.054,10.66,1013.54,17.39,20.52
2024-09-28 22:00:00,1.113,10.879999999999999,1013.74,17.740000000000002,20.5
2024-09-28 23:00:00,1.11,10.11,1014.24,17.919999999999998,20.5
2024-09-29 00:00:00,0.95,9.25,1015.03,17.95,20.41
2024-09-29 01:00:00,0.672,8.65,1015.4200000000001,18.02,20.4
2024-09-29 02:00:00,0.372,8.8,1015.6899999999999,18.119999999999997,20.4
2024-09-29 03:00:00,0.074,8.17,1015.9799999999999,17.81,20.4
2024-09-29 04:00:00,-0.099,7.4,1016.28,17.55,20.32
2024-09-29 05:00:00,-0.09,7.32,1016.11,17.61,20.25
2024-09-29 06:00:00,0.115,5.62,1015.8399999999999,17.31,20.2
2024-09-29 07:00:00,0.4,5.55,1015.4799999999999,16.880000000000003,20.240000000000002
2024-09-29 08:00:00,0.669,5.6,1015.4799999999999,16.7,20.36
2024-09-29 09:00:00,0.895,4.5600000000000005,1015.93,16.53,20.4
2024-09-29 10:00:00,1.03,4.7,1016.11,16.16,20.32
2024-09-29 11:00:00,1.018,5.17,1016.2700000000001,16.060000000000002,20.3
2024-09-29 12:00:00,0.878,4.86,1016.5899999999999,16.1,20.3
2024-09-29 13:00:00,0.648,4.59,1017.0,16.04,20.3
2024-09-29 14:00:00,0.386,4.62,1017.3100000000001,16.28,20.240000000000002
2024-09-29 15:00:00,0.156,5.62,1017.4100000000001,16.7,20.16
2024-09-29 16:00:00,-0.046,5.87,1017.3700000000001,16.82,20.1
2024-09-29 17:00:00,-0.107,6.34,1017.07,16.91,20.1
2024-09-29 18:00:00,0.067,6.13,1016.74,16.830000000000002,20.1
2024-09-29 19:00:00,0.381,6.3100000000000005,1016.5899999999999,16.6,20.130000000000003
2024-09-29 20:00:00,0.727,5.75,1016.61,16.4,20.16
2024-09-29 21:00:00,0.962,5.65,1016.54,16.35,20.1
2024-09-29 22:00:00,1.085,5.04,1016.5799999999999,16.59,20.1
2024-09-29 23:00:00,1.076,4.34,1016.6300000000001,17.19,20.1
2024-09-30 00:00:00,0.933,3.44,1016.96,17.14,20.1
2024-09-30 01:00:00,0.666,3.09,1017.2299999999999,17.259999999999998,20.1
2024-09-30 02:00:00,0.354,4.05,1017.26,17.25,20.1
2024-09-30 03:00:00,0.059,4.1,1017.2299999999999,17.36,20.09
2024-09-30 04:00:00,-0.178,4.0200000000000005,1016.97,17.38,20.0
2024-09-30 05:00:00,-0.294,3.75,1016.8399999999999,17.35,19.939999999999998
2024-09-30 06:00:00,-0.239,3.0300000000000002,1016.64,17.28,19.95
2024-09-30 07:00:00,0.034,2.71,1016.39,17.32,20.0
2024-09-30 08:00:00,0.365,3.34,1016.2700000000001,17.43,19.9
2024-09-30 09:00:00,0.685,3.7,1016.49,17.240000000000002,19.9
2024-09-30 10:00:00,0.925,4.18,1017.03,17.080000000000002,19.9
2024-09-30 11:00:00,1.051,3.46,1017.54,17.19,19.82
2024-09-30 12:00:00,0.985,3.71,1017.96,17.4,19.8
2024-09-30 13:00:00,0.721,4.779999999999999,1018.18,17.8,19.8
2024-09-30 14:00:00,0.411,4.52,1018.18,18.34,19.86
2024-09-30 15:00:00,0.143,4.5200000000000005,1018.28,18.93,19.9
2024-09-30 16:00:00,-0.075,2.57,1018.43,19.419999999999998,19.9
2024-09-30 17:00:00,-0.217,3.3899999999999997,1017.96,19.81,19.9
2024-09-30 18:00:00,-0.182,4.5,1017.54,19.73,20.06
2024-09-30 19:00:00,0.068,5.42,1017.45,19.669999999999998,20.25
2024-09-30 20:00:00,0.421,5.5600000000000005,1017.4200000000001,19.27,20.110000000000003
2024-09-30 21:00:00,0.769,4.84,1017.82,18.759999999999998,20.14
2024-09-30 22:00:00,1.003,4.7700000000000005,1018.11,18.740000000000002,20.2
2024-09-30 23:00:00,1.101,4.12,1018.0899999999999,18.57,20.2
2024-10-01 00:00:00,1.034,4.61,1018.3299999999999,18.34,20.15
2024-10-01 01:00:00,0.821,4.880000000000001,1018.39,18.330000000000002,20.1
2024-10-01 02:00:00,0.509,4.59,1018.36,18.32,20.1
2024-10-01 03:00:00,0.214,4.42,1018.43,18.25,20.09
2024-10-01 04:00:00,-0.053,4.5200000000000005,1018.47,17.720000000000002,20.0
2024-10-01 05:00:00,-0.236,3.5799999999999996,1018.54,17.6,20.0
2024-10-01 06:00:00,-0.326,4.619999999999999,1018.3700000000001,17.29,19.9
2024-10-01 07:00:00,-0.184,5.0200000000000005,1017.8700000000001,17.130000000000003,19.9
2024-10-01 08:00:00,0.13,4.6899999999999995,1017.76,17.060000000000002,19.93
2024-10-01 09:00:00,0.519,4.319999999999999,1017.9100000000001,16.9,19.96
2024-10-01 10:00:00,0.823,4.720000000000001,1017.9200000000001,17.020000000000003,20.0
2024-10-01 11:00:00,1.011,5.36,1018.0899999999999,17.020000000000003,19.919999999999998
2024-10-01 12:00:00,1.065,6.13,1018.3700000000001,17.35,19.9
2024-10-01 13:00:00,0.946,6.17,1018.6,17.56,19.8
2024-10-01 14:00:00,0.691,6.0,1018.75,18.02,19.8
2024-10-01 15:00:00,0.39,5.9399999999999995,1018.71,17.97,19.8
2024-10-01 16:00:00,0.094,6.720000000000001,1018.4799999999999,18.34,19.8
2024-10-01 17:00:00,-0.132,6.7700000000000005,1018.14,18.69,19.869999999999997
2024-10-01 18:00:00,-0.222,6.49,1017.5,18.759999999999998,19.9
2024-10-01 19:00:00,-0.102,6.42,1017.25,18.79,19.9
2024-10-01 20:00:00,0.21,6.2700000000000005,1017.25,18.919999999999998,19.91
2024-10-01 21:00:00,0.573,6.14,1017.1299999999999,18.65,20.0
2024-10-01 22:00:00,0.871,6.840000000000001,1016.89,18.35,19.990000000000002
2024-10-01 23:00:00,1.067,6.220000000000001,1016.6899999999999,18.12,19.9
2024-10-02 00:00:00,1.149,6.57,1016.7700000000001,17.919999999999998,19.9
2024-10-02 01:00:00,1.041,6.26,1016.8399999999999,17.889999999999997,19.9
2024-10-02 02:00:00,0.818,6.25,1017.04,17.82,19.82
2024-10-02 03:00:00,0.511,6.220000000000001,1016.82,17.61,19.8
2024-10-02 04:00:00,0.241,6.6,1016.6600000000001,17.580000000000002,19.8
2024-10-02 05:00:00,-0.012,6.909999999999999,1016.28,17.3,19.73
2024-10-02 06:00:00,-0.147,6.21,1016.0600000000001,16.990000000000002,19.7
2024-10-02 07:00:00,-0.153,6.0600000000000005,1015.82,16.69,19.6
2024-10-02 08:00:00,0.084,5.59,1015.82,16.48,19.5
2024-10-02 09:00:00,0.448,4.84,1016.01,15.959999999999999,19.52
2024-10-02 10:00:00,0.787,5.0200000000000005,1016.14,16.020000000000003,19.6
2024-10-02 11:00:00,1.052,4.55,1016.39,16.11,19.59
2024-10-02 12:00:00,1.174,4.83,1016.7,16.44,19.509999999999998
2024-10-02 13:00:00,1.145,4.21,1016.9200000000001,16.69,19.5
2024-10-02 14:00:00,0.951,4.3,1017.0600000000001,17.23,19.57
2024-10-02 15:00:00,0.646,4.2299999999999995,1017.2299999999999,17.69,19.580000000000002
2024-10-02 16:00:00,0.319,3.95,1017.03,17.869999999999997,19.610000000000003
2024-10-02 17:00:00,0.024,3.2299999999999995,1016.75,18.05,19.830000000000002
2024-10-02 18:00:00,-0.2,3.94,1016.15,18.119999999999997,19.95
2024-10-02 19:00:00,-0.242,3.08,1016.3100000000001,18.19,20.07
2024-10-02 20:00:00,-0.033,3.1100000000000003,1016.21,17.75,20.16
2024-10-02 21:00:00,0.33,2.8099999999999996,1016.25,17.759999999999998,20.02
2024-10-02 22:00:00,0.692,1.6,1016.6600000000001,17.59,19.919999999999998
2024-10-02 23:00:00,0.956,1.59,1016.89,17.54,20.0
2024-10-03 00:00:00,1.07,1.8699999999999999,1017.3399999999999,17.490000000000002,20.0
2024-10-03 01:00:00,1.037,1.97,1017.7,17.5,20.0
2024-10-03 02:00:00,0.846,2.0,1018.0899999999999,17.44,19.939999999999998
2024-10-03 03:00:00,0.556,1.75,1018.0799999999999,17.39,19.9
2024-10-03 04:00:00,0.271,1.9900000000000002,1018.05,17.580000000000002,19.9
2024-10-03 05:00:00,0.014,1.48,1018.24,17.6,19.9
2024-10-03 06:00:00,-0.214,1.77,1018.07,17.53,19.82
2024-10-03 07:00:00,-0.318,1.1300000000000001,1018.35,17.509999999999998,19.8
2024-10-03 08:00:00,-0.213,0.5599999999999999,1018.8700000000001,17.57,19.82
2024-10-03 09:00:00,0.137,0.41,1019.47,17.580000000000002,19.81
2024-10-03 10:00:00,0.547,0.64,1020.1,17.630000000000003,19.8
2024-10-03 11:00:00,0.874,0.8699999999999999,1020.71,17.720000000000002,19.7
2024-10-03 12:00:00,1.051,1.19,1021.26,17.91,19.7
2024-10-03 13:00:00,1.077,1.0699999999999998,1021.74,18.14,19.7
2024-10-03 14:00:00,0.954,1.6300000000000001,1021.72,18.21,19.759999999999998
2024-10-03 15:00:00,0.683,0.72,1021.6600000000001,18.619999999999997,19.8
2024-10-03 16:00:00,0.354,0.6100000000000001,1021.57,19.2,19.869999999999997
2024-10-03 17:00:00,0.047,1.8800000000000001,1021.26,19.56,20.11
2024-10-03 18:00:00,-0.225,3.19,1021.0,19.29,20.34
2024-10-03 19:00:00,-0.385,3.4799999999999995,1020.79,19.56,20.54
2024-10-03 20:00:00,-0.36,4.68,1020.72,19.509999999999998,20.59
2024-10-03 21:00:00,-0.061,4.99,1020.9,19.19,20.72
2024-10-03 22:00:00,0.338,5.5200000000000005,1021.35,18.78,20.4
2024-10-03 23:00:00,0.682,5.63,1021.57,18.48,20.28
2024-10-04 00:00:00,0.887,4.470000000000001,1022.1700000000001,18.32,20.22
2024-10-04 01:00:00,0.94,3.6,1022.55,18.23,20.2
2024-10-04 02:00:00,0.8,3.6799999999999997,1022.8799999999999,18.22,20.2
2024-10-04 03:00:00,0.538,2.66,1023.21,17.86,20.15
2024-10-04 04:00:00,0.234,1.5699999999999998,1023.3699999999999,17.45,20.1
2024-10-04 05:00:00,-0.016,2.73,1023.47,17.31,20.09
2024-10-04 06:00:00,-0.229,2.5300000000000002,1023.29,17.04,20.0
2024-10-04 07:00:00,-0.388,2.2399999999999998,1023.3299999999999,16.9,20.0
2024-10-04 08:00:00,-0.405,1.58,1023.43,16.759999999999998,20.0
2024-10-04 09:00:00,-0.158,0.7100000000000001,1023.5899999999999,16.52,19.97
2024-10-04 10:00:00,0.234,0.42000000000000004,1023.9100000000001,16.18,19.869999999999997
2024-10-04 11:00:00,0.604,1.1800000000000002,1024.25,16.77,19.8
2024-10-04 12:00:00,0.863,1.29,1024.44,17.35,19.78
2024-10-04 13:00:00,1.002,0.8300000000000001,1024.51,17.93,19.7
2024-10-04 14:00:00,0.99,0.6799999999999999,1024.3799999999999,19.2,19.72
2024-10-04 15:00:00,0.799,3.1100000000000003,1023.96,20.34,19.880000000000003
2024-10-04 16:00:00,0.465,4.220000000000001,1023.6,20.28,20.21
2024-10-04 17:00:00,0.119,4.64,1023.15,20.18,20.48
2024-10-04 18:00:00,-0.188,5.16,1022.7,19.880000000000003,20.7
2024-10-04 19:00:00,-0.379,6.01,1022.0899999999999,19.6,20.9
2024-10-04 20:00:00,-0.44,6.109999999999999,1021.76,19.52,20.9
2024-10-04 21:00:00,-0.255,5.9399999999999995,1021.65,19.46,20.82
2024-10-04 22:00:00,0.082,5.1899999999999995,1021.78,19.439999999999998,20.78
2024-10-04 23:00:00,0.44,4.54,1021.8399999999999,19.419999999999998,20.5
2024-10-05 00:00:00,0.711,2.31,1021.64,19.169999999999998,20.3
2024-10-05 01:00:00,0.866,2.3600000000000003,1021.68,19.369999999999997,20.3
2024-10-05 02:00:00,0.856,2.91,1021.79,18.94,20.29
2024-10-05 03:00:00,0.657,1.64,1021.53,17.990000000000002,20.2
2024-10-05 04:00:00,0.381,1.6199999999999999,1021.1299999999999,18.11,20.2
2024-10-05 05:00:00,0.133,2.1,1021.03,18.6,20.2
2024-10-05 06:00:00,-0.103,1.6,1020.64,18.21,20.2
2024-10-05 07:00:00,-0.299,1.95,1020.22,18.11,20.169999999999998
2024-10-05 08:00:00,-0.395,2.2800000000000002,1020.25,17.95,20.1
2024-10-05 09:00:00,-0.244,2.4699999999999998,1020.3799999999999,17.65,20.1
2024-10-05 10:00:00,0.079,2.63,1020.26,17.729999999999997,20.03
2024-10-05 11:00:00,0.46,3.46,1020.95,17.880000000000003,19.93
2024-10-05 12:00:00,0.756,2.82,1021.51,18.369999999999997,19.72
2024-10-05 13:00:00,0.943,3.12,1021.95,19.34,19.7
2024-10-05 14:00:00,1.006,4.1,1022.22,19.830000000000002,19.71
2024-10-05 15:00:00,0.935,4.41,1022.1899999999999,20.509999999999998,19.8
2024-10-05 16:00:00,0.657,4.29,1021.9799999999999,21.4,19.8
2024-10-05 17:00:00,0.298,4.05,1021.49,21.96,19.8
2024-10-05 18:00:00,-0.023,3.8200000000000003,1021.18,22.55,19.889999999999997
2024-10-05 19:00:00,-0.267,3.5200000000000005,1020.75,22.72,19.990000000000002
2024-10-05 20:00:00,-0.418,2.9,1020.54,22.93,20.0
2024-10-05 21:00:00,-0.367,1.98,1020.57,22.7,20.0
2024-10-05 22:00:00,-0.072,1.2,1020.76,21.35,20.0
2024-10-05 23:00:00,0.267,1.8399999999999999,1021.0799999999999,20.25,20.060000000000002
2024-10-06 00:00:00,0.537,2.95,1021.46,20.18,20.0
2024-10-06 01:00:00,0.684,2.84,1021.6200000000001,19.73,20.0
2024-10-06 02:00:00,0.735,2.93,1021.8399999999999,19.259999999999998,19.98
2024-10-06 03:00:00,0.689,2.7600000000000002,1022.01,18.69,19.9
2024-10-06 04:00:00,0.535,2.44,1021.85,18.21,19.990000000000002
2024-10-06 05:00:00,0.302,2.52,1021.8299999999999,17.71,19.95
2024-10-06 06:00:00,0.063,2.4400000000000004,1021.68,17.21,19.88
2024-10-06 07:00:00,-0.198,2.67,1021.4200000000001,16.740000000000002,19.8
2024-10-06 08:00:00,-0.364,2.58,1021.26,16.560000000000002,19.7
2024-10-06 09:00:00,-0.331,2.67,1021.46,16.169999999999998,19.72
2024-10-06 10:00:00,-0.067,2.69,1021.4200000000001,15.65,19.81
2024-10-06 11:00:00,0.297,2.37,1021.4,15.63,19.65
2024-10-06 12:00:00,0.636,3.2299999999999995,1021.36,16.22,19.6
2024-10-06 13:00:00,0.876,3.38,1021.51,16.68,19.6
2024-10-06 14:00:00,1.024,2.92,1021.51,16.95,19.6
2024-10-06 15:00:00,1.035,3.2399999999999998,1021.25,17.630000000000003,19.62
2024-10-06 16:00:00,0.873,4.13,1020.51,18.22,19.7
2024-10-06 17:00:00,0.558,4.87,1019.4100000000001,18.65,19.8
2024-10-06 18:00:00,0.228,5.37,1018.46,18.77,20.05
2024-10-06 19:00:00,-0.06,6.029999999999999,1017.47,18.89,20.34
2024-10-06 20:00:00,-0.25,5.89,1016.8399999999999,18.95,20.4
2024-10-06 21:00:00,-0.332,5.08,1016.4399999999999,18.97,20.330000000000002
2024-10-06 22:00:00,-0.186,5.14,1016.11,18.71,20.3
2024-10-06 23:00:00,0.1,4.970000000000001,1015.53,18.669999999999998,20.21
2024-10-07 00:00:00,0.406,8.290000000000001,1014.72,19.14,20.12
2024-10-07 01:00:00,0.62,7.0,1014.54,19.009999999999998,20.1
2024-10-07 02:00:00,0.749,7.5,1013.97,18.740000000000002,20.03
2024-10-07 03:00:00,0.804,6.720000000000001,1013.99,18.07,19.990000000000002
2024-10-07 04:00:00,0.745,6.09,1013.7700000000001,17.78,19.9
2024-10-07 05:00:00,0.555,6.540000000000001,1013.6,17.619999999999997,19.84
2024-10-07 06:00:00,0.267,6.93,1012.96,18.07,19.71
2024-10-07 07:00:00,0.008,7.51,1011.9,18.369999999999997,19.69
2024-10-07 08:00:00,-0.203,8.15,1010.76,18.73,19.580000000000002
2024-10-07 09:00:00,-0.273,8.040000000000001,1010.4200000000001,19.02,19.5
2024-10-07 10:00:00,-0.131,7.07,1010.3299999999999,19.03,19.5
2024-10-07 11:00:00,0.192,6.81,1010.3299999999999,18.77,19.5
2024-10-07 12:00:00,0.523,7.2299999999999995,1010.3,18.71,19.509999999999998
2024-10-07 13:00:00,0.81,6.3,1010.39,18.669999999999998,19.580000000000002
2024-10-07 14:00:00,0.955,5.83,1010.47,18.8,19.5
2024-10-07 15:00:00,1.025,5.83,1010.4,19.32,19.5
2024-10-07 16:00:00,0.969,3.44,1010.1700000000001,20.21,19.52
2024-10-07 17:00:00,0.753,3.41,1009.53,21.27,19.65
2024-10-07 18:00:00,0.465,6.0,1009.28,22.3,19.78
2024-10-07 19:00:00,0.183,6.58,1009.3100000000001,22.15,19.96
2024-10-07 20:00:00,-0.082,6.909999999999999,1009.6600000000001,21.85,20.15
2024-10-07 21:00:00,-0.248,7.209999999999999,1010.07,21.11,20.1
2024-10-07 22:00:00,-0.277,6.55,1010.64,20.23,20.05
2024-10-07 23:00:00,-0.113,6.24,1011.14,19.55,20.1
2024-10-08 00:00:00,0.142,6.5,1011.64,18.96,20.0
2024-10-08 01:00:00,0.379,5.99,1012.35,18.009999999999998,19.93
2024-10-08 02:00:00,0.541,5.75,1012.76,17.19,19.9
2024-10-08 03:00:00,0.638,4.99,1013.14,16.5,19.8
2024-10-08 04:00:00,0.692,3.6699999999999995,1013.25,15.919999999999998,19.71
2024-10-08 05:00:00,0.637,3.65,1013.35,15.75,19.7
2024-10-08 06:00:00,0.449,4.17,1013.24,15.27,19.610000000000003
2024-10-08 07:00:00,0.191,3.1399999999999997,1012.8100000000001,14.580000000000002,19.6
2024-10-08 08:00:00,-0.02,3.87,1013.03,14.38,19.509999999999998
2024-10-08 09:00:00,-0.146,4.32,1013.3100000000001,14.030000000000001,19.5
2024-10-08 10:00:00,-0.155,5.1,1013.7299999999999,13.669999999999998,19.57
2024-10-08 11:00:00,0.027,5.7,1014.0200000000001,13.209999999999999,19.39
2024-10-08 12:00:00,0.283,5.5200000000000005,1014.45,13.23,19.23
2024-10-08 13:00:00,0.566,4.029999999999999,1014.86,14.0,19.2
2024-10-08 14:00:00,0.789,4.21,1014.89,15.25,19.2
2024-10-08 15:00:00,0.941,3.3200000000000003,1014.5600000000001,15.819999999999999,19.2
2024-10-08 16:00:00,1.006,3.3200000000000003,1013.99,16.1,19.29
2024-10-08 17:00:00,0.915,3.69,1013.4100000000001,17.169999999999998,19.369999999999997
2024-10-08 18:00:00,0.669,4.46,1012.65,18.009999999999998,19.610000000000003
2024-10-08 19:00:00,0.363,4.34,1012.35,18.94,19.7
2024-10-08 20:00:00,0.099,4.3100000000000005,1012.1200000000001,19.46,19.71
2024-10-08 21:00:00,-0.098,6.14,1012.2,19.48,19.8
2024-10-08 22:00:00,-0.2,5.34,1012.43,19.21,19.72
2024-10-08 23:00:00,-0.153,4.11,1012.9,18.630000000000003,19.7
2024-10-09 00:00:00,0.002,4.54,1013.3299999999999,17.84,19.64
2024-10-09 01:00:00,0.203,5.1,1013.65,17.65,19.48
2024-10-09 02:00:00,0.359,5.11,1013.85,17.04,19.4
2024-10-09 03:00:00,0.506,5.63,1013.89,16.82,19.4
2024-10-09 04:00:00,0.604,4.970000000000001,1013.6200000000001,16.23,19.35
2024-10-09 05:00:00,0.642,5.6899999999999995,1013.6899999999999,15.7,19.16
2024-10-09 06:00:00,0.531,6.6,1013.6800000000001,15.469999999999999,18.93
2024-10-09 07:00:00,0.308,5.5200000000000005,1013.5200000000001,15.11,18.9
2024-10-09 08:00:00,0.087,5.0600000000000005,1013.55,14.62,18.9
2024-10-09 09:00:00,-0.087,4.75,1013.72,14.27,18.9
2024-10-09 10:00:00,-0.155,5.15,1014.0,14.069999999999999,18.9
2024-10-09 11:00:00,-0.118,4.29,1014.28,14.290000000000001,18.869999999999997
2024-10-09 12:00:00,0.06,3.0100000000000002,1014.46,14.559999999999999,18.8
2024-10-09 13:00:00,0.32,2.73,1014.5600000000001,14.74,18.759999999999998
2024-10-09 14:00:00,0.584,1.75,1014.35,15.5,18.73
2024-10-09 15:00:00,0.785,1.65,1013.8299999999999,16.41,18.880000000000003
2024-10-09 16:00:00,0.918,2.46,1013.18,16.81,18.98
2024-10-09 17:00:00,0.964,3.7600000000000002,1012.3299999999999,17.96,18.9
2024-10-09 18:00:00,0.865,4.39,1011.8700000000001,17.630000000000003,18.97
2024-10-09 19:00:00,0.622,5.220000000000001,1011.5600000000001,17.56,19.31
2024-10-09 20:00:00,0.328,4.220000000000001,1011.47,19.09,19.560000000000002
2024-10-09 21:00:00,0.077,7.610000000000001,1011.4799999999999,19.580000000000002,19.59
2024-10-09 22:00:00,-0.088,7.33,1012.24,18.59,19.46
2024-10-09 23:00:00,-0.188,5.18,1013.3,18.03,19.47
2024-10-10 00:00:00,-0.162,5.24,1013.89,17.740000000000002,19.439999999999998
2024-10-10 01:00:00,-0.02,5.11,1014.1200000000001,16.73,19.36
2024-10-10 02:00:00,0.137,7.57,1014.49,16.81,19.23
2024-10-10 03:00:00,0.271,8.86,1015.1,15.469999999999999,19.09
2024-10-10 04:00:00,0.424,8.120000000000001,1015.65,14.09,18.91
2024-10-10 05:00:00,0.541,8.45,1015.57,13.190000000000001,18.9
2024-10-10 06:00:00,0.526,7.9,1015.68,12.59,18.86
2024-10-10 07:00:00,0.392,7.62,1015.8100000000001,11.790000000000001,18.77
2024-10-10 08:00:00,0.127,7.659999999999999,1016.15,11.09,18.65
2024-10-10 09:00:00,-0.11,7.540000000000001,1016.6700000000001,10.620000000000001,18.490000000000002
2024-10-10 10:00:00,-0.183,6.56,1017.3,10.17,18.41
2024-10-10 11:00:00,-0.136,6.0600000000000005,1018.2,10.059999999999999,18.389999999999997
2024-10-10 12:00:00,-0.064,5.82,1019.0,10.370000000000001,18.25
2024-10-10 13:00:00,0.095,6.85,1019.3799999999999,10.86,18.18
2024-10-10 14:00:00,0.279,5.5,1019.57,11.51,18.1
2024-10-10 15:00:00,0.45,5.6,1019.49,12.290000000000001,18.1
2024-10-10 16:00:00,0.61,5.35,1019.04,13.059999999999999,18.16
2024-10-10 17:00:00,0.778,5.54,1018.25,14.15,18.2
2024-10-10 18:00:00,0.854,6.32,1017.74,14.809999999999999,18.3
2024-10-10 19:00:00,0.786,6.69,1017.4,15.530000000000001,18.46
2024-10-10 20:00:00,0.537,7.85,1017.14,15.99,18.5
2024-10-10 21:00:00,0.213,7.69,1017.43,15.719999999999999,18.46
2024-10-10 22:00:00,-0.051,6.69,1018.05,15.080000000000002,18.38
2024-10-10 23:00:00,-0.241,7.8,1018.8299999999999,14.330000000000002,18.3
2024-10-11 00:00:00,-0.295,8.36,1019.74,13.48,18.240000000000002
2024-10-11 01:00:00,-0.28,6.75,1020.28,12.66,18.3
2024-10-11 02:00:00,-0.155,5.25,1020.65,12.040000000000001,18.18
2024-10-11 03:00:00,0.019,6.2700000000000005,1020.6600000000001,11.5,18.05
2024-10-11 04:00:00,0.209,5.51,1020.61,10.940000000000001,17.97
2024-10-11 05:00:00,0.425,4.86,1020.49,10.559999999999999,17.830000000000002
2024-10-11 06:00:00,0.595,4.7700000000000005,1020.4799999999999,10.24,17.75
2024-10-11 07:00:00,0.598,3.8899999999999997,1020.1200000000001,9.97,17.7
2024-10-11 08:00:00,0.442,2.8899999999999997,1020.0,9.809999999999999,17.669999999999998
2024-10-11 09:00:00,0.221,3.6799999999999997,1020.32,9.89,17.580000000000002
2024-10-11 10:00:00,0.021,4.2700000000000005,1020.6700000000001,10.1,17.43
2024-10-11 11:00:00,-0.1,5.4,1020.9100000000001,9.690000000000001,17.3
2024-10-11 12:00:00,-0.184,7.159999999999999,1020.89,10.370000000000001,17.3
2024-10-11 13:00:00,-0.192,7.49,1020.74,11.209999999999999,17.23
2024-10-11 14:00:00,-0.075,5.9,1020.46,12.0,17.2
2024-10-11 15:00:00,0.152,4.840000000000001,1019.95,12.87,17.22
2024-10-11 16:00:00,0.411,5.92,1019.15,14.16,17.36
2024-10-11 17:00:00,0.595,6.529999999999999,1018.0200000000001,16.3,17.53
2024-10-11 18:00:00,0.731,7.590000000000001,1016.9799999999999,17.580000000000002,17.65
2024-10-11 19:00:00,0.755,7.19,1016.5,18.22,17.740000000000002
2024-10-11 20:00:00,0.656,7.220000000000001,1015.96,18.85,17.8
2024-10-11 21:00:00,0.445,7.109999999999999,1015.6600000000001,18.95,17.8
2024-10-11 22:00:00,0.171,5.71,1015.61,18.66,17.8
2024-10-11 23:00:00,-0.054,6.14,1015.76,18.259999999999998,17.73
2024-10-12 00:00:00,-0.276,6.63,1015.6899999999999,17.59,17.7
2024-10-12 01:00:00,-0.415,8.22,1015.35,17.45,17.64
2024-10-12 02:00:00,-0.446,8.25,1014.8399999999999,16.830000000000002,17.54
2024-10-12 03:00:00,-0.331,9.28,1014.26,17.22,17.419999999999998
2024-10-12 04:00:00,-0.083,9.55,1013.74,17.19,17.38
2024-10-12 05:00:00,0.141,9.14,1013.24,16.990000000000002,17.240000000000002
2024-10-12 06:00:00,0.327,8.209999999999999,1012.7299999999999,16.05,17.02
2024-10-12 07:00:00,0.43,8.52,1012.5200000000001,15.940000000000001,17.0
2024-10-12 08:00:00,0.434,9.48,1012.0799999999999,15.469999999999999,16.96
2024-10-12 09:00:00,0.331,9.3,1012.2700000000001,15.290000000000001,16.85
2024-10-12 10:00:00,0.144,8.74,1012.65,15.419999999999998,16.71
2024-10-12 11:00:00,-0.08,8.61,1013.0899999999999,15.35,16.630000000000003
2024-10-12 12:00:00,-0.284,9.1,1013.5600000000001,15.969999999999999,16.490000000000002
2024-10-12 13:00:00,-0.454,8.71,1013.8799999999999,16.43,16.4
2024-10-12 14:00:00,-0.512,8.58,1013.97,17.9,16.4
2024-10-12 15:00:00,-0.382,7.529999999999999,1014.0200000000001,19.81,16.55
2024-10-12 16:00:00,-0.086,6.87,1014.15,20.48,16.740000000000002
2024-10-12 17:00:00,0.235,5.89,1013.8799999999999,20.98,17.04
2024-10-12 18:00:00,0.494,5.33,1013.79,21.63,17.25
2024-10-12 19:00:00,0.696,4.93,1013.72,21.71,17.25
2024-10-12 20:00:00,0.773,4.26,1013.6300000000001,21.21,17.110000000000003
2024-10-12 21:00:00,0.664,4.529999999999999,1013.9799999999999,21.380000000000003,17.130000000000003
2024-10-12 22:00:00,0.445,5.59,1014.6600000000001,20.66,17.259999999999998
2024-10-12 23:00:00,0.169,4.34,1015.39,19.869999999999997,17.3
2024-10-13 00:00:00,-0.089,3.65,1015.89,18.94,17.3
2024-10-13 01:00:00,-0.342,2.1,1016.0899999999999,17.94,17.3
2024-10-13 02:00:00,-0.534,1.9,1016.3100000000001,17.68,17.3
2024-10-13 03:00:00,-0.566,2.07,1016.2,17.15,17.240000000000002
2024-10-13 04:00:00,-0.392,1.26,1015.8799999999999,16.04,17.169999999999998
2024-10-13 05:00:00,-0.07,1.3599999999999999,1015.8699999999999,16.240000000000002,17.05
2024-10-13 06:00:00,0.286,1.6300000000000001,1015.8399999999999,16.53,17.04
2024-10-13 07:00:00,0.559,2.55,1015.3,16.62,16.96
2024-10-13 08:00:00,0.709,2.45,1014.9,16.69,17.06
2024-10-13 09:00:00,0.699,3.2700000000000005,1014.24,17.0,17.36
2024-10-13 10:00:00,0.545,4.1899999999999995,1014.0799999999999,17.56,17.23
2024-10-13 11:00:00,0.327,4.04,1014.03,17.28,16.9
2024-10-13 12:00:00,0.121,4.79,1014.3700000000001,15.27,16.8
2024-10-13 13:00:00,-0.096,5.8,1013.99,15.62,16.8
2024-10-13 14:00:00,-0.276,5.39,1013.2299999999999,16.4,16.86
2024-10-13 15:00:00,-0.334,6.18,1012.0799999999999,16.93,17.02
2024-10-13 16:00:00,-0.216,4.970000000000001,1011.25,17.77,17.1
2024-10-13 17:00:00,0.072,4.85,1009.51,18.22,17.240000000000002
2024-10-13 18:00:00,0.431,4.39,1008.4200000000001,19.22,17.32
2024-10-13 19:00:00,0.743,4.61,1007.28,20.28,17.5
2024-10-13 20:00:00,0.966,5.15,1005.96,21.57,17.5
2024-10-13 21:00:00,1.068,5.970000000000001,1005.3399999999999,21.91,17.5
2024-10-13 22:00:00,1.001,6.08,1005.47,21.28,17.59
2024-10-13 23:00:00,0.748,5.8100000000000005,1005.76,20.56,17.6
2024-10-14 00:00:00,0.389,4.55,1005.86,20.119999999999997,17.6
2024-10-14 01:00:00,0.027,4.7,1005.6,19.77,17.6
2024-10-14 02:00:00,-0.304,4.04,1004.97,19.66,17.6
2024-10-14 03:00:00,-0.518,4.5,1004.0,19.59,17.509999999999998
2024-10-14 04:00:00,-0.535,4.2299999999999995,1003.45,19.44,17.39
2024-10-14 05:00:00,-0.255,3.5,1003.72,17.66,17.29
2024-10-14 06:00:00,0.153,3.6700000000000004,1003.78,14.36,17.2
2024-10-14 07:00:00,0.5,2.98,1003.75,13.98,17.12
2024-10-14 08:00:00,0.747,2.54,1003.9200000000001,13.440000000000001,17.44
2024-10-14 09:00:00,0.918,1.6800000000000002,1003.72,13.2,17.7
2024-10-14 10:00:00,0.932,1.1099999999999999,1003.8799999999999,13.12,17.64
2024-10-14 11:00:00,0.75,0.9800000000000001,1003.99,13.24,17.439999999999998
2024-10-14 12:00:00,0.473,1.77,1003.8799999999999,13.6,17.35
2024-10-14 13:00:00,0.178,2.12,1003.5899999999999,14.39,17.29
2024-10-14 14:00:00,-0.107,2.69,1003.45,15.330000000000002,17.1
2024-10-14 15:00:00,-0.313,3.78,1003.54,16.31,17.169999999999998
2024-10-14 16:00:00,-0.392,9.35,1003.47,17.68,17.240000000000002
2024-10-14 17:00:00,-0.3,12.010000000000002,1003.35,17.59,17.419999999999998
2024-10-14 18:00:00,-0.005,11.82,1003.25,17.77,17.53
2024-10-14 19:00:00,0.409,13.85,1003.68,17.61,17.57
2024-10-14 20:00:00,0.717,15.059999999999999,1004.95,16.27,17.41
2024-10-14 21:00:00,0.834,14.75,1006.74,14.24,17.31
2024-10-14 22:00:00,0.81,14.41,1008.11,13.15,17.21
2024-10-14 23:00:00,0.664,14.64,1009.53,12.02,17.12
2024-10-15 00:00:00,0.374,13.74,1010.6200000000001,10.89,17.16
2024-10-15 01:00:00,0.002,12.28,1011.1200000000001,10.4,16.990000000000002
2024-10-15 02:00:00,-0.41,10.209999999999999,1012.0200000000001,10.059999999999999,16.56
2024-10-15 03:00:00,-0.777,9.120000000000001,1012.03,9.709999999999999,16.389999999999997
2024-10-15 04:00:00,-0.928,8.2,1012.0600000000001,9.53,16.369999999999997
2024-10-15 05:00:00,-0.723,8.379999999999999,1012.1299999999999,9.309999999999999,16.3
2024-10-15 06:00:00,-0.31,8.08,1012.71,9.26,16.27
2024-10-15 07:00:00,0.142,8.16,1012.8699999999999,9.18,16.18
2024-10-15 08:00:00,0.512,8.25,1012.8700000000001,9.18,16.19
2024-10-15 09:00:00,0.798,8.8,1012.8,8.73,16.1
2024-10-15 10:00:00,0.983,8.440000000000001,1013.15,8.52,16.28
2024-10-15 11:00:00,0.976,7.38,1013.47,8.440000000000001,16.4
2024-10-15 12:00:00,0.779,7.37,1013.71,8.39,15.969999999999999
2024-10-15 13:00:00,0.462,7.12,1013.8,8.91,15.9
2024-10-15 14:00:00,0.067,6.9,1013.55,9.59,15.919999999999998
2024-10-15 15:00:00,-0.312,5.279999999999999,1013.1899999999999,10.39,15.830000000000002
2024-10-15 16:00:00,-0.626,6.590000000000001,1012.5200000000001,11.379999999999999,15.919999999999998
2024-10-15 17:00:00,-0.717,6.7,1011.6299999999999,12.35,16.03
2024-10-15 18:00:00,-0.523,7.539999999999999,1011.1299999999999,12.959999999999999,16.3
2024-10-15 19:00:00,-0.122,6.55,1011.14,13.25,16.439999999999998
2024-10-15 20:00:00,0.346,6.56,1011.1200000000001,13.419999999999998,16.439999999999998
2024-10-15 21:00:00,0.727,6.790000000000001,1011.15,13.76,16.4
2024-10-15 22:00:00,0.968,7.26,1011.51,13.559999999999999,16.3
2024-10-15 23:00:00,1.018,7.93,1012.25,13.469999999999999,16.51
2024-10-16 00:00:00,0.846,8.19,1012.72,13.080000000000002,16.45
2024-10-16 01:00:00,0.464,6.0,1013.18,12.09,16.02
2024-10-16 02:00:00,-0.011,4.92,1013.6200000000001,11.72,15.9
2024-10-16 03:00:00,-0.412,5.59,1013.7700000000001,11.459999999999999,15.88
2024-10-16 04:00:00,-0.749,6.3,1013.97,10.790000000000001,15.8
2024-10-16 05:00:00,-0.91,7.7700000000000005,1014.21,10.34,15.76
2024-10-16 06:00:00,-0.821,9.17,1014.3700000000001,9.99,15.66
2024-10-16 07:00:00,-0.453,9.47,1014.2299999999999,9.65,15.59
2024-10-16 08:00:00,-0.007,11.03,1014.4399999999999,9.35,15.45
2024-10-16 09:00:00,0.435,10.99,1015.01,8.95,15.4
2024-10-16 10:00:00,0.743,10.45,1015.6600000000001,8.23,15.280000000000001
2024-10-16 11:00:00,0.931,8.620000000000001,1016.4200000000001,8.0,15.209999999999999
2024-10-16 12:00:00,0.907,9.23,1017.15,8.11,15.690000000000001
2024-10-16 13:00:00,0.618,7.970000000000001,1017.75,8.43,15.669999999999998
2024-10-16 14:00:00,0.194,7.58,1018.26,9.18,15.469999999999999
2024-10-16 15:00:00,-0.232,6.840000000000001,1018.57,10.129999999999999,15.89
2024-10-16 16:00:00,-0.615,7.029999999999999,1018.4799999999999,11.27,16.0
2024-10-16 17:00:00,-0.916,6.909999999999999,1018.03,12.01,15.9
2024-10-16 18:00:00,-1.005,6.93,1017.8399999999999,12.830000000000002,15.930000000000001
2024-10-16 19:00:00,-0.752,6.4799999999999995,1017.95,13.959999999999999,15.940000000000001
2024-10-16 20:00:00,-0.293,5.8,1018.11,14.35,16.09
2024-10-16 21:00:00,0.197,5.0200000000000005,1018.74,14.05,16.0
2024-10-16 22:00:00,0.629,4.84,1019.5799999999999,13.34,15.930000000000001
2024-10-16 23:00:00,0.947,5.7299999999999995,1020.0600000000001,12.89,15.99
2024-10-17 00:00:00,1.021,5.529999999999999,1020.57,12.4,16.1
2024-10-17 01:00:00,0.761,5.29,1021.03,11.95,16.1
2024-10-17 02:00:00,0.33,4.71,1022.14,11.4,15.98
2024-10-17 03:00:00,-0.119,4.7700000000000005,1022.79,10.86,15.819999999999999
2024-10-17 04:00:00,-0.524,5.05,1023.1,10.2,15.559999999999999
2024-10-17 05:00:00,-0.816,5.36,1023.1899999999999,9.82,15.469999999999999
2024-10-17 06:00:00,-0.951,5.58,1023.24,9.209999999999999,15.430000000000001
2024-10-17 07:00:00,-0.746,6.3100000000000005,1023.14,8.72,15.34
2024-10-17 08:00:00,-0.309,4.4399999999999995,1024.22,8.440000000000001,15.11
2024-10-17 09:00:00,0.275,3.8600000000000003,1023.99,8.22,15.0
2024-10-17 10:00:00,0.702,4.21,1023.72,8.15,15.02
2024-10-17 11:00:00,1.06,4.05,1024.3200000000002,8.190000000000001,15.49
2024-10-17 12:00:00,1.277,5.15,1024.42,9.129999999999999,15.6
2024-10-17 13:00:00,1.204,5.68,1024.35,9.709999999999999,15.629999999999999
2024-10-17 14:00:00,0.873,4.720000000000001,1024.45,10.3,15.669999999999998
2024-10-17 15:00:00,0.402,4.0,1024.56,11.03,15.6
2024-10-17 16:00:00,-0.056,4.2299999999999995,1024.42,11.690000000000001,15.6
2024-10-17 17:00:00,-0.499,4.61,1024.67,12.49,15.65
2024-10-17 18:00:00,-0.767,3.94,1024.02,13.440000000000001,15.74
2024-10-17 19:00:00,-0.795,5.86,1022.9399999999999,14.02,15.74
2024-10-17 20:00:00,-0.503,5.95,1022.32,14.24,15.74
2024-10-17 21:00:00,-0.036,5.1899999999999995,1022.2,14.49,15.74
2024-10-17 22:00:00,0.432,4.12,1022.54,14.059999999999999,15.469999999999999
2024-10-17 23:00:00,0.868,2.87,1023.03,14.080000000000002,15.62
2024-10-18 00:00:00,1.175,3.79,1024.0,14.080000000000002,15.6
2024-10-18 01:00:00,1.206,3.81,1024.6299999999999,13.559999999999999,15.6
2024-10-18 02:00:00,0.913,5.0,1024.9,13.24,15.66
2024-10-18 03:00:00,0.422,4.59,1024.92,12.959999999999999,15.7
2024-10-18 04:00:00,-0.014,3.91,1025.01,12.22,15.62
2024-10-18 05:00:00,-0.349,3.7,1025.16,11.81,15.370000000000001
2024-10-18 06:00:00,-0.594,3.85,1025.6200000000001,11.370000000000001,15.27
2024-10-18 07:00:00,-0.705,3.59,1026.1399999999999,11.01,14.98
2024-10-18 08:00:00,-0.451,3.4899999999999998,1026.78,11.02,14.7
2024-10-18 09:00:00,0.008,4.54,1027.47,11.139999999999999,14.6
2024-10-18 10:00:00,0.569,4.88,1028.3200000000002,11.01,14.580000000000002
2024-10-18 11:00:00,1.016,4.2700000000000005,1029.19,11.09,14.63
2024-10-18 12:00:00,1.362,4.34,1030.28,11.879999999999999,15.169999999999998
2024-10-18 13:00:00,1.486,4.58,1030.94,13.440000000000001,15.3
2024-10-18 14:00:00,1.346,4.1,1031.45,14.1,15.3
2024-10-18 15:00:00,0.959,4.66,1031.65,15.09,15.290000000000001
2024-10-18 16:00:00,0.468,4.76,1031.53,15.819999999999999,15.129999999999999
2024-10-18 17:00:00,0.032,4.58,1031.2,17.04,15.1
2024-10-18 18:00:00,-0.328,4.4,1030.99,17.98,15.179999999999998
2024-10-18 19:00:00,-0.573,3.41,1030.95,18.509999999999998,15.2
2024-10-18 20:00:00,-0.601,2.54,1030.94,18.53,15.280000000000001
2024-10-18 21:00:00,-0.316,1.69,1031.2,17.259999999999998,15.440000000000001
2024-10-18 22:00:00,0.071,0.5599999999999999,1031.76,15.65,15.39
2024-10-18 23:00:00,0.48,0.75,1032.3,14.35,15.219999999999999
2024-10-19 00:00:00,0.878,0.52,1032.45,13.86,15.35
2024-10-19 01:00:00,1.128,0.32999999999999996,1032.8,13.530000000000001,15.4
2024-10-19 02:00:00,1.106,0.32999999999999996,1033.1299999999999,13.030000000000001,15.320000000000002
2024-10-19 03:00:00,0.795,0.6,1033.39,13.169999999999998,15.14
2024-10-19 04:00:00,0.351,0.8099999999999999,1033.39,12.969999999999999,14.95
2024-10-19 05:00:00,-0.073,0.95,1033.44,13.09,14.9
2024-10-19 06:00:00,-0.413,2.0,1033.22,13.8,14.820000000000002
2024-10-19 07:00:00,-0.664,2.0100000000000002,1033.24,13.419999999999998,14.64
2024-10-19 08:00:00,-0.693,1.3,1033.29,12.930000000000001,14.59
2024-10-19 09:00:00,-0.425,1.9300000000000002,1033.56,12.790000000000001,14.459999999999999
2024-10-19 10:00:00,0.067,2.13,1033.96,12.819999999999999,14.25
2024-10-19 11:00:00,0.539,2.42,1033.99,12.790000000000001,14.559999999999999
2024-10-19 12:00:00,0.925,2.4,1034.22,13.469999999999999,15.15
2024-10-19 13:00:00,1.192,1.75,1034.54,14.25,15.2
2024-10-19 14:00:00,1.277,1.58,1034.92,14.8,15.27
2024-10-19 15:00:00,1.115,1.8199999999999998,1034.8200000000002,14.540000000000001,14.919999999999998
2024-10-19 16:00:00,0.708,1.5699999999999998,1034.1200000000001,14.459999999999999,14.8
2024-10-19 17:00:00,0.24,1.27,1033.1799999999998,15.13,14.88
2024-10-19 18:00:00,-0.209,2.43,1032.49,16.14,15.030000000000001
2024-10-19 19:00:00,-0.572,3.5700000000000003,1032.06,16.990000000000002,15.25
2024-10-19 20:00:00,-0.789,2.85,1031.58,17.5,15.39
2024-10-19 21:00:00,-0.735,3.5799999999999996,1031.19,16.46,15.5
2024-10-19 22:00:00,-0.4,3.91,1030.99,15.48,15.459999999999999
2024-10-19 23:00:00,0.028,3.2600000000000002,1031.02,15.080000000000002,15.4
2024-10-20 00:00:00,0.431,3.1100000000000003,1030.94,14.940000000000001,15.309999999999999
2024-10-20 01:00:00,0.75,3.1100000000000003,1030.8899999999999,14.459999999999999,15.3
2024-10-20 02:00:00,0.904,3.0300000000000002,1030.6399999999999,14.26,15.3
2024-10-20 03:00:00,0.81,3.08,1030.5,14.069999999999999,15.24
2024-10-20 04:00:00,0.499,2.88,1030.24,13.63,15.080000000000002
2024-10-20 05:00:00,0.117,3.6799999999999997,1029.99,12.95,15.0
2024-10-20 06:00:00,-0.223,4.01,1029.71,12.87,14.930000000000001
2024-10-20 07:00:00,-0.538,3.2299999999999995,1029.09,12.68,14.85
2024-10-20 08:00:00,-0.746,3.63,1028.9,12.45,14.8
2024-10-20 09:00:00,-0.708,3.6399999999999997,1028.78,12.11,14.8
2024-10-20 10:00:00,-0.392,3.9,1028.54,12.07,14.709999999999999
2024-10-20 11:00:00,0.081,4.470000000000001,1028.45,11.709999999999999,14.629999999999999
2024-10-20 12:00:00,0.52,4.66,1028.59,11.85,14.73
2024-10-20 13:00:00,0.864,3.1100000000000003,1028.6399999999999,12.690000000000001,15.059999999999999
2024-10-20 14:00:00,1.113,3.56,1028.53,13.59,15.16
2024-10-20 15:00:00,1.16,2.38,1027.98,15.080000000000002,15.179999999999998
2024-10-20 16:00:00,0.924,3.13,1027.41,16.380000000000003,14.930000000000001
2024-10-20 17:00:00,0.499,2.0100000000000002,1026.6399999999999,17.82,15.0
2024-10-20 18:00:00,0.059,0.8300000000000001,1025.91,19.5,15.11
2024-10-20 19:00:00,-0.321,2.98,1025.15,19.23,15.38
2024-10-20 20:00:00,-0.593,5.220000000000001,1024.6200000000001,18.75,15.530000000000001
2024-10-20 21:00:00,-0.729,4.51,1024.29,18.41,15.73
2024-10-20 22:00:00,-0.613,3.0,1024.1,17.23,15.709999999999999
2024-10-20 23:00:00,-0.285,1.7399999999999998,1024.12,16.44,15.7
2024-10-21 00:00:00,0.061,2.21,1024.1100000000001,16.16,15.580000000000002
2024-10-21 01:00:00,0.386,1.5,1024.3600000000001,16.009999999999998,15.4
2024-10-21 02:00:00,0.621,2.06,1024.1,16.34,15.4
2024-10-21 03:00:00,0.739,2.43,1023.8100000000001,16.369999999999997,15.34
2024-10-21 04:00:00,0.639,2.63,1023.49,15.59,15.23
2024-10-21 05:00:00,0.35,3.47,1023.1899999999999,15.709999999999999,15.040000000000001
2024-10-21 06:00:00,0.014,4.38,1023.21,14.8,14.99
2024-10-21 07:00:00,-0.281,5.01,1023.0200000000001,14.209999999999999,14.9
2024-10-21 08:00:00,-0.538,3.8299999999999996,1023.05,13.85,14.9
2024-10-21 09:00:00,-0.68,3.96,1023.15,13.98,14.9
2024-10-21 10:00:00,-0.555,4.96,1023.35,13.59,14.84
2024-10-21 11:00:00,-0.206,4.96,1023.7299999999999,13.11,14.790000000000001
2024-10-21 12:00:00,0.208,4.85,1024.25,12.969999999999999,14.77
2024-10-21 13:00:00,0.58,5.42,1024.55,13.99,15.12
2024-10-21 14:00:00,0.865,4.6899999999999995,1024.35,15.48,15.3
2024-10-21 15:00:00,1.032,3.45,1023.8699999999999,17.35,15.34
2024-10-21 16:00:00,1.028,2.65,1023.65,18.81,15.330000000000002
2024-10-21 17:00:00,0.785,2.79,1022.9,20.580000000000002,15.27
2024-10-21 18:00:00,0.407,1.61,1022.3100000000001,21.28,15.4
2024-10-21 19:00:00,0.048,3.4799999999999995,1021.97,22.080000000000002,15.440000000000001
2024-10-21 20:00:00,-0.272,2.1399999999999997,1021.57,22.919999999999998,15.540000000000001
2024-10-21 21:00:00,-0.488,3.01,1021.46,22.68,15.719999999999999
2024-10-21 22:00:00,-0.567,3.8200000000000003,1021.78,21.91,15.7
2024-10-21 23:00:00,-0.431,3.6,1022.15,19.880000000000003,15.7
2024-10-22 00:00:00,-0.138,2.8899999999999997,1022.3799999999999,19.27,15.780000000000001
2024-10-22 01:00:00,0.148,3.84,1022.5600000000001,19.79,15.73
2024-10-22 02:00:00,0.378,3.6100000000000003,1022.89,19.770000000000003,15.7
2024-10-22 03:00:00,0.582,3.34,1023.0600000000001,18.740000000000002,15.7
2024-10-22 04:00:00,0.698,2.56,1023.15,17.44,15.65
2024-10-22 05:00:00,0.641,2.29,1023.2,17.07,15.530000000000001
2024-10-22 06:00:00,0.389,2.85,1023.2,16.57,15.59
2024-10-22 07:00:00,0.079,3.2,1023.25,16.35,15.530000000000001
2024-10-22 08:00:00,-0.211,2.56,1023.53,16.009999999999998,15.5
2024-10-22 09:00:00,-0.413,2.19,1023.9200000000001,15.74,15.48
2024-10-22 10:00:00,-0.494,2.55,1024.19,15.780000000000001,15.41
2024-10-22 11:00:00,-0.376,2.05,1024.63,15.819999999999999,15.49
2024-10-22 12:00:00,-0.07,1.2,1025.31,16.61,15.440000000000001
2024-10-22 13:00:00,0.3,0.3,1025.73,17.96,15.430000000000001
2024-10-22 14:00:00,0.596,1.7900000000000003,1025.8,18.3,15.64
2024-10-22 15:00:00,0.807,1.46,1025.78,18.43,15.77
2024-10-22 16:00:00,0.924,1.34,1025.44,21.330000000000002,15.8
2024-10-22 17:00:00,0.914,2.87,1024.6799999999998,22.46,15.930000000000001
2024-10-22 18:00:00,0.692,3.63,1024.02,22.080000000000002,16.25
2024-10-22 19:00:00,0.382,3.5,1023.6600000000001,21.759999999999998,16.080000000000002
2024-10-22 20:00:00,0.058,3.7,1023.21,20.919999999999998,16.12
2024-10-22 21:00:00,-0.204,3.6,1022.8799999999999,19.64,16.22
2024-10-22 22:00:00,-0.383,4.430000000000001,1023.03,18.4,16.38
2024-10-22 23:00:00,-0.453,4.18,1023.24,18.2,16.4
2024-10-23 00:00:00,-0.322,4.09,1023.29,18.669999999999998,16.330000000000002
2024-10-23 01:00:00,-0.09,3.3200000000000003,1023.5600000000001,18.8,16.3
2024-10-23 02:00:00,0.148,4.470000000000001,1023.47,18.82,16.25
2024-10-23 03:00:00,0.366,2.77,1023.1,17.89,16.15
2024-10-23 04:00:00,0.596,0.67,1022.72,17.28,16.1
2024-10-23 05:00:00,0.71,2.3600000000000003,1022.32,17.16,16.1
2024-10-23 06:00:00,0.664,2.38,1022.01,16.22,16.02
2024-10-23 07:00:00,0.435,3.9200000000000004,1021.61,15.809999999999999,16.0
2024-10-23 08:00:00,0.141,4.62,1021.6,15.190000000000001,15.99
2024-10-23 09:00:00,-0.095,3.63,1021.3799999999999,14.62,15.9
2024-10-23 10:00:00,-0.255,3.9799999999999995,1021.28,14.62,15.870000000000001
2024-10-23 11:00:00,-0.312,3.28,1021.22,14.169999999999998,15.8
2024-10-23 12:00:00,-0.196,2.15,1021.39,14.669999999999998,15.790000000000001
2024-10-23 13:00:00,0.056,1.22,1021.15,15.419999999999998,15.719999999999999
2024-10-23 14:00:00,0.352,1.92,1020.5600000000001,17.080000000000002,15.719999999999999
2024-10-23 15:00:00,0.606,2.87,1019.54,19.080000000000002,15.8
2024-10-23 16:00:00,0.813,4.5,1018.3,19.72,15.830000000000002
2024-10-23 17:00:00,0.923,4.87,1017.0200000000001,20.28,15.86
2024-10-23 18:00:00,0.901,5.35,1015.78,20.72,16.03
2024-10-23 19:00:00,0.691,5.63,1014.74,20.96,16.16
2024-10-23 20:00:00,0.386,5.92,1014.1600000000001,21.1,16.2
2024-10-23 21:00:00,0.136,6.459999999999999,1013.75,20.32,16.39
2024-10-23 22:00:00,-0.081,5.85,1014.15,19.47,16.5
2024-10-23 23:00:00,-0.264,6.5,1014.1899999999999,19.03,16.47
2024-10-24 00:00:00,-0.352,6.11,1013.9200000000001,18.6,16.5
2024-10-24 01:00:00,-0.271,5.32,1013.55,18.14,16.5
2024-10-24 02:00:00,-0.104,4.24,1013.35,17.68,16.5
2024-10-24 03:00:00,0.145,3.45,1012.9200000000001,17.18,16.41
2024-10-24 04:00:00,0.394,2.8899999999999997,1012.32,16.72,16.330000000000002
2024-10-24 05:00:00,0.632,1.27,1011.71,16.21,16.259999999999998
2024-10-24 06:00:00,0.739,4.12,1011.47,16.080000000000002,16.21
2024-10-24 07:00:00,0.622,3.6700000000000004,1011.3,16.009999999999998,16.2
2024-10-24 08:00:00,0.368,3.59,1011.35,16.14,16.2
2024-10-24 09:00:00,0.134,3.55,1011.6299999999999,17.47,16.2
2024-10-24 10:00:00,-0.012,3.96,1012.05,17.36,16.2
2024-10-24 11:00:00,-0.164,5.5200000000000005,1012.54,17.009999999999998,16.2
2024-10-24 12:00:00,-0.25,5.8,1013.5600000000001,16.729999999999997,16.2
2024-10-24 13:00:00,-0.215,7.290000000000001,1014.2299999999999,16.39,16.2
2024-10-24 14:00:00,-0.042,6.94,1014.54,16.509999999999998,16.2
2024-10-24 15:00:00,0.232,6.39,1014.49,17.23,16.2
2024-10-24 16:00:00,0.503,6.14,1014.0799999999999,17.93,16.2
2024-10-24 17:00:00,0.687,6.29,1013.5799999999999,18.55,16.23
2024-10-24 18:00:00,0.793,6.0200000000000005,1013.0799999999999,19.21,16.23
2024-10-24 19:00:00,0.78,4.9,1013.14,19.66,16.2
2024-10-24 20:00:00,0.634,4.85,1013.75,19.509999999999998,16.2
2024-10-24 21:00:00,0.429,4.92,1014.4799999999999,18.79,16.2
2024-10-24 22:00:00,0.21,5.01,1015.43,17.78,16.2
2024-10-24 23:00:00,-0.015,6.08,1016.54,17.29,16.2
2024-10-25 00:00:00,-0.206,6.75,1017.3299999999999,16.48,16.2
2024-10-25 01:00:00,-0.327,6.1899999999999995,1017.8799999999999,15.6,16.2
2024-10-25 02:00:00,-0.276,5.43,1018.3700000000001,14.75,16.130000000000003
2024-10-25 03:00:00,-0.104,5.68,1018.46,13.87,16.1
2024-10-25 04:00:00,0.133,4.99,1018.78,12.91,15.95
2024-10-25 05:00:00,0.402,4.95,1019.1299999999999,12.2,15.780000000000001
2024-10-25 06:00:00,0.638,5.36,1019.72,11.370000000000001,15.7
2024-10-25 07:00:00,0.749,4.05,1019.86,10.84,15.7
2024-10-25 08:00:00,0.706,2.9,1019.99,10.59,16.11
2024-10-25 09:00:00,0.503,2.69,1020.6,10.34,16.19
2024-10-25 10:00:00,0.264,3.17,1021.3299999999999,10.09,15.66
2024-10-25 11:00:00,0.096,3.69,1022.1,9.58,15.580000000000002
2024-10-25 12:00:00,-0.053,2.9,1022.6200000000001,10.01,15.830000000000002
2024-10-25 13:00:00,-0.111,2.83,1022.6200000000001,10.32,15.440000000000001
2024-10-25 14:00:00,-0.057,2.65,1022.25,10.690000000000001,15.430000000000001
2024-10-25 15:00:00,0.101,2.46,1022.1300000000001,11.42,15.540000000000001
2024-10-25 16:00:00,0.326,2.8,1021.6600000000001,12.02,15.65
2024-10-25 17:00:00,0.561,4.33,1020.4100000000001,13.25,15.73
2024-10-25 18:00:00,0.729,3.91,1019.2299999999999,14.35,15.9
2024-10-25 19:00:00,0.828,4.18,1018.53,14.24,15.9
2024-10-25 20:00:00,0.8,4.51,1018.1600000000001,13.690000000000001,16.03
2024-10-25 21:00:00,0.67,4.86,1017.86,14.430000000000001,16.1
2024-10-25 22:00:00,0.494,4.4,1018.11,14.540000000000001,16.1
2024-10-25 23:00:00,0.295,4.24,1018.32,14.45,16.060000000000002
2024-10-26 00:00:00,0.066,3.81,1018.45,14.55,16.0
2024-10-26 01:00:00,-0.152,5.529999999999999,1018.2700000000001,14.87,16.0
2024-10-26 02:00:00,-0.33,5.7700000000000005,1018.3100000000001,14.540000000000001,15.919999999999998
2024-10-26 03:00:00,-0.349,4.86,1018.2299999999999,14.39,15.830000000000002
2024-10-26 04:00:00,-0.147,3.31,1018.1600000000001,14.2,15.8
2024-10-26 05:00:00,0.164,5.08,1018.0,14.39,15.709999999999999
2024-10-26 06:00:00,0.463,4.46,1017.8299999999999,13.74,15.62
2024-10-26 07:00:00,0.682,4.029999999999999,1017.36,13.41,15.6
2024-10-26 08:00:00,0.719,4.18,1017.1600000000001,13.030000000000001,15.6
2024-10-26 09:00:00,0.616,6.08,1017.79,13.39,15.51
2024-10-26 10:00:00,0.426,5.779999999999999,1018.26,13.02,15.5
2024-10-26 11:00:00,0.215,6.11,1018.8299999999999,13.35,15.49
2024-10-26 12:00:00,0.025,7.3,1019.7299999999999,13.88,15.4
2024-10-26 13:00:00,-0.148,6.45,1020.3399999999999,14.38,15.4
2024-10-26 14:00:00,-0.295,6.68,1020.1299999999999,15.7,15.4
2024-10-26 15:00:00,-0.31,8.440000000000001,1020.0,16.330000000000002,15.4
2024-10-26 16:00:00,-0.175,8.51,1019.6899999999999,16.91,15.4
2024-10-26 17:00:00,0.09,9.43,1019.49,17.05,15.49
2024-10-26 18:00:00,0.365,8.83,1019.4399999999999,16.8,15.580000000000002
2024-10-26 19:00:00,0.569,9.26,1019.72,17.240000000000002,15.629999999999999
2024-10-26 20:00:00,0.693,8.959999999999999,1020.46,16.89,15.679999999999998
2024-10-26 21:00:00,0.669,9.17,1021.5,16.18,15.66
2024-10-26 22:00:00,0.483,7.5,1022.55,15.540000000000001,15.679999999999998
2024-10-26 23:00:00,0.227,6.93,1023.49,15.09,15.61
2024-10-27 00:00:00,-0.022,6.67,1024.3200000000002,14.459999999999999,15.690000000000001
2024-10-27 01:00:00,-0.263,7.209999999999999,1025.22,13.85,15.680000000000001
2024-10-27 02:00:00,-0.499,7.2700000000000005,1025.96,13.319999999999999,15.48
2024-10-27 03:00:00,-0.61,7.83,1026.6100000000001,12.68,15.38
2024-10-27 04:00:00,-0.508,7.81,1027.05,11.95,15.209999999999999
2024-10-27 05:00:00,-0.206,7.8,1027.54,11.36,15.1
2024-10-27 06:00:00,0.14,8.45,1027.98,10.83,15.05
2024-10-27 07:00:00,0.338,8.26,1028.3200000000002,10.370000000000001,15.0
2024-10-27 08:00:00,0.439,7.35,1028.3700000000001,9.78,14.98
2024-10-27 09:00:00,0.493,6.37,1028.8799999999999,9.15,14.9
2024-10-27 10:00:00,0.522,5.6,1029.4299999999998,8.65,14.820000000000002
2024-10-27 11:00:00,0.433,5.9799999999999995,1029.94,8.440000000000001,14.959999999999999
2024-10-27 12:00:00,0.247,4.52,1030.55,8.67,15.16
2024-10-27 13:00:00,-0.007,3.9799999999999995,1031.0700000000002,9.370000000000001,15.2
2024-10-27 14:00:00,-0.234,3.7299999999999995,1031.19,9.7,15.15
2024-10-27 15:00:00,-0.382,3.1100000000000003,1031.03,10.2,15.02
2024-10-27 16:00:00,-0.376,2.3899999999999997,1030.54,10.83,14.930000000000001
2024-10-27 17:00:00,-0.194,2.02,1029.58,11.08,15.059999999999999
2024-10-27 18:00:00,0.09,1.1,1028.76,11.43,15.27
2024-10-27 19:00:00,0.385,1.1,1028.01,12.53,15.370000000000001
2024-10-27 20:00:00,0.599,0.99,1027.52,13.48,15.459999999999999
2024-10-27 21:00:00,0.74,4.63,1027.15,12.819999999999999,15.36
2024-10-27 22:00:00,0.71,5.38,1027.3700000000001,11.87,15.3
2024-10-27 23:00:00,0.525,5.88,1027.79,11.559999999999999,15.3
2024-10-28 00:00:00,0.227,6.779999999999999,1027.98,11.26,15.209999999999999
2024-10-28 01:00:00,-0.081,7.090000000000001,1028.3600000000001,10.95,15.1
2024-10-28 02:00:00,-0.326,6.95,1028.6399999999999,10.45,15.0
2024-10-28 03:00:00,-0.49,5.63,1028.43,10.629999999999999,14.89
2024-10-28 04:00:00,-0.537,4.62,1028.41,10.379999999999999,14.709999999999999
2024-10-28 05:00:00,-0.405,4.92,1028.44,9.82,14.669999999999998
2024-10-28 06:00:00,-0.117,4.3,1028.55,9.4,14.52
2024-10-28 07:00:00,0.176,4.49,1028.65,9.77,14.5
2024-10-28 08:00:00,0.426,3.5700000000000003,1028.85,9.92,14.469999999999999
2024-10-28 09:00:00,0.604,2.3600000000000003,1029.48,10.36,14.4
2024-10-28 10:00:00,0.686,1.7600000000000002,1029.9299999999998,10.32,14.4
2024-10-28 11:00:00,0.61,1.83,1030.4,10.14,14.4
2024-10-28 12:00:00,0.374,2.66,1030.98,10.34,14.4
2024-10-28 13:00:00,0.107,2.58,1031.5700000000002,11.370000000000001,14.330000000000002
2024-10-28 14:00:00,-0.155,1.73,1032.0,12.36,14.3
2024-10-28 15:00:00,-0.37,1.6199999999999999,1032.09,12.87,14.3
2024-10-28 16:00:00,-0.514,3.02,1032.03,12.930000000000001,14.370000000000001
2024-10-28 17:00:00,-0.452,3.5100000000000002,1031.45,13.15,14.569999999999999
2024-10-28 18:00:00,-0.19,3.3600000000000003,1031.09,13.530000000000001,14.76
2024-10-28 19:00:00,0.141,4.0,1030.8899999999999,13.84,14.8
2024-10-28 20:00:00,0.412,4.26,1030.6200000000001,13.85,14.8
2024-10-28 21:00:00,0.587,3.87,1030.48,13.61,14.8
2024-10-28 22:00:00,0.675,3.59,1030.62,13.14,14.870000000000001
2024-10-28 23:00:00,0.645,3.91,1030.95,13.280000000000001,14.870000000000001
2024-10-29 00:00:00,0.457,3.66,1031.3200000000002,13.330000000000002,14.719999999999999
2024-10-29 01:00:00,0.143,4.029999999999999,1031.6799999999998,13.540000000000001,14.6
2024-10-29 02:00:00,-0.144,3.7299999999999995,1031.76,13.59,14.49
2024-10-29 03:00:00,-0.397,4.38,1031.92,13.75,14.4
2024-10-29 04:00:00,-0.515,4.07,1031.95,13.809999999999999,14.309999999999999
2024-10-29 05:00:00,-0.491,3.66,1031.95,14.02,14.290000000000001
2024-10-29 06:00:00,-0.267,1.7899999999999998,1031.92,13.01,14.309999999999999
2024-10-29 07:00:00,0.071,0.8200000000000001,1031.79,12.57,14.4
2024-10-29 08:00:00,0.392,1.65,1031.5700000000002,12.43,14.3
2024-10-29 09:00:00,0.653,3.5700000000000003,1031.9,12.540000000000001,14.3
2024-10-29 10:00:00,0.815,0.9,1032.1,13.040000000000001,14.3
2024-10-29 11:00:00,0.829,0.62,1032.15,12.379999999999999,14.2
2024-10-29 12:00:00,0.689,0.9700000000000001,1032.24,12.24,14.2
2024-10-29 13:00:00,0.445,3.2700000000000005,1032.49,14.940000000000001,14.2
2024-10-29 14:00:00,0.147,4.01,1032.3899999999999,16.259999999999998,14.24
2024-10-29 15:00:00,-0.1,5.16,1032.29,16.1,14.3
2024-10-29 16:00:00,-0.301,6.540000000000001,1031.6799999999998,16.47,14.36
2024-10-29 17:00:00,-0.414,6.7299999999999995,1030.91,17.0,14.469999999999999
2024-10-29 18:00:00,-0.31,7.4,1030.24,17.009999999999998,14.6
2024-10-29 19:00:00,0.001,6.76,1029.96,16.89,14.629999999999999
2024-10-29 20:00:00,0.324,5.279999999999999,1029.8200000000002,16.21,14.62
2024-10-29 21:00:00,0.623,4.95,1029.6399999999999,15.930000000000001,14.6
2024-10-29 22:00:00,0.798,4.83,1029.6299999999999,16.0,14.76
2024-10-29 23:00:00,0.884,4.75,1029.58,16.130000000000003,14.969999999999999
2024-10-30 00:00:00,0.769,4.84,1029.21,16.29,14.85
2024-10-30 01:00:00,0.502,3.95,1029.02,16.4,14.65
2024-10-30 02:00:00,0.159,3.2,1028.9299999999998,16.32,14.7
2024-10-30 03:00:00,-0.12,2.0100000000000002,1028.78,15.690000000000001,14.7
2024-10-30 04:00:00,-0.336,3.09,1028.92,15.09,14.7
2024-10-30 05:00:00,-0.442,4.45,1028.91,14.8,14.7
2024-10-30 06:00:00,-0.361,3.65,1028.9,14.319999999999999,14.7
2024-10-30 07:00:00,-0.112,2.83,1028.69,14.0,14.7
2024-10-30 08:00:00,0.213,1.9100000000000001,1028.6399999999999,13.930000000000001,14.6
2024-10-30 09:00:00,0.542,2.21,1028.69,13.64,14.6
2024-10-30 10:00:00,0.764,3.9,1028.65,13.819999999999999,14.6
2024-10-30 11:00:00,0.869,3.2600000000000002,1028.57,13.559999999999999,14.61
2024-10-30 12:00:00,0.838,3.8,1028.7,13.719999999999999,14.569999999999999
2024-10-30 13:00:00,0.619,3.88,1028.58,14.709999999999999,14.5
2024-10-30 14:00:00,0.273,3.9899999999999998,1028.3700000000001,15.62,14.51
2024-10-30 15:00:00,-0.056,3.8600000000000003,1027.95,15.85,14.6
2024-10-30 16:00:00,-0.326,3.45,1027.04,17.240000000000002,14.669999999999998
2024-10-30 17:00:00,-0.496,2.32,1026.01,19.330000000000002,14.719999999999999
2024-10-30 18:00:00,-0.534,1.77,1025.29,20.77,14.780000000000001
2024-10-30 19:00:00,-0.345,2.4099999999999997,1024.7,20.5,14.809999999999999
2024-10-30 20:00:00,-0.022,1.1300000000000001,1024.34,20.759999999999998,14.940000000000001
2024-10-30 21:00:00,0.325,1.77,1024.04,20.89,14.930000000000001
2024-10-30 22:00:00,0.588,2.91,1024.03,20.69,14.98
2024-10-30 23:00:00,0.755,2.27,1023.89,18.82,15.179999999999998
2024-10-31 00:00:00,0.75,2.98,1023.65,18.85,15.2
2024-10-31 01:00:00,0.534,4.029999999999999,1023.5200000000001,18.96,15.069999999999999
2024-10-31 02:00:00,0.201,5.36,1023.45,18.6,15.080000000000002
2024-10-31 03:00:00,-0.114,5.35,1023.29,17.78,15.1
2024-10-31 04:00:00,-0.354,5.4399999999999995,1022.71,18.05,15.12
2024-10-31 05:00:00,-0.495,3.87,1022.5200000000001,17.07,15.16
2024-10-31 06:00:00,-0.515,4.2,1022.2700000000001,16.41,15.1
2024-10-31 07:00:00,-0.353,4.3,1022.11,16.29,15.1
2024-10-31 08:00:00,-0.033,2.7399999999999998,1021.9,16.330000000000002,15.01
2024-10-31 09:00:00,0.341,0.8800000000000001,1021.9799999999999,16.45,15.0
2024-10-31 10:00:00,0.636,2.3,1022.11,16.79,15.02
2024-10-31 11:00:00,0.808,3.0900000000000003,1022.1,15.790000000000001,15.290000000000001
2024-10-31 12:00:00,0.855,3.72,1022.1800000000001,15.8,15.320000000000002
2024-10-31 13:00:00,0.757,3.55,1022.1300000000001,16.79,15.14
2024-10-31 14:00:00,0.48,4.0,1021.9799999999999,16.919999999999998,15.1
2024-10-31 15:00:00,0.109,3.02,1021.5200000000001,17.68,15.1
2024-10-31 16:00:00,-0.229,2.7399999999999998,1020.79,18.95,15.26
2024-10-31 17:00:00,-0.51,1.1400000000000001,1019.8100000000001,21.43,15.45
2024-10-31 18:00:00,-0.665,2.62,1018.9799999999999,23.85,15.719999999999999
2024-10-31 19:00:00,-0.572,6.0,1018.1700000000001,23.97,15.77
2024-10-31 20:00:00,-0.252,3.8,1017.7700000000001,24.04,15.85
2024-10-31 21:00:00,0.147,2.73,1017.36,22.970000000000002,15.790000000000001
2024-10-31 22:00:00,0.447,3.97,1017.3399999999999,21.57,15.870000000000001
2024-10-31 23:00:00,0.64,4.9399999999999995,1017.3399999999999,20.6,15.59
2024-11-01 00:00:00,0.699,6.029999999999999,1017.21,20.75,15.5
2024-11-01 01:00:00,0.59,6.15,1016.9100000000001,21.06,15.530000000000001
2024-11-01 02:00:00,0.327,7.140000000000001,1016.4100000000001,20.669999999999998,15.669999999999998
2024-11-01 03:00:00,0.011,8.040000000000001,1016.01,20.740000000000002,15.8
2024-11-01 04:00:00,-0.254,6.0,1015.49,20.43,15.8
2024-11-01 05:00:00,-0.443,6.3100000000000005,1015.04,20.009999999999998,15.8
2024-11-01 06:00:00,-0.553,7.909999999999999,1014.45,19.9,15.85
2024-11-01 07:00:00,-0.518,7.24,1014.1600000000001,19.53,15.809999999999999
2024-11-01 08:00:00,-0.304,6.380000000000001,1013.9200000000001,19.66,15.8
2024-11-01 09:00:00,0.06,7.45,1013.96,19.490000000000002,15.73
2024-11-01 10:00:00,0.417,7.390000000000001,1014.0200000000001,19.3,15.7
2024-11-01 11:00:00,0.702,7.470000000000001,1014.2299999999999,19.05,15.629999999999999
2024-11-01 12:00:00,0.829,7.3,1014.99,19.07,15.65
2024-11-01 13:00:00,0.793,7.970000000000001,1015.4,19.669999999999998,15.7
2024-11-01 14:00:00,0.558,9.2,1015.2700000000001,20.259999999999998,15.7
2024-11-01 15:00:00,0.181,8.11,1015.26,20.259999999999998,15.76
2024-11-01 16:00:00,-0.154,7.57,1015.07,20.44,15.8
2024-11-01 17:00:00,-0.467,8.93,1014.36,21.65,15.91
2024-11-01 18:00:00,-0.687,8.8,1013.8399999999999,21.46,16.119999999999997
2024-11-01 19:00:00,-0.767,9.290000000000001,1013.86,21.55,16.240000000000002
2024-11-01 20:00:00,-0.572,8.01,1014.4799999999999,21.23,16.36
2024-11-01 21:00:00,-0.243,7.94,1015.0799999999999,21.080000000000002,16.34
2024-11-01 22:00:00,0.128,6.75,1016.1,20.119999999999997,16.3
2024-11-01 23:00:00,0.392,8.129999999999999,1017.2,20.25,16.22
2024-11-02 00:00:00,0.552,7.9,1017.9200000000001,19.759999999999998,16.18
2024-11-02 01:00:00,0.556,5.13,1018.9100000000001,18.419999999999998,16.02
2024-11-02 02:00:00,0.401,5.39,1020.14,17.02,16.0
2024-11-02 03:00:00,0.136,6.779999999999999,1021.0200000000001,16.09,15.969999999999999
2024-11-02 04:00:00,-0.15,5.79,1021.9,15.16,15.790000000000001
2024-11-02 05:00:00,-0.412,5.42,1022.5,14.55,15.6
2024-11-02 06:00:00,-0.584,4.85,1022.99,13.919999999999998,15.629999999999999
2024-11-02 07:00:00,-0.649,5.74,1023.4799999999999,13.35,15.7
2024-11-02 08:00:00,-0.458,6.0,1023.96,12.99,15.7
2024-11-02 09:00:00,-0.071,5.45,1024.52,12.819999999999999,15.559999999999999
2024-11-02 10:00:00,0.369,6.12,1025.1399999999999,12.53,15.3
2024-11-02 11:00:00,0.684,5.15,1025.67,11.84,15.209999999999999
2024-11-02 12:00:00,0.851,5.12,1026.47,11.75,15.26
2024-11-02 13:00:00,0.881,5.7,1026.99,12.1,15.62
2024-11-02 14:00:00,0.75,5.4799999999999995,1026.99,12.32,15.7
2024-11-02 15:00:00,0.49,5.7299999999999995,1026.9,12.68,15.7
2024-11-02 16:00:00,0.161,5.38,1026.58,13.16,15.7
2024-11-02 17:00:00,-0.172,5.32,1026.1,13.440000000000001,15.66
2024-11-02 18:00:00,-0.431,5.13,1025.88,14.02,15.6
2024-11-02 19:00:00,-0.595,5.29,1025.91,14.430000000000001,15.6
2024-11-02 20:00:00,-0.57,5.58,1026.1100000000001,14.530000000000001,15.52
2024-11-02 21:00:00,-0.327,4.96,1026.6100000000001,14.440000000000001,15.469999999999999
2024-11-02 22:00:00,-0.012,5.99,1027.28,13.8,15.39
2024-11-02 23:00:00,0.311,5.62,1027.78,12.98,15.309999999999999
2024-11-03 00:00:00,0.565,5.26,1028.47,12.39,15.35
2024-11-03 01:00:00,0.683,5.470000000000001,1029.03,11.5,15.59
2024-11-03 02:00:00,0.637,5.16,1029.46,10.83,15.6
2024-11-03 03:00:00,0.426,4.16,1029.59,10.3,15.6
2024-11-03 04:00:00,0.132,3.09,1029.48,9.9,15.6
2024-11-03 05:00:00,-0.127,3.6399999999999997,1029.67,9.47,15.49
2024-11-03 06:00:00,-0.315,4.32,1029.9,8.83,15.290000000000001
2024-11-03 07:00:00,-0.423,4.7700000000000005,1030.15,8.190000000000001,15.09
2024-11-03 08:00:00,-0.379,4.65,1030.51,7.31,14.7
2024-11-03 09:00:00,-0.128,4.16,1030.94,6.840000000000001,14.7
2024-11-03 10:00:00,0.243,4.17,1031.3700000000001,6.24,14.66
2024-11-03 11:00:00,0.568,4.89,1032.08,5.94,14.6
2024-11-03 12:00:00,0.799,5.35,1032.6,6.21,14.940000000000001
2024-11-03 13:00:00,0.942,5.39,1033.03,6.609999999999999,15.27
2024-11-03 14:00:00,0.974,4.73,1032.99,7.4,15.280000000000001
2024-11-03 15:00:00,0.803,3.55,1032.81,8.02,15.2
2024-11-03 16:00:00,0.474,2.38,1032.3899999999999,8.45,15.209999999999999
2024-11-03 17:00:00,0.088,1.77,1031.76,8.879999999999999,15.280000000000001
2024-11-03 18:00:00,-0.269,1.98,1031.26,9.370000000000001,15.01
2024-11-03 19:00:00,-0.523,2.58,1031.0700000000002,9.77,15.0
2024-11-03 20:00:00,-0.611,1.54,1031.3700000000001,10.57,15.0
2024-11-03 21:00:00,-0.473,1.4,1031.6100000000001,10.66,15.0
2024-11-03 22:00:00,-0.15,1.2,1031.99,9.82,15.0
2024-11-03 23:00:00,0.171,1.23,1032.29,9.559999999999999,14.930000000000001
2024-11-04 00:00:00,0.43,1.58,1032.46,10.23,14.91
2024-11-04 01:00:00,0.586,2.2800000000000002,1032.51,10.6,14.95
2024-11-04 02:00:00,0.635,2.48,1032.83,10.82,15.1
2024-11-04 03:00:00,0.54,2.4,1032.96,10.709999999999999,15.1
2024-11-04 04:00:00,0.318,3.21,1032.8600000000001,10.75,15.069999999999999
2024-11-04 05:00:00,0.065,3.22,1033.0,10.7,14.73
2024-11-04 06:00:00,-0.16,3.2399999999999998,1033.1,10.559999999999999,14.5
2024-11-04 07:00:00,-0.337,3.34,1032.83,10.51,14.49
2024-11-04 08:00:00,-0.449,3.59,1032.7,10.76,14.36
2024-11-04 09:00:00,-0.315,3.4799999999999995,1032.72,10.47,14.219999999999999
2024-11-04 10:00:00,0.007,3.3899999999999997,1033.2,10.6,14.2
2024-11-04 11:00:00,0.406,3.6700000000000004,1033.99,10.41,14.229999999999999
2024-11-04 12:00:00,0.724,4.42,1034.09,10.97,14.680000000000001
2024-11-04 13:00:00,0.891,4.2700000000000005,1034.3600000000001,12.26,14.89
2024-11-04 14:00:00,0.961,5.13,1034.26,12.379999999999999,14.940000000000001
2024-11-04 15:00:00,0.887,5.45,1033.99,12.5,14.930000000000001
2024-11-04 16:00:00,0.644,5.34,1033.49,12.74,14.85
2024-11-04 17:00:00,0.297,5.01,1032.76,12.67,14.76
2024-11-04 18:00:00,-0.044,4.7700000000000005,1031.8799999999999,13.030000000000001,14.709999999999999
2024-11-04 19:00:00,-0.314,4.3,1030.97,13.309999999999999,14.73
2024-11-04 20:00:00,-0.491,4.62,1030.29,13.45,14.8
2024-11-04 21:00:00,-0.504,3.29,1029.5,13.330000000000002,14.790000000000001
2024-11-04 22:00:00,-0.291,2.5300000000000002,1029.21,13.309999999999999,14.7
2024-11-04 23:00:00,0.017,1.72,1028.8799999999999,13.59,14.66
2024-11-05 00:00:00,0.281,1.5699999999999998,1028.3,13.719999999999999,14.6
2024-11-05 01:00:00,0.471,0.44000000000000006,1028.24,13.88,14.6
2024-11-05 02:00:00,0.586,0.7,1027.94,13.51,14.6
2024-11-05 03:00:00,0.605,1.6300000000000001,1027.29,13.440000000000001,14.6
2024-11-05 04:00:00,0.467,2.41,1026.6200000000001,14.23,14.530000000000001
2024-11-05 05:00:00,0.235,3.0300000000000002,1026.06,13.930000000000001,14.5
2024-11-05 06:00:00,-0.003,3.3,1025.47,13.930000000000001,14.569999999999999
2024-11-05 07:00:00,-0.212,3.9,1024.9299999999998,13.969999999999999,14.469999999999999
2024-11-05 08:00:00,-0.363,4.53,1024.8200000000002,13.6,14.45
2024-11-05 09:00:00,-0.356,2.6,1025.19,13.25,14.49
2024-11-05 10:00:00,-0.166,1.8699999999999999,1025.39,13.24,14.4
2024-11-05 11:00:00,0.127,2.09,1025.6399999999999,12.959999999999999,14.4
2024-11-05 12:00:00,0.459,3.44,1025.8899999999999,12.559999999999999,14.34
2024-11-05 13:00:00,0.701,2.9699999999999998,1026.02,12.32,14.3
2024-11-05 14:00:00,0.85,3.69,1025.7,12.709999999999999,14.4
2024-11-05 15:00:00,0.901,3.62,1025.33,13.27,14.5
2024-11-05 16:00:00,0.79,1.8800000000000001,1024.58,15.91,14.419999999999998
2024-11-05 17:00:00,0.488,3.07,1023.4799999999999,17.29,14.49
2024-11-05 18:00:00,0.136,3.2600000000000002,1022.54,18.07,14.6
2024-11-05 19:00:00,-0.144,1.8,1021.6299999999999,19.67,15.040000000000001
2024-11-05 20:00:00,-0.388,0.8300000000000001,1021.0799999999999,21.630000000000003,15.24
2024-11-05 21:00:00,-0.507,2.17,1020.8100000000001,20.61,15.080000000000002
2024-11-05 22:00:00,-0.477,4.25,1020.8799999999999,18.27,15.1
2024-11-05 23:00:00,-0.263,4.07,1021.1700000000001,17.96,15.02
2024-11-06 00:00:00,-0.021,3.69,1021.1200000000001,17.86,15.0
2024-11-06 01:00:00,0.18,3.34,1020.93,18.23,14.969999999999999
2024-11-06 02:00:00,0.329,6.14,1020.8199999999999,18.28,14.85
2024-11-06 03:00:00,0.41,7.459999999999999,1020.6700000000001,18.3,14.870000000000001
2024-11-06 04:00:00,0.408,6.37,1020.54,18.369999999999997,14.9
2024-11-06 05:00:00,0.257,7.8,1020.25,19.14,14.9
2024-11-06 06:00:00,0.027,7.640000000000001,1019.8299999999999,18.880000000000003,14.9
2024-11-06 07:00:00,-0.21,7.15,1019.3799999999999,18.54,14.9
2024-11-06 08:00:00,-0.415,5.75,1019.11,18.16,14.9
2024-11-06 09:00:00,-0.507,5.8,1018.8399999999999,18.080000000000002,14.9
2024-11-06 10:00:00,-0.458,5.5,1018.8199999999999,18.119999999999997,14.9
2024-11-06 11:00:00,-0.233,5.74,1018.8100000000001,17.95,14.88
2024-11-06 12:00:00,0.071,5.7,1019.11,18.19,14.8
2024-11-06 13:00:00,0.355,6.8,1018.89,18.85,14.8
2024-11-06 14:00:00,0.569,6.92,1018.3299999999999,19.91,14.8
2024-11-06 15:00:00,0.7,8.14,1017.85,20.7,14.9
2024-11-06 16:00:00,0.737,7.459999999999999,1016.85,21.130000000000003,15.0
2024-11-06 17:00:00,0.601,5.220000000000001,1016.1200000000001,21.06,15.09
2024-11-06 18:00:00,0.32,6.0,1015.05,22.46,15.2
2024-11-06 19:00:00,-0.012,6.9,1014.61,22.919999999999998,15.5
2024-11-06 20:00:00,-0.289,7.709999999999999,1014.8799999999999,23.490000000000002,15.73
2024-11-06 21:00:00,-0.509,6.8,1015.3299999999999,23.04,15.84
2024-11-06 22:00:00,-0.595,5.66,1015.85,22.759999999999998,15.85
2024-11-06 23:00:00,-0.533,6.609999999999999,1016.3100000000001,21.98,15.8
2024-11-07 00:00:00,-0.347,5.86,1016.54,21.15,15.809999999999999
2024-11-07 01:00:00,-0.141,5.45,1016.3,20.97,15.780000000000001
2024-11-07 02:00:00,0.071,3.8299999999999996,1016.36,20.2,15.55
2024-11-07 03:00:00,0.286,3.4,1016.4,19.69,15.27
2024-11-07 04:00:00,0.418,4.65,1016.6600000000001,18.580000000000002,15.2
2024-11-07 05:00:00,0.409,4.96,1016.57,19.380000000000003,15.280000000000001
2024-11-07 06:00:00,0.233,4.49,1016.74,18.44,15.580000000000002
2024-11-07 07:00:00,-0.008,3.22,1017.03,17.18,15.669999999999998
2024-11-07 08:00:00,-0.247,3.41,1017.1200000000001,17.369999999999997,15.6
2024-11-07 09:00:00,-0.43,3.72,1017.4200000000001,18.27,15.6
2024-11-07 10:00:00,-0.478,4.55,1017.4200000000001,19.15,15.6
2024-11-07 11:00:00,-0.385,3.17,1017.7700000000001,17.169999999999998,15.540000000000001
2024-11-07 12:00:00,-0.126,4.17,1018.43,16.66,15.5
2024-11-07 13:00:00,0.181,5.6,1018.8799999999999,17.66,15.5
2024-11-07 14:00:00,0.462,6.81,1019.01,19.380000000000003,15.5
2024-11-07 15:00:00,0.656,6.5,1018.6899999999999,19.05,15.39
2024-11-07 16:00:00,0.746,5.779999999999999,1018.18,18.72,15.3
2024-11-07 17:00:00,0.712,5.1899999999999995,1017.4200000000001,18.869999999999997,15.430000000000001
2024-11-07 18:00:00,0.556,5.92,1017.0799999999999,19.16,15.76
2024-11-07 19:00:00,0.298,5.7299999999999995,1017.0,19.86,16.09
2024-11-07 20:00:00,0.027,3.6700000000000004,1017.24,20.47,16.1
2024-11-07 21:00:00,-0.203,5.26,1017.5799999999999,19.759999999999998,16.1
2024-11-07 22:00:00,-0.393,5.15,1018.14,18.86,16.07
2024-11-07 23:00:00,-0.452,4.26,1019.0899999999999,17.69,15.9
2024-11-08 00:00:00,-0.355,3.63,1019.75,16.619999999999997,15.8
2024-11-08 01:00:00,-0.191,3.9899999999999998,1019.9,15.74,15.790000000000001
2024-11-08 02:00:00,0.027,3.1399999999999997,1019.9799999999999,14.959999999999999,15.679999999999998
2024-11-08 03:00:00,0.279,3.53,1019.65,14.37,15.6
2024-11-08 04:00:00,0.503,4.42,1019.4100000000001,13.74,15.580000000000002
2024-11-08 05:00:00,0.633,4.29,1019.21,13.309999999999999,15.5
2024-11-08 06:00:00,0.601,3.78,1018.8799999999999,12.85,15.5
2024-11-08 07:00:00,0.384,2.65,1018.7299999999999,12.58,15.5
2024-11-08 08:00:00,0.156,3.15,1018.68,12.55,15.39
2024-11-08 09:00:00,-0.01,4.4399999999999995,1018.65,12.059999999999999,15.23
2024-11-08 10:00:00,-0.156,4.35,1018.43,11.540000000000001,15.129999999999999
2024-11-08 11:00:00,-0.245,4.55,1018.45,11.120000000000001,15.02
2024-11-08 12:00:00,-0.163,5.83,1018.25,11.02,15.0
2024-11-08 13:00:00,0.021,7.19,1017.9,11.85,14.98
2024-11-08 14:00:00,0.289,7.959999999999999,1017.47,12.830000000000002,14.9
2024-11-08 15:00:00,0.535,7.88,1016.55,13.819999999999999,15.0
2024-11-08 16:00:00,0.7,7.970000000000001,1014.9200000000001,15.16,15.059999999999999
2024-11-08 17:00:00,0.779,9.129999999999999,1013.1,16.9,15.16
2024-11-08 18:00:00,0.76,9.99,1011.9,17.64,15.25
2024-11-08 19:00:00,0.582,9.709999999999999,1010.9100000000001,18.1,15.320000000000002
2024-11-08 20:00:00,0.268,8.92,1010.93,18.130000000000003,15.4
2024-11-08 21:00:00,-0.029,9.4,1011.04,18.19,15.39
2024-11-08 22:00:00,-0.236,7.5,1011.85,17.85,15.3
2024-11-08 23:00:00,-0.412,7.279999999999999,1012.54,17.47,15.3
2024-11-09 00:00:00,-0.512,7.140000000000001,1013.1600000000001,17.009999999999998,15.3
2024-11-09 01:00:00,-0.508,10.17,1014.5799999999999,16.19,15.219999999999999
2024-11-09 02:00:00,-0.345,9.3,1015.97,14.709999999999999,15.1
2024-11-09 03:00:00,-0.194,9.959999999999999,1016.8299999999999,14.14,15.030000000000001
2024-11-09 04:00:00,0.004,10.290000000000001,1017.36,13.62,14.969999999999999
2024-11-09 05:00:00,0.223,10.559999999999999,1018.24,12.86,14.9
2024-11-09 06:00:00,0.292,11.07,1019.8700000000001,11.190000000000001,14.8
2024-11-09 07:00:00,0.173,10.56,1020.9399999999999,9.89,14.74
2024-11-09 08:00:00,0.041,8.459999999999999,1022.03,8.91,14.64
2024-11-09 09:00:00,-0.074,7.409999999999999,1023.53,8.11,14.51
2024-11-09 10:00:00,-0.171,6.88,1024.66,7.35,14.38
2024-11-09 11:00:00,-0.316,6.409999999999999,1026.03,6.9,14.3
2024-11-09 12:00:00,-0.464,6.5200000000000005,1027.1100000000001,6.81,14.36
2024-11-09 13:00:00,-0.454,6.13,1027.59,7.159999999999999,14.3
2024-11-09 14:00:00,-0.266,5.4,1027.74,7.7,14.24
2024-11-09 15:00:00,0.048,4.76,1028.02,8.49,14.36
2024-11-09 16:00:00,0.399,3.88,1027.78,9.36,14.5
2024-11-09 17:00:00,0.629,4.01,1027.3200000000002,10.39,14.59
2024-11-09 18:00:00,0.731,3.9299999999999997,1027.02,11.05,14.6
2024-11-09 19:00:00,0.683,4.46,1027.02,11.940000000000001,14.6
2024-11-09 20:00:00,0.452,4.2,1027.6399999999999,12.18,14.6
2024-11-09 21:00:00,0.14,4.88,1027.82,12.24,14.540000000000001
2024-11-09 22:00:00,-0.079,4.01,1028.44,12.01,14.5
2024-11-09 23:00:00,-0.25,3.8899999999999997,1028.8600000000001,11.75,14.5
2024-11-10 00:00:00,-0.419,3.56,1029.22,11.48,14.5
2024-11-10 01:00:00,-0.526,3.3,1029.45,11.129999999999999,14.5
2024-11-10 02:00:00,-0.505,3.5100000000000002,1029.72,10.89,14.5
2024-11-10 03:00:00,-0.256,3.19,1029.6100000000001,10.669999999999998,14.26
2024-11-10 04:00:00,0.114,3.3899999999999997,1029.66,10.33,14.1
2024-11-10 05:00:00,0.5,2.6,1029.48,10.129999999999999,14.1
2024-11-10 06:00:00,0.755,2.7,1029.31,10.209999999999999,14.1
2024-11-10 07:00:00,0.798,1.72,1029.3799999999999,10.0,14.27
2024-11-10 08:00:00,0.667,1.0,1029.0700000000002,9.91,14.49
2024-11-10 09:00:00,0.441,2.3600000000000003,1028.8,9.709999999999999,14.440000000000001
2024-11-10 10:00:00,0.241,2.07,1028.49,9.11,14.05
2024-11-10 11:00:00,0.067,1.46,1027.9,8.9,13.88
2024-11-10 12:00:00,-0.1,2.07,1027.5,8.870000000000001,13.8
2024-11-10 13:00:00,-0.207,2.67,1027.3799999999999,9.53,13.8
2024-11-10 14:00:00,-0.218,1.58,1026.99,10.41,13.820000000000002
2024-11-10 15:00:00,-0.03,3.54,1026.42,12.1,13.8
2024-11-10 16:00:00,0.241,5.85,1025.72,12.61,13.89
2024-11-10 17:00:00,0.495,4.66,1023.9799999999999,13.190000000000001,13.9
2024-11-10 18:00:00,0.708,4.51,1023.1299999999999,13.6,13.9
2024-11-10 19:00:00,0.817,4.7299999999999995,1021.8799999999999,14.180000000000001,13.9
2024-11-10 20:00:00,0.829,5.68,1021.0600000000001,13.98,13.9
2024-11-10 21:00:00,0.654,5.14,1020.45,13.61,13.9
2024-11-10 22:00:00,0.381,3.1900000000000004,1019.85,13.38,13.9
2024-11-10 23:00:00,0.092,2.63,1019.1,13.440000000000001,13.870000000000001
2024-11-11 00:00:00,-0.168,4.16,1017.79,13.719999999999999,13.86
2024-11-11 01:00:00,-0.432,4.63,1016.3100000000001,14.040000000000001,13.8
2024-11-11 02:00:00,-0.561,4.66,1015.3,14.8,13.790000000000001
2024-11-11 03:00:00,-0.446,6.01,1014.3700000000001,15.2,13.77
2024-11-11 04:00:00,-0.124,6.88,1013.3,14.45,13.73
2024-11-11 05:00:00,0.276,7.15,1012.15,14.65,13.8
2024-11-11 06:00:00,0.585,9.02,1011.0,15.2,13.8
2024-11-11 07:00:00,0.727,9.620000000000001,1010.51,15.36,13.8
2024-11-11 08:00:00,0.701,8.14,1009.3100000000001,15.219999999999999,13.8
2024-11-11 09:00:00,0.581,9.559999999999999,1008.9100000000001,15.559999999999999,13.75
2024-11-11 10:00:00,0.377,8.2,1009.0600000000001,15.679999999999998,13.8
2024-11-11 11:00:00,0.198,8.47,1009.0,15.679999999999998,13.8
2024-11-11 12:00:00,-0.003,7.24,1008.9399999999999,15.669999999999998,13.8
2024-11-11 13:00:00,-0.27,7.040000000000001,1008.76,16.02,13.8
2024-11-11 14:00:00,-0.515,6.4799999999999995,1008.6600000000001,15.99,13.809999999999999
2024-11-11 15:00:00,-0.568,5.24,1008.43,15.780000000000001,13.9
2024-11-11 16:00:00,-0.393,5.0200000000000005,1007.5899999999999,16.17,13.919999999999998
2024-11-11 17:00:00,-0.049,5.68,1006.57,16.55,14.030000000000001
2024-11-11 18:00:00,0.38,6.85,1005.89,17.02,14.129999999999999
2024-11-11 19:00:00,0.705,7.76,1005.4,17.44,14.14
2024-11-11 20:00:00,0.826,7.57,1005.3,17.130000000000003,14.169999999999998
2024-11-11 21:00:00,0.787,7.529999999999999,1005.2700000000001,17.05,14.2
2024-11-11 22:00:00,0.597,7.07,1005.75,16.48,14.280000000000001
2024-11-11 23:00:00,0.303,6.69,1006.4799999999999,16.16,14.2
2024-11-12 00:00:00,0.008,5.96,1006.9799999999999,15.690000000000001,14.2
2024-11-12 01:00:00,-0.316,4.0600000000000005,1007.24,14.940000000000001,14.2
2024-11-12 02:00:00,-0.555,3.4799999999999995,1007.14,14.55,14.2
2024-11-12 03:00:00,-0.668,3.7299999999999995,1007.11,13.969999999999999,14.2
2024-11-12 04:00:00,-0.524,6.609999999999999,1007.1300000000001,14.95,14.080000000000002
2024-11-12 05:00:00,-0.174,6.55,1007.4,14.37,13.98
2024-11-12 06:00:00,0.274,7.88,1007.8299999999999,14.23,13.86
2024-11-12 07:00:00,0.639,9.84,1008.8299999999999,13.74,13.8
2024-11-12 08:00:00,0.876,10.75,1009.53,12.77,14.040000000000001
2024-11-12 09:00:00,0.94,12.709999999999999,1010.68,11.55,14.11
2024-11-12 10:00:00,0.692,13.319999999999999,1011.82,11.139999999999999,13.85
2024-11-12 11:00:00,0.356,10.93,1012.97,11.059999999999999,14.05
2024-11-12 12:00:00,0.054,10.67,1013.96,11.02,14.02
2024-11-12 13:00:00,-0.195,11.67,1014.8100000000001,10.88,13.89
2024-11-12 14:00:00,-0.422,11.05,1015.8,10.78,13.65
2024-11-12 15:00:00,-0.578,11.68,1017.01,10.59,13.6
2024-11-12 16:00:00,-0.587,9.89,1017.5200000000001,10.940000000000001,13.6
2024-11-12 17:00:00,-0.403,9.959999999999999,1017.93,11.129999999999999,13.59
2024-11-12 18:00:00,-0.06,9.129999999999999,1018.36,11.3,13.6
2024-11-12 19:00:00,0.34,9.52,1019.3299999999999,11.059999999999999,13.6
2024-11-12 20:00:00,0.609,9.370000000000001,1020.71,10.42,13.55
2024-11-12 21:00:00,0.777,7.470000000000001,1021.97,9.8,13.5
2024-11-12 22:00:00,0.833,8.379999999999999,1023.49,9.24,13.540000000000001
2024-11-12 23:00:00,0.632,7.43,1024.6299999999999,8.86,13.74
2024-11-13 00:00:00,0.267,7.51,1025.49,8.15,13.64
2024-11-13 01:00:00,-0.112,6.16,1026.23,7.529999999999999,13.190000000000001
2024-11-13 02:00:00,-0.474,7.0200000000000005,1026.8799999999999,6.959999999999999,12.969999999999999
2024-11-13 03:00:00,-0.705,6.36,1027.35,6.529999999999999,12.88
2024-11-13 04:00:00,-0.754,5.7700000000000005,1028.26,6.14,12.719999999999999
2024-11-13 05:00:00,-0.458,5.67,1028.65,5.64,12.62
2024-11-13 06:00:00,0.018,4.36,1029.17,5.16,12.53
2024-11-13 07:00:00,0.474,4.74,1029.8700000000001,4.76,12.459999999999999
2024-11-13 08:00:00,0.819,5.25,1030.3799999999999,4.38,12.559999999999999
2024-11-13 09:00:00,1.063,6.409999999999999,1030.76,4.14,13.14
2024-11-13 10:00:00,1.188,6.29,1031.48,3.8200000000000003,13.4
2024-11-13 11:00:00,1.136,6.34,1032.1799999999998,3.53,13.5
2024-11-13 12:00:00,0.868,6.609999999999999,1032.8799999999999,3.6700000000000004,13.36
2024-11-13 13:00:00,0.53,6.2299999999999995,1033.3899999999999,4.11,13.040000000000001
2024-11-13 14:00:00,0.127,4.93,1033.92,4.7,12.9
2024-11-13 15:00:00,-0.223,4.529999999999999,1033.89,5.46,12.9
2024-11-13 16:00:00,-0.443,3.88,1033.3600000000001,6.2,12.84
2024-11-13 17:00:00,-0.46,3.6100000000000003,1032.6399999999999,6.85,12.58
2024-11-13 18:00:00,-0.19,2.46,1032.26,7.859999999999999,12.6
2024-11-13 19:00:00,0.191,1.98,1031.56,8.66,12.62
2024-11-13 20:00:00,0.599,1.1400000000000001,1031.34,8.73,12.7
2024-11-13 21:00:00,0.919,0.16999999999999998,1031.28,9.17,12.820000000000002
2024-11-13 22:00:00,1.155,2.3899999999999997,1031.41,8.55,13.01
2024-11-13 23:00:00,1.151,2.95,1031.73,8.709999999999999,13.1
2024-11-14 00:00:00,0.909,2.1,1031.7800000000002,8.47,13.1
2024-11-14 01:00:00,0.517,3.18,1031.8200000000002,8.290000000000001,12.95
2024-11-14 02:00:00,0.11,4.4399999999999995,1031.1799999999998,7.68,12.4
2024-11-14 03:00:00,-0.253,4.76,1030.7800000000002,7.38,12.18
2024-11-14 04:00:00,-0.494,4.97,1030.67,7.25,12.5
2024-11-14 05:00:00,-0.494,6.029999999999999,1030.3600000000001,7.340000000000001,12.88
2024-11-14 06:00:00,-0.209,6.56,1029.3700000000001,7.109999999999999,12.669999999999998
2024-11-14 07:00:00,0.242,6.39,1029.21,6.75,12.6
2024-11-14 08:00:00,0.698,5.319999999999999,1028.9,6.35,12.6
2024-11-14 09:00:00,1.068,5.68,1028.58,6.01,12.6
2024-11-14 10:00:00,1.37,5.76,1028.3200000000002,5.87,12.6
2024-11-14 11:00:00,1.507,4.0200000000000005,1028.88,5.34,12.809999999999999
2024-11-14 12:00:00,1.387,4.66,1028.93,5.1899999999999995,12.959999999999999
2024-11-14 13:00:00,1.042,5.5600000000000005,1028.24,5.71,12.98
2024-11-14 14:00:00,0.603,4.75,1027.59,6.1,12.809999999999999
2024-11-14 15:00:00,0.174,3.7299999999999995,1026.92,6.45,12.6
2024-11-14 16:00:00,-0.154,2.5,1025.92,6.7299999999999995,12.6
2024-11-14 17:00:00,-0.373,1.27,1025.06,7.209999999999999,12.6
2024-11-14 18:00:00,-0.346,1.15,1024.1399999999999,7.209999999999999,12.6
2024-11-14 19:00:00,-0.076,1.4300000000000002,1023.4200000000001,7.140000000000001,12.6
2024-11-14 20:00:00,0.308,2.0300000000000002,1022.8700000000001,7.15,12.6
2024-11-14 21:00:00,0.706,2.27,1022.0899999999999,7.109999999999999,12.559999999999999
2024-11-14 22:00:00,1.089,2.12,1021.4799999999999,7.25,12.48
2024-11-14 23:00:00,1.311,1.22,1021.1700000000001,7.35,12.68
2024-11-15 00:00:00,1.253,1.45,1020.8,7.4,12.7
2024-11-15 01:00:00,0.969,1.86,1020.22,7.33,12.7
2024-11-15 02:00:00,0.517,1.35,1019.8100000000001,7.340000000000001,12.7
2024-11-15 03:00:00,0.106,2.27,1018.74,7.359999999999999,12.7
2024-11-15 04:00:00,-0.246,3.5100000000000002,1017.51,7.459999999999999,12.440000000000001
2024-11-15 05:00:00,-0.471,3.29,1016.95,7.359999999999999,12.120000000000001
2024-11-15 06:00:00,-0.456,2.25,1017.2699999999999,7.32,11.93
2024-11-15 07:00:00,-0.143,2.45,1017.03,7.4,12.11
2024-11-15 08:00:00,0.341,1.75,1016.75,7.32,12.01
2024-11-15 09:00:00,0.82,3.25,1015.9200000000001,7.390000000000001,11.98
2024-11-15 10:00:00,1.197,2.7600000000000002,1015.3299999999999,7.159999999999999,12.18
2024-11-15 11:00:00,1.452,3.5200000000000005,1015.4799999999999,6.83,12.48
2024-11-15 12:00:00,1.552,3.8299999999999996,1015.95,6.58,12.59
2024-11-15 13:00:00,1.377,4.59,1015.3299999999999,7.040000000000001,12.6
2024-11-15 14:00:00,0.976,4.33,1014.6899999999999,7.37,12.6
2024-11-15 15:00:00,0.485,4.5600000000000005,1013.76,7.970000000000001,12.41
2024-11-15 16:00:00,0.028,5.5,1012.2299999999999,9.34,12.01
2024-11-15 17:00:00,-0.34,5.49,1011.1,11.43,11.97
2024-11-15 18:00:00,-0.566,6.4799999999999995,1010.1700000000001,12.4,12.0
2024-11-15 19:00:00,-0.522,5.92,1009.5200000000001,13.25,12.08
2024-11-15 20:00:00,-0.177,4.7,1009.1200000000001,13.49,12.219999999999999
2024-11-15 21:00:00,0.247,4.08,1008.6899999999999,13.51,12.3
2024-11-15 22:00:00,0.676,6.0,1008.7700000000001,13.1,12.2
2024-11-15 23:00:00,1.01,5.13,1009.0899999999999,12.99,12.2
2024-11-16 00:00:00,1.195,6.3100000000000005,1008.9,13.14,12.219999999999999
2024-11-16 01:00:00,1.04,7.7299999999999995,1008.8799999999999,12.6,12.31
2024-11-16 02:00:00,0.665,8.42,1009.03,11.86,12.35
2024-11-16 03:00:00,0.26,7.610000000000001,1008.89,10.879999999999999,12.27
2024-11-16 04:00:00,-0.12,8.39,1008.96,10.129999999999999,12.08
2024-11-16 05:00:00,-0.398,8.940000000000001,1008.9799999999999,9.42,12.0
2024-11-16 06:00:00,-0.599,7.76,1009.26,9.09,12.0
2024-11-16 07:00:00,-0.566,7.340000000000001,1009.65,8.9,11.870000000000001
2024-11-16 08:00:00,-0.201,6.180000000000001,1009.71,8.69,11.7
2024-11-16 09:00:00,0.308,6.74,1009.9100000000001,8.7,11.62
2024-11-16 10:00:00,0.795,8.11,1010.28,8.53,11.57
2024-11-16 11:00:00,1.187,6.909999999999999,1011.03,8.68,11.5
2024-11-16 12:00:00,1.417,8.08,1011.54,9.41,11.6
2024-11-16 13:00:00,1.455,7.9799999999999995,1011.8699999999999,10.18,12.07
2024-11-16 14:00:00,1.219,8.0,1012.47,11.28,12.03
2024-11-16 15:00:00,0.789,9.05,1012.61,12.14,11.8
2024-11-16 16:00:00,0.285,8.8,1012.21,13.0,11.66
2024-11-16 17:00:00,-0.175,8.559999999999999,1011.75,13.74,11.69
2024-11-16 18:00:00,-0.506,8.73,1011.3299999999999,14.61,11.8
2024-11-16 19:00:00,-0.663,9.2,1011.57,15.45,11.88
2024-11-16 20:00:00,-0.554,8.7125,1012.15,15.722222222222221,11.855555555555556
2024-11-16 21:00:00,-0.222,7.9125000000000005,1012.8,15.3375,11.775
2024-11-16 22:00:00,0.222,7.13,1013.85,14.709999999999999,11.7
2024-11-16 23:00:00,0.641,6.640000000000001,1014.5,13.89,11.65
2024-11-17 00:00:00,0.941,7.8,1014.9100000000001,13.37,11.860000000000001
2024-11-17 01:00:00,1.06,8.059999999999999,1015.35,12.77,11.860000000000001
2024-11-17 02:00:00,0.884,6.590000000000001,1015.8700000000001,12.22,11.6
2024-11-17 03:00:00,0.493,6.04,1016.22,11.620000000000001,11.4
2024-11-17 04:00:00,0.103,5.42,1016.55,11.08,11.4
2024-11-17 05:00:00,-0.185,6.01,1017.01,10.540000000000001,11.4
2024-11-17 06:00:00,-0.42,6.42,1017.0899999999999,9.84,11.31
2024-11-17 07:00:00,-0.573,6.07,1017.46,9.34,11.22
2024-11-17 08:00:00,-0.51,5.93,1017.3799999999999,8.92,11.059999999999999
2024-11-17 09:00:00,-0.174,5.43,1017.79,8.84,10.9
2024-11-17 10:00:00,0.294,3.87,1018.0,8.959999999999999,10.9
2024-11-17 11:00:00,0.769,4.17,1018.28,9.0,10.81
2024-11-17 12:00:00,1.148,6.590000000000001,1018.54,9.34,11.35
2024-11-17 13:00:00,1.373,6.21,1018.86,9.3,11.669999999999998
2024-11-17 14:00:00,1.334,5.54,1018.97,9.84,11.41
2024-11-17 15:00:00,1.048,4.82,1019.0600000000001,11.22,10.959999999999999
2024-11-17 16:00:00,0.607,5.6,1018.07,11.55,10.9
2024-11-17 17:00:00,0.134,5.4799999999999995,1017.1600000000001,12.440000000000001,10.9
2024-11-17 18:00:00,-0.273,4.42,1016.57,13.3,11.03
2024-11-17 19:00:00,-0.557,5.09,1016.18,13.91,11.1
2024-11-17 20:00:00,-0.646,5.0,1015.76,14.059999999999999,11.169999999999998
2024-11-17 21:00:00,-0.458,4.43,1015.51,14.34,11.12
2024-11-17 22:00:00,-0.083,4.9799999999999995,1015.6700000000001,14.2,11.02
2024-11-17 23:00:00,0.283,4.26,1015.53,13.330000000000002,11.01
2024-11-18 00:00:00,0.628,4.9399999999999995,1015.4399999999999,13.280000000000001,11.33
2024-11-18 01:00:00,0.903,5.99,1015.04,13.09,11.61
2024-11-18 02:00:00,0.987,7.0,1014.86,12.4,11.17
2024-11-18 03:00:00,0.832,6.36,1014.47,11.48,11.0
2024-11-18 04:00:00,0.489,6.16,1014.04,10.879999999999999,10.940000000000001
2024-11-18 05:00:00,0.124,6.529999999999999,1013.4200000000001,10.68,10.82
2024-11-18 06:00:00,-0.173,7.33,1013.1200000000001,10.15,10.8
2024-11-18 07:00:00,-0.451,6.38,1012.0600000000001,9.52,10.719999999999999
2024-11-18 08:00:00,-0.574,8.72,1011.6600000000001,9.74,10.629999999999999
2024-11-18 09:00:00,-0.452,9.190000000000001,1011.6899999999999,9.95,10.6
2024-11-18 10:00:00,-0.054,8.74,1012.05,9.98,10.59
2024-11-18 11:00:00,0.393,7.9,1012.1,10.14,10.5
2024-11-18 12:00:00,0.798,6.840000000000001,1012.61,10.26,10.5
2024-11-18 13:00:00,1.087,7.07,1013.0,10.959999999999999,10.57
2024-11-18 14:00:00,1.218,5.92,1013.0,11.809999999999999,11.309999999999999
2024-11-18 15:00:00,1.169,6.0600000000000005,1012.71,12.35,11.669999999999998
2024-11-18 16:00:00,0.926,6.659999999999999,1011.89,13.24,11.23
2024-11-18 17:00:00,0.523,4.93,1011.22,14.13,11.0
2024-11-18 18:00:00,0.121,6.5,1010.4100000000001,14.819999999999999,11.0
2024-11-18 19:00:00,-0.268,6.279999999999999,1010.22,15.530000000000001,11.040000000000001
2024-11-18 20:00:00,-0.519,5.05,1010.45,15.309999999999999,11.1
2024-11-18 21:00:00,-0.558,4.6,1011.05,16.14,11.169999999999998
2024-11-18 22:00:00,-0.332,4.12,1011.76,14.559999999999999,11.2
2024-11-18 23:00:00,0.011,5.01,1012.35,15.24,11.2
2024-11-19 00:00:00,0.37,3.7399999999999998,1012.82,14.940000000000001,11.22
2024-11-19 01:00:00,0.641,3.94,1013.0899999999999,14.0,11.41
2024-11-19 02:00:00,0.799,4.7299999999999995,1013.39,13.85,11.7
2024-11-19 03:00:00,0.819,4.7299999999999995,1013.5899999999999,13.52,11.719999999999999
2024-11-19 04:00:00,0.646,4.7700000000000005,1013.71,12.73,11.75
2024-11-19 05:00:00,0.394,5.2700000000000005,1013.86,12.190000000000001,11.5
2024-11-19 06:00:00,0.089,5.43,1014.0200000000001,11.7,11.0
2024-11-19 07:00:00,-0.181,5.86,1014.39,11.07,10.82
2024-11-19 08:00:00,-0.444,5.61,1014.46,10.309999999999999,10.780000000000001
2024-11-19 09:00:00,-0.547,4.67,1014.8,9.940000000000001,10.709999999999999
2024-11-19 10:00:00,-0.377,4.4399999999999995,1014.89,9.43,10.69
2024-11-19 11:00:00,0.008,3.5,1014.99,9.05,10.73
2024-11-19 12:00:00,0.46,3.54,1015.3100000000001,9.4,10.790000000000001
2024-11-19 13:00:00,0.787,4.0,1015.3100000000001,9.940000000000001,11.41
2024-11-19 14:00:00,1.042,3.9799999999999995,1015.24,10.32,11.629999999999999
2024-11-19 15:00:00,1.153,4.17,1015.01,10.8,11.7
2024-11-19 16:00:00,1.07,2.32,1013.9,11.4,11.84
2024-11-19 17:00:00,0.768,1.6300000000000001,1013.5,11.5,11.77
2024-11-19 18:00:00,0.366,1.3900000000000001,1012.85,12.59,11.34
2024-11-19 19:00:00,-0.001,2.66,1012.54,13.15,11.3
2024-11-19 20:00:00,-0.271,1.45,1012.07,13.1,11.26
2024-11-19 21:00:00,-0.45,2.79,1011.95,12.08,11.209999999999999
2024-11-19 22:00:00,-0.457,2.77,1011.7299999999999,11.27,11.3
2024-11-19 23:00:00,-0.262,1.35,1011.3100000000001,10.84,11.2
2024-11-20 00:00:00,0.025,1.44,1011.2700000000001,10.9,11.2
2024-11-20 01:00:00,0.315,0.93,1011.45,11.02,11.209999999999999
2024-11-20 02:00:00,0.584,2.32,1011.51,11.25,11.629999999999999
2024-11-20 03:00:00,0.803,2.48,1011.51,11.36,11.669999999999998
2024-11-20 04:00:00,0.84,3.7,1011.24,11.690000000000001,11.3
2024-11-20 05:00:00,0.706,3.9299999999999997,1010.5799999999999,11.55,11.0
2024-11-20 06:00:00,0.406,3.4200000000000004,1010.22,11.31,10.940000000000001
2024-11-20 07:00:00,0.137,2.41,1010.2,11.2,10.9
2024-11-20 08:00:00,-0.1,2.1100000000000003,1010.07,11.05,10.9
2024-11-20 09:00:00,-0.268,1.6,1009.54,11.07,10.84
2024-11-20 10:00:00,-0.286,1.33,1009.64,11.51,10.8
2024-11-20 11:00:00,-0.073,0.9400000000000001,1009.9200000000001,11.11,10.790000000000001
2024-11-20 12:00:00,0.275,1.26,1010.21,10.879999999999999,10.7
2024-11-20 13:00:00,0.623,0.6599999999999999,1010.3199999999999,11.41,11.07
2024-11-20 14:00:00,0.9,0.53,1010.0,11.52,11.540000000000001
2024-11-20 15:00:00,1.035,0.9,1009.6899999999999,11.77,11.760000000000002
2024-11-20 16:00:00,1.126,1.3800000000000001,1009.0899999999999,12.59,11.6
2024-11-20 17:00:00,1.027,3.12,1008.4399999999999,12.629999999999999,11.33
2024-11-20 18:00:00,0.758,3.2299999999999995,1008.0899999999999,12.98,11.1
2024-11-20 19:00:00,0.447,2.8,1007.89,13.12,11.1
2024-11-20 20:00:00,0.107,2.87,1007.5,13.2,11.1
2024-11-20 21:00:00,-0.144,2.7800000000000002,1007.29,13.12,11.1
2024-11-20 22:00:00,-0.297,2.7800000000000002,1007.2700000000001,13.12,11.1
2024-11-20 23:00:00,-0.243,3.31,1006.71,13.030000000000001,11.02
2024-11-21 00:00:00,-0.034,3.69,1006.4200000000001,12.99,10.98
2024-11-21 01:00:00,0.219,3.88,1006.1700000000001,13.25,11.06
2024-11-21 02:00:00,0.487,5.41,1005.93,13.36,11.62
2024-11-21 03:00:00,0.715,6.4,1005.29,13.219999999999999,11.82
2024-11-21 04:00:00,0.94,7.74,1003.9200000000001,12.78,11.9
2024-11-21 05:00:00,1.036,8.1,1003.6600000000001,12.34,11.9
2024-11-21 06:00:00,0.943,8.290000000000001,1002.47,11.59,12.05
2024-11-21 07:00:00,0.762,5.7,1003.5899999999999,10.92,12.1
2024-11-21 08:00:00,0.472,4.86,1003.21,10.28,12.1
2024-11-21 09:00:00,0.305,4.75,1002.8799999999999,9.97,12.08
2024-11-21 10:00:00,0.142,6.13,1002.53,9.639999999999999,12.0
2024-11-21 11:00:00,-0.074,6.590000000000001,1001.8299999999999,9.059999999999999,12.0
2024-11-21 12:00:00,0.084,6.42,1001.6899999999999,8.69,11.92
2024-11-21 13:00:00,0.527,6.34,1001.03,8.81,11.940000000000001
2024-11-21 14:00:00,0.971,4.75,1000.5899999999999,8.82,12.05
2024-11-21 15:00:00,1.089,4.71,1000.01,8.6,12.059999999999999
2024-11-21 16:00:00,1.067,5.6,998.76,8.739999999999998,12.0
2024-11-21 17:00:00,1.162,5.09,998.04,8.879999999999999,12.02
2024-11-21 18:00:00,1.187,4.58,997.46,9.03,12.09
2024-11-21 19:00:00,1.046,3.84,997.4799999999999,8.99,12.16
2024-11-21 20:00:00,0.79,3.5700000000000003,998.0,8.76,12.2
2024-11-21 21:00:00,0.487,8.370000000000001,998.3,8.120000000000001,12.2
2024-11-21 22:00:00,0.185,11.690000000000001,998.22,6.63,12.129999999999999
2024-11-21 23:00:00,-0.096,11.85,998.4,6.11,11.959999999999999
2024-11-22 00:00:00,-0.154,12.059999999999999,998.1899999999999,5.65,11.790000000000001
2024-11-22 01:00:00,-0.04,13.040000000000001,997.54,5.3100000000000005,11.57
2024-11-22 02:00:00,0.222,12.36,996.97,4.99,11.39
2024-11-22 03:00:00,0.456,12.33,996.4,5.1,11.330000000000002
2024-11-22 04:00:00,0.711,12.4,995.75,5.05,11.290000000000001
2024-11-22 05:00:00,0.853,12.72,995.04,4.970000000000001,11.19
2024-11-22 06:00:00,0.81,12.9,994.5600000000001,5.12,11.15
2024-11-22 07:00:00,0.612,13.059999999999999,994.35,5.5200000000000005,11.02
2024-11-22 08:00:00,0.331,13.01,994.05,5.7,10.89
2024-11-22 09:00:00,0.143,12.41,994.05,5.8,10.76
2024-11-22 10:00:00,0.015,13.5,993.96,5.5200000000000005,10.61
2024-11-22 11:00:00,-0.162,12.930000000000001,994.1200000000001,5.2299999999999995,10.45
2024-11-22 12:00:00,-0.265,12.86,994.24,4.95,10.31
2024-11-22 13:00:00,-0.175,12.209999999999999,994.5600000000001,4.71,10.219999999999999
2024-11-22 14:00:00,0.081,11.15,995.01,4.7700000000000005,10.2
2024-11-22 15:00:00,0.406,9.89,995.51,4.95,10.129999999999999
2024-11-22 16:00:00,0.67,9.47,995.3799999999999,4.79,10.059999999999999
2024-11-22 17:00:00,0.794,8.64,995.18,4.64,10.1
2024-11-22 18:00:00,0.814,9.290000000000001,994.9,5.09,10.1
2024-11-22 19:00:00,0.689,9.03,994.8,4.89,10.1
2024-11-22 20:00:00,0.491,8.129999999999999,994.97,4.890000000000001,10.0
2024-11-22 21:00:00,0.295,7.49,995.29,4.7299999999999995,9.9
2024-11-22 22:00:00,0.093,6.36,995.57,4.33,9.9
2024-11-22 23:00:00,-0.084,5.0,995.6800000000001,3.94,9.830000000000002
2024-11-23 00:00:00,-0.195,4.61,995.72,3.46,9.75
2024-11-23 01:00:00,-0.196,3.9799999999999995,995.8299999999999,3.2399999999999998,9.66
2024-11-23 02:00:00,-0.046,3.28,995.89,2.92,9.65
2024-11-23 03:00:00,0.228,2.45,995.8,2.81,9.72
2024-11-23 04:00:00,0.54,2.7600000000000002,995.76,2.8899999999999997,9.88
2024-11-23 05:00:00,0.807,3.29,995.65,3.12,9.82
2024-11-23 06:00:00,0.961,4.869999999999999,995.9200000000001,3.56,10.1
2024-11-23 07:00:00,0.952,6.42,996.3100000000001,3.7600000000000002,10.4
2024-11-23 08:00:00,0.794,6.529999999999999,996.74,4.05,10.16
2024-11-23 09:00:00,0.585,6.65,997.5600000000001,4.7,10.0
2024-11-23 10:00:00,0.363,7.0200000000000005,997.96,4.93,10.169999999999998
2024-11-23 11:00:00,0.134,9.93,998.6899999999999,4.95,10.27
2024-11-23 12:00:00,-0.015,10.25,999.6,5.1899999999999995,10.0
2024-11-23 13:00:00,-0.092,10.8,1000.5899999999999,5.57,9.93
2024-11-23 14:00:00,0.016,12.32,1001.4799999999999,6.25,9.89
2024-11-23 15:00:00,0.208,12.76,1001.7,7.2700000000000005,9.870000000000001
2024-11-23 16:00:00,0.389,13.819999999999999,1001.47,8.1,9.9
2024-11-23 17:00:00,0.477,13.540000000000001,1001.93,8.68,10.0
2024-11-23 18:00:00,0.507,13.73,1002.4200000000001,9.309999999999999,10.0
2024-11-23 19:00:00,0.498,15.040000000000001,1002.61,9.65,10.0
2024-11-23 20:00:00,0.42,15.48,1003.0200000000001,9.58,10.0
2024-11-23 21:00:00,0.201,15.540000000000001,1003.75,9.38,10.0
2024-11-23 22:00:00,-0.132,13.86,1004.4100000000001,9.15,10.0
2024-11-23 23:00:00,-0.328,11.43,1005.29,8.99,9.91
2024-11-24 00:00:00,-0.437,10.47,1005.8700000000001,8.809999999999999,9.9
2024-11-24 01:00:00,-0.528,9.39,1006.49,8.45,9.830000000000002
2024-11-24 02:00:00,-0.55,8.89,1006.9100000000001,9.1,9.8
2024-11-24 03:00:00,-0.444,9.66,1007.0899999999999,9.45,9.709999999999999
2024-11-24 04:00:00,-0.17,12.55,1007.6899999999999,9.7,9.6
2024-11-24 05:00:00,0.093,10.6,1008.1600000000001,9.62,9.58
2024-11-24 06:00:00,0.273,11.84,1008.55,9.58,9.5
2024-11-24 07:00:00,0.382,13.34,1009.5600000000001,9.42,9.459999999999999
2024-11-24 08:00:00,0.334,10.47,1010.35,9.27,9.4
2024-11-24 09:00:00,0.188,9.74,1011.01,8.84,9.360000000000001
2024-11-24 10:00:00,-0.014,10.26,1011.39,8.379999999999999,9.3
2024-11-24 11:00:00,-0.201,9.540000000000001,1012.07,7.92,9.27
2024-11-24 12:00:00,-0.383,10.05,1012.71,8.190000000000001,9.2
2024-11-24 13:00:00,-0.603,9.07,1013.1299999999999,8.16,9.139999999999999
2024-11-24 14:00:00,-0.67,9.65,1013.4200000000001,8.540000000000001,9.05
2024-11-24 15:00:00,-0.556,10.0,1013.1600000000001,9.47,9.07
2024-11-24 16:00:00,-0.337,10.15,1012.6899999999999,9.99,9.15
2024-11-24 17:00:00,-0.114,10.620000000000001,1012.3700000000001,10.36,9.26
2024-11-24 18:00:00,0.067,12.55,1012.0600000000001,10.84,9.38
2024-11-24 19:00:00,0.178,11.120000000000001,1011.86,11.12,9.4
2024-11-24 20:00:00,0.174,9.940000000000001,1012.26,10.99,9.4
2024-11-24 21:00:00,0.107,10.15,1012.79,10.67,9.4
2024-11-24 22:00:00,-0.04,8.16,1013.5,10.45,9.4
2024-11-24 23:00:00,-0.211,9.15,1014.2,10.25,9.4
2024-11-25 00:00:00,-0.437,8.09,1015.3299999999999,9.93,9.4
2024-11-25 01:00:00,-0.665,6.659999999999999,1016.1600000000001,9.42,9.4
2024-11-25 02:00:00,-0.828,6.93,1016.3399999999999,9.139999999999999,9.4
2024-11-25 03:00:00,-0.827,6.93,1016.5,8.82,9.4
2024-11-25 04:00:00,-0.615,7.959999999999999,1017.04,8.53,9.31
2024-11-25 05:00:00,-0.294,8.559999999999999,1016.9799999999999,8.22,9.3
2024-11-25 06:00:00,0.028,8.47,1017.1,7.94,9.219999999999999
2024-11-25 07:00:00,0.254,8.809999999999999,1017.3299999999999,7.76,9.19
2024-11-25 08:00:00,0.351,8.22,1017.7,7.4,9.1
2024-11-25 09:00:00,0.31,6.840000000000001,1017.79,7.2,9.02
2024-11-25 10:00:00,0.166,7.12,1018.35,6.959999999999999,9.0
2024-11-25 11:00:00,-0.008,6.11,1018.93,6.610000000000001,9.0
2024-11-25 12:00:00,-0.212,6.36,1019.3,6.05,8.97
2024-11-25 13:00:00,-0.423,6.15,1019.54,6.51,9.0
2024-11-25 14:00:00,-0.557,5.11,1019.7,6.88,9.0
2024-11-25 15:00:00,-0.535,5.319999999999999,1019.65,7.25,9.0
2024-11-25 16:00:00,-0.386,5.279999999999999,1018.9100000000001,7.81,9.059999999999999
2024-11-25 17:00:00,-0.146,5.35,1018.0899999999999,8.59,9.129999999999999
2024-11-25 18:00:00,0.096,4.9399999999999995,1017.54,9.790000000000001,9.27
2024-11-25 19:00:00,0.256,3.87,1017.21,11.040000000000001,9.48
2024-11-25 20:00:00,0.377,2.07,1017.2,11.309999999999999,9.58
2024-11-25 21:00:00,0.431,1.85,1017.1200000000001,10.59,9.6
2024-11-25 22:00:00,0.386,1.01,1017.45,9.57,9.6
2024-11-25 23:00:00,0.21,2.52,1017.4799999999999,9.6,9.55
2024-11-26 00:00:00,-0.054,1.0699999999999998,1017.6299999999999,9.49,9.51
2024-11-26 01:00:00,-0.321,1.46,1017.6600000000001,9.58,9.5
2024-11-26 02:00:00,-0.54,2.3899999999999997,1017.3799999999999,9.95,9.5
2024-11-26 03:00:00,-0.605,2.94,1016.8799999999999,9.97,9.5
2024-11-26 04:00:00,-0.468,4.54,1016.53,10.26,9.52
2024-11-26 05:00:00,-0.163,3.6700000000000004,1015.72,10.39,9.6
2024-11-26 06:00:00,0.184,3.85,1014.85,10.5,9.66
2024-11-26 07:00:00,0.47,4.11,1013.96,10.66,9.7
2024-11-26 08:00:00,0.64,4.17,1012.8700000000001,11.36,9.7
2024-11-26 09:00:00,0.742,4.7,1011.76,12.22,9.7
2024-11-26 10:00:00,0.725,5.3100000000000005,1010.5600000000001,12.830000000000002,9.7
2024-11-26 11:00:00,0.614,6.34,1009.64,13.11,9.74
2024-11-26 12:00:00,0.428,6.8,1009.0200000000001,13.01,9.8
2024-11-26 13:00:00,0.204,4.3100000000000005,1010.1600000000001,11.879999999999999,9.8
2024-11-26 14:00:00,-0.042,2.32,1009.72,11.309999999999999,9.8
2024-11-26 15:00:00,-0.2,4.7,1009.89,10.89,9.8
2024-11-26 16:00:00,-0.233,6.3,1009.7299999999999,11.1,9.84
2024-11-26 17:00:00,-0.121,7.88,1009.6899999999999,11.17,9.9
2024-11-26 18:00:00,0.054,6.640000000000001,1009.9399999999999,11.879999999999999,9.9
2024-11-26 19:00:00,0.25,4.62,1010.1700000000001,12.690000000000001,9.93
2024-11-26 20:00:00,0.45,7.659999999999999,1010.8799999999999,13.280000000000001,9.91
2024-11-26 21:00:00,0.56,6.840000000000001,1011.78,13.080000000000002,9.9
2024-11-26 22:00:00,0.594,8.11,1012.9100000000001,12.75,9.9
2024-11-26 23:00:00,0.487,9.43,1013.99,11.86,9.9
2024-11-27 00:00:00,0.272,8.67,1014.8700000000001,11.15,9.9
2024-11-27 01:00:00,-0.037,8.85,1015.4100000000001,10.559999999999999,9.830000000000002
2024-11-27 02:00:00,-0.357,7.87,1015.4799999999999,9.93,9.81
2024-11-27 03:00:00,-0.598,6.35,1015.9,9.32,9.8
2024-11-27 04:00:00,-0.632,6.49,1016.15,8.92,9.8
2024-11-27 05:00:00,-0.399,5.82,1016.65,7.99,9.76
2024-11-27 06:00:00,-0.017,6.36,1016.85,7.720000000000001,9.66
2024-11-27 07:00:00,0.38,6.15,1017.21,7.43,9.58
2024-11-27 08:00:00,0.607,5.92,1017.29,6.92,9.51
2024-11-27 09:00:00,0.66,5.92,1017.1700000000001,7.07,9.5
2024-11-27 10:00:00,0.634,5.75,1017.47,6.709999999999999,9.55
2024-11-27 11:00:00,0.572,5.39,1017.85,6.2299999999999995,9.6
2024-11-27 12:00:00,0.419,5.18,1018.22,6.34,9.47
2024-11-27 13:00:00,0.201,6.67,1018.54,6.6,9.35
2024-11-27 14:00:00,-0.056,7.7,1018.46,7.029999999999999,9.2
2024-11-27 15:00:00,-0.321,8.55,1018.4399999999999,7.709999999999999,9.2
2024-11-27 16:00:00,-0.527,7.08,1018.1,8.25,9.23
2024-11-27 17:00:00,-0.553,7.359999999999999,1017.3799999999999,8.639999999999999,9.3
2024-11-27 18:00:00,-0.33,6.709999999999999,1016.95,9.15,9.35
2024-11-27 19:00:00,-0.032,5.63,1016.5600000000001,9.76,9.4
2024-11-27 20:00:00,0.282,5.88,1016.57,9.95,9.4
2024-11-27 21:00:00,0.498,4.4,1016.61,9.76,9.43
2024-11-27 22:00:00,0.588,4.08,1016.8399999999999,9.25,9.68
2024-11-27 23:00:00,0.526,3.9200000000000004,1016.5799999999999,8.809999999999999,9.55
2024-11-28 00:00:00,0.325,3.13,1016.51,8.4,9.34
2024-11-28 01:00:00,0.072,1.51,1016.4,8.23,9.290000000000001
2024-11-28 02:00:00,-0.167,1.97,1016.07,8.059999999999999,9.2
2024-11-28 03:00:00,-0.351,2.2800000000000002,1015.8799999999999,8.059999999999999,9.2
2024-11-28 04:00:00,-0.45,1.19,1015.2299999999999,7.909999999999999,9.2
2024-11-28 05:00:00,-0.383,1.19,1014.89,8.09,9.2
2024-11-28 06:00:00,-0.158,1.1700000000000002,1014.14,7.57,9.2
2024-11-28 07:00:00,0.166,1.1099999999999999,1013.6299999999999,8.0,9.27
2024-11-28 08:00:00,0.488,3.44,1011.6299999999999,8.86,9.34
2024-11-28 09:00:00,0.742,3.7,1010.57,8.8,9.67
2024-11-28 10:00:00,0.941,4.7299999999999995,1010.15,7.5,10.16
2024-11-28 11:00:00,0.997,5.57,1008.1299999999999,7.43,10.12
2024-11-28 12:00:00,0.899,4.92,1005.9100000000001,8.959999999999999,10.059999999999999
2024-11-28 13:00:00,0.656,5.75,1003.86,10.2,9.9
2024-11-28 14:00:00,0.395,3.08,1002.49,11.07,9.709999999999999
2024-11-28 15:00:00,0.138,1.9300000000000002,1000.4,11.75,9.7
2024-11-28 16:00:00,-0.039,2.12,998.53,11.68,9.7
2024-11-28 17:00:00,-0.14,3.56,997.36,10.82,9.7
2024-11-28 18:00:00,-0.066,7.640000000000001,997.0600000000001,10.95,9.790000000000001
2024-11-28 19:00:00,0.063,10.47,997.68,10.190000000000001,9.8
2024-11-28 20:00:00,0.241,13.580000000000002,999.21,9.0,9.709999999999999
2024-11-28 21:00:00,0.463,13.2,1001.21,7.970000000000001,9.639999999999999
2024-11-28 22:00:00,0.469,12.53,1002.96,7.709999999999999,9.6
2024-11-28 23:00:00,0.457,13.65,1004.4200000000001,7.4799999999999995,9.53
2024-11-29 00:00:00,0.344,12.66,1005.74,6.9799999999999995,9.440000000000001
2024-11-29 01:00:00,0.108,11.559999999999999,1006.78,6.95,9.370000000000001
2024-11-29 02:00:00,-0.161,11.809999999999999,1007.82,6.85,9.360000000000001
2024-11-29 03:00:00,-0.279,10.690000000000001,1008.8100000000001,6.720000000000001,9.3
2024-11-29 04:00:00,-0.444,10.379999999999999,1009.7299999999999,6.5,9.3
2024-11-29 05:00:00,-0.56,9.559999999999999,1010.1300000000001,6.29,9.219999999999999
2024-11-29 06:00:00,-0.558,8.57,1010.7299999999999,6.2,9.2
2024-11-29 07:00:00,-0.339,7.99,1011.18,6.01,9.1
2024-11-29 08:00:00,0.008,7.220000000000001,1011.3299999999999,5.39,8.93
2024-11-29 09:00:00,0.404,7.1,1012.25,4.79,8.74
2024-11-29 10:00:00,0.723,7.44,1012.79,5.21,8.7
2024-11-29 11:00:00,0.871,6.63,1013.18,5.29,8.639999999999999
2024-11-29 12:00:00,0.794,6.62,1013.79,4.93,8.6
2024-11-29 13:00:00,0.541,7.69,1014.14,5.35,8.540000000000001
2024-11-29 14:00:00,0.189,6.85,1014.4200000000001,5.5200000000000005,8.5
2024-11-29 15:00:00,-0.154,5.58,1014.0799999999999,6.05,8.5
2024-11-29 16:00:00,-0.434,6.25,1013.3399999999999,6.609999999999999,8.51
2024-11-29 17:00:00,-0.608,7.68,1012.7700000000001,7.109999999999999,8.6
2024-11-29 18:00:00,-0.629,7.68,1012.25,7.43,8.6
2024-11-29 19:00:00,-0.441,8.51,1011.89,7.3,8.6
2024-11-29 20:00:00,-0.186,7.83,1011.9799999999999,7.01,8.6
2024-11-29 21:00:00,0.109,10.02,1012.21,6.590000000000001,8.6
2024-11-29 22:00:00,0.368,9.870000000000001,1012.7,5.5,8.53
2024-11-29 23:00:00,0.514,10.91,1013.29,5.25,8.5
2024-11-30 00:00:00,0.605,12.39,1013.89,4.220000000000001,8.39
2024-11-30 01:00:00,0.389,10.82,1014.1200000000001,3.6,8.3
2024-11-30 02:00:00,0.08,10.99,1014.43,3.3200000000000003,8.290000000000001
2024-11-30 03:00:00,-0.217,11.5,1014.6700000000001,2.87,8.19
2024-11-30 04:00:00,-0.484,10.43,1014.9399999999999,2.45,8.1
2024-11-30 05:00:00,-0.635,10.059999999999999,1014.8699999999999,2.1100000000000003,8.01
2024-11-30 06:00:00,-0.63,10.889999999999999,1014.99,1.78,7.93
2024-11-30 07:00:00,-0.426,10.33,1015.25,1.46,7.95
2024-11-30 08:00:00,-0.079,9.95,1015.3399999999999,1.24,8.05
2024-11-30 09:00:00,0.276,10.559999999999999,1015.6600000000001,0.8800000000000001,8.0
2024-11-30 10:00:00,0.506,10.440000000000001,1015.99,0.6799999999999999,8.059999999999999
2024-11-30 11:00:00,0.633,10.620000000000001,1016.3,0.41,8.03
2024-11-30 12:00:00,0.676,9.98,1016.8,0.41,8.0
2024-11-30 13:00:00,0.635,9.58,1017.39,0.54,8.05
2024-11-30 14:00:00,0.414,8.9,1017.72,0.67,8.040000000000001
2024-11-30 15:00:00,0.096,8.36,1017.49,1.08,8.0
2024-11-30 16:00:00,-0.266,7.81,1016.9399999999999,1.54,7.94
2024-11-30 17:00:00,-0.573,8.47,1016.35,2.2199999999999998,8.0
2024-11-30 18:00:00,-0.757,8.89,1015.96,2.68,8.1
2024-11-30 19:00:00,-0.721,8.959999999999999,1015.74,3.2700000000000005,8.209999999999999
2024-11-30 20:00:00,-0.432,10.07,1016.22,3.06,8.25
2024-11-30 21:00:00,-0.115,9.55,1016.6899999999999,2.94,8.2
2024-11-30 22:00:00,0.152,9.83,1017.3100000000001,2.77,8.25
2024-11-30 23:00:00,0.34,9.34,1017.9100000000001,2.42,8.38
2024-12-01 00:00:00,0.473,10.18,1018.3,1.98,8.31
2024-12-01 01:00:00,0.417,10.39,1018.72,1.45,8.24
2024-12-01 02:00:00,0.242,10.11,1018.95,1.08,8.040000000000001
2024-12-01 03:00:00,-0.064,10.09,1019.0600000000001,0.6900000000000001,7.94
2024-12-01 04:00:00,-0.346,10.76,1019.3,0.22000000000000003,7.85
2024-12-01 05:00:00,-0.536,9.629999999999999,1019.64,-0.09999999999999999,7.7299999999999995
2024-12-01 06:00:00,-0.636,8.34,1019.7700000000001,-0.89,7.6
2024-12-01 07:00:00,-0.579,8.77,1019.89,-1.1199999999999999,7.5200000000000005
2024-12-01 08:00:00,-0.334,9.08,1020.11,-1.55,7.5
2024-12-01 09:00:00,-0.005,8.34,1020.24,-1.9,7.35
2024-12-01 10:00:00,0.369,7.92,1020.46,-2.05,7.4799999999999995
2024-12-01 11:00:00,0.637,7.82,1020.8,-1.89,7.5
2024-12-01 12:00:00,0.77,6.4,1020.82,-1.8,7.42
2024-12-01 13:00:00,0.78,5.45,1020.7700000000001,-1.22,7.24
2024-12-01 14:00:00,0.581,7.8,1020.5899999999999,0.08,7.12
2024-12-01 15:00:00,0.259,7.95,1020.26,0.18,7.1
2024-12-01 16:00:00,-0.086,9.02,1019.32,1.25,7.029999999999999
2024-12-01 17:00:00,-0.418,9.51,1018.76,1.6300000000000001,7.0
2024-12-01 18:00:00,-0.694,9.92,1018.11,2.4,7.06
2024-12-01 19:00:00,-0.857,8.73,1018.0,2.43,7.1
2024-12-01 20:00:00,-0.77,7.69,1018.21,2.92,7.089999999999999
2024-12-01 21:00:00,-0.459,9.66,1018.45,3.1700000000000004,7.0
2024-12-01 22:00:00,-0.127,8.9,1018.99,3.0900000000000003,6.99
2024-12-01 23:00:00,0.172,7.9,1019.5899999999999,2.7199999999999998,7.19
2024-12-02 00:00:00,0.367,8.58,1019.96,2.6700000000000004,7.15
2024-12-02 01:00:00,0.376,8.07,1020.03,2.48,7.1
2024-12-02 02:00:00,0.241,7.87,1020.2,2.13,7.040000000000001
2024-12-02 03:00:00,0.007,6.36,1020.2700000000001,1.9400000000000002,7.0
2024-12-02 04:00:00,-0.223,5.0,1020.3199999999999,1.3800000000000001,6.959999999999999
2024-12-02 05:00:00,-0.438,6.279999999999999,1020.29,1.49,6.9
2024-12-02 06:00:00,-0.596,5.5200000000000005,1020.3399999999999,0.62,6.9
2024-12-02 07:00:00,-0.697,5.6899999999999995,1020.51,0.15,6.81
2024-12-02 08:00:00,-0.576,5.55,1020.51,-0.08,6.7700000000000005
2024-12-02 09:00:00,-0.241,6.609999999999999,1020.5600000000001,0.18,6.5200000000000005
2024-12-02 10:00:00,0.177,7.2,1020.86,0.12000000000000002,6.51
2024-12-02 11:00:00,0.534,6.890000000000001,1021.2,-0.15,6.5
2024-12-02 12:00:00,0.752,7.01,1021.6899999999999,-0.38,6.55
2024-12-02 13:00:00,0.843,5.46,1022.1,-0.25,7.01
2024-12-02 14:00:00,0.801,5.9,1022.35,-0.21000000000000002,7.109999999999999
2024-12-02 15:00:00,0.598,6.7700000000000005,1022.11,0.5,7.1
2024-12-02 16:00:00,0.254,6.43,1021.47,1.35,6.76
2024-12-02 17:00:00,-0.106,5.3100000000000005,1020.95,2.02,6.7
2024-12-02 18:00:00,-0.448,4.24,1020.49,2.84,6.7
2024-12-02 19:00:00,-0.691,5.57,1020.1700000000001,3.31,6.7
2024-12-02 20:00:00,-0.746,7.909999999999999,1020.65,3.35,6.7
2024-12-02 21:00:00,-0.563,7.93,1021.25,3.34,6.640000000000001
2024-12-02 22:00:00,-0.24,7.07,1021.9200000000001,2.91,6.51
2024-12-02 23:00:00,0.08,7.63,1022.18,2.62,6.6
2024-12-03 00:00:00,0.337,6.33,1022.5,2.25,6.4799999999999995
2024-12-03 01:00:00,0.468,6.21,1022.6,2.23,6.380000000000001
2024-12-03 02:00:00,0.435,6.0600000000000005,1022.8100000000001,2.27,6.3
2024-12-03 03:00:00,0.285,7.2,1022.8100000000001,2.35,6.3
2024-12-03 04:00:00,0.021,7.26,1022.95,2.07,6.3
2024-12-03 05:00:00,-0.188,7.42,1023.04,1.72,6.3
2024-12-03 06:00:00,-0.379,6.51,1023.1600000000001,1.3599999999999999,6.25
2024-12-03 07:00:00,-0.517,6.05,1023.5,1.22,6.2
2024-12-03 08:00:00,-0.571,6.25,1023.55,1.25,6.1899999999999995
2024-12-03 09:00:00,-0.401,6.42,1023.5799999999999,1.27,6.119999999999999
2024-12-03 10:00:00,-0.059,6.590000000000001,1023.9,1.1,6.08
2024-12-03 11:00:00,0.342,6.62,1024.29,1.26,6.0
2024-12-03 12:00:00,0.647,6.659999999999999,1024.74,1.3599999999999999,5.9799999999999995
2024-12-03 13:00:00,0.833,6.17,1025.24,1.53,6.6
2024-12-03 14:00:00,0.895,5.12,1025.56,1.9600000000000002,6.790000000000001
2024-12-03 15:00:00,0.791,6.6,1025.4699999999998,2.46,6.720000000000001
2024-12-03 16:00:00,0.489,6.470000000000001,1024.9299999999998,3.17,6.4799999999999995
2024-12-03 17:00:00,0.082,5.470000000000001,1024.19,3.94,6.36
2024-12-03 18:00:00,-0.251,7.31,1023.8299999999999,4.58,6.3
2024-12-03 19:00:00,-0.514,6.9799999999999995,1023.76,4.65,6.3100000000000005
2024-12-03 20:00:00,-0.699,7.470000000000001,1023.9,4.65,6.4
2024-12-03 21:00:00,-0.635,8.61,1024.2,4.57,6.390000000000001
2024-12-03 22:00:00,-0.386,9.540000000000001,1024.66,4.4,6.3
2024-12-03 23:00:00,-0.089,10.39,1025.1799999999998,3.8600000000000003,6.3
2024-12-04 00:00:00,0.184,9.440000000000001,1025.65,3.2600000000000002,6.26
2024-12-04 01:00:00,0.337,8.629999999999999,1026.21,2.56,6.14
2024-12-04 02:00:00,0.418,6.81,1026.47,1.9100000000000001,6.1
2024-12-04 03:00:00,0.368,5.45,1026.8,1.64,6.1
2024-12-04 04:00:00,0.183,5.029999999999999,1026.78,1.59,6.1
2024-12-04 05:00:00,-0.037,4.6,1026.6,1.6199999999999999,6.0
2024-12-04 06:00:00,-0.253,4.029999999999999,1026.6299999999999,0.8800000000000001,6.0
2024-12-04 07:00:00,-0.451,3.75,1026.73,0.51,5.9799999999999995
2024-12-04 08:00:00,-0.597,4.65,1026.38,0.85,5.9
2024-12-04 09:00:00,-0.568,4.8,1026.1799999999998,0.9099999999999999,5.9
2024-12-04 10:00:00,-0.33,5.5200000000000005,1026.1299999999999,0.49000000000000005,5.84
2024-12-04 11:00:00,0.065,4.720000000000001,1026.05,-0.030000000000000006,5.8
2024-12-04 12:00:00,0.441,6.18,1026.06,-0.09,5.76
2024-12-04 13:00:00,0.693,4.470000000000001,1025.79,0.21000000000000002,5.7
2024-12-04 14:00:00,0.845,3.8,1025.49,0.61,5.7
2024-12-04 15:00:00,0.858,3.2700000000000005,1024.8200000000002,1.3900000000000001,5.619999999999999
2024-12-04 16:00:00,0.697,5.6899999999999995,1023.4799999999999,2.21,5.6
2024-12-04 17:00:00,0.375,6.51,1021.8100000000001,2.54,5.63
2024-12-04 18:00:00,-0.004,6.44,1020.1299999999999,3.2299999999999995,5.7
2024-12-04 19:00:00,-0.334,6.1,1018.61,4.11,5.7
2024-12-04 20:00:00,-0.576,6.9,1017.1899999999999,4.6,5.609999999999999
2024-12-04 21:00:00,-0.683,7.45,1016.3,4.470000000000001,5.6
2024-12-04 22:00:00,-0.522,6.4,1015.65,4.35,5.6
2024-12-04 23:00:00,-0.234,6.0200000000000005,1013.9200000000001,4.41,5.6
2024-12-05 00:00:00,0.067,6.859999999999999,1012.5799999999999,4.93,5.6
2024-12-05 01:00:00,0.293,8.22,1011.39,5.43,5.68
2024-12-05 02:00:00,0.471,9.25,1010.03,5.470000000000001,5.7
2024-12-05 03:00:00,0.491,10.53,1008.71,5.069999999999999,5.67
2024-12-05 04:00:00,0.419,7.26,1008.2700000000001,2.84,5.55
2024-12-05 05:00:00,0.215,7.790000000000001,1007.45,1.9899999999999998,5.46
2024-12-05 06:00:00,-0.076,4.9,1006.01,1.29,5.380000000000001
2024-12-05 07:00:00,-0.319,4.93,1004.8799999999999,1.81,5.14
2024-12-05 08:00:00,-0.545,4.66,1003.3,2.1900000000000004,4.930000000000001
2024-12-05 09:00:00,-0.683,6.7700000000000005,1001.61,2.95,4.9
2024-12-05 10:00:00,-0.585,8.73,1000.39,4.069999999999999,4.9
2024-12-05 11:00:00,-0.202,8.959999999999999,1001.54,4.2299999999999995,4.9
2024-12-05 12:00:00,0.222,9.379999999999999,1001.51,3.8200000000000003,4.91
2024-12-05 13:00:00,0.468,8.55,1000.9399999999999,3.88,4.95
2024-12-05 14:00:00,0.617,10.65,1001.4100000000001,4.3100000000000005,4.8
2024-12-05 15:00:00,0.639,12.379999999999999,1001.5,3.88,4.8
2024-12-05 16:00:00,0.553,14.64,1001.46,3.3299999999999996,4.9
2024-12-05 17:00:00,0.282,17.0,1001.95,3.46,4.9
2024-12-05 18:00:00,0.084,17.21,1002.93,2.81,4.91
2024-12-05 19:00:00,-0.243,16.35,1004.0,2.7,5.07
2024-12-05 20:00:00,-0.6,14.91,1005.68,2.62,5.069999999999999
2024-12-05 21:00:00,-1.007,13.05,1006.95,2.69,5.0
2024-12-05 22:00:00,-1.178,13.469999999999999,1008.28,2.7600000000000002,4.930000000000001
2024-12-05 23:00:00,-1.079,14.290000000000001,1009.4399999999999,2.4,4.96
2024-12-06 00:00:00,-0.716,15.24,1010.46,1.94,4.86
2024-12-06 01:00:00,-0.354,15.49,1011.28,1.33,4.7299999999999995
2024-12-06 02:00:00,-0.134,16.61,1011.64,0.82,4.619999999999999
2024-12-06 03:00:00,-0.051,15.25,1012.22,0.45999999999999996,4.5200000000000005
2024-12-06 04:00:00,-0.105,14.719999999999999,1012.18,0.22000000000000003,4.5
2024-12-06 05:00:00,-0.159,13.62,1012.79,0.17,4.4
2024-12-06 06:00:00,-0.208,13.23,1013.22,0.3,4.4
2024-12-06 07:00:00,-0.339,12.059999999999999,1014.24,0.49000000000000005,4.3
2024-12-06 08:00:00,-0.519,11.93,1014.9399999999999,0.6900000000000001,4.3
2024-12-06 09:00:00,-0.751,12.08,1015.4100000000001,0.6799999999999999,4.220000000000001
2024-12-06 10:00:00,-0.91,12.32,1016.53,0.37,4.2
2024-12-06 11:00:00,-0.858,11.47,1017.9399999999999,-0.2,4.470000000000001
2024-12-06 12:00:00,-0.594,10.84,1018.82,-0.5700000000000001,4.9399999999999995
2024-12-06 13:00:00,-0.192,12.32,1019.65,-0.54,4.68
2024-12-06 14:00:00,0.149,11.14,1020.35,-0.58,4.32
2024-12-06 15:00:00,0.414,10.59,1020.53,-0.27,4.4799999999999995
2024-12-06 16:00:00,0.538,10.040000000000001,1020.1,-0.02,4.6
2024-12-06 17:00:00,0.455,8.67,1019.76,0.39,4.6
2024-12-06 18:00:00,0.238,8.4,1019.7700000000001,0.67,4.6
2024-12-06 19:00:00,-0.024,8.68,1019.72,1.1300000000000001,4.6
2024-12-06 20:00:00,-0.338,9.379999999999999,1020.24,1.1700000000000002,4.6
2024-12-06 21:00:00,-0.612,9.84,1020.68,0.96,4.6
2024-12-06 22:00:00,-0.805,7.87,1021.25,0.63,4.6
2024-12-06 23:00:00,-0.877,7.709999999999999,1022.11,0.5,4.529999999999999
2024-12-07 00:00:00,-0.742,6.6,1022.04,0.36,4.55
2024-12-07 01:00:00,-0.479,6.16,1021.85,0.53,4.32
2024-12-07 02:00:00,-0.132,5.15,1021.8100000000001,0.01,4.2
2024-12-07 03:00:00,0.137,6.779999999999999,1021.5,0.13999999999999999,4.2
2024-12-07 04:00:00,0.326,8.25,1021.57,0.01,4.2
2024-12-07 05:00:00,0.381,7.540000000000001,1021.6,-0.13,4.1
2024-12-07 06:00:00,0.27,7.609999999999999,1021.39,0.15,4.08
2024-12-07 07:00:00,0.027,8.55,1021.39,0.22000000000000003,4.0
2024-12-07 08:00:00,-0.3,8.379999999999999,1021.3699999999999,0.13,3.95
2024-12-07 09:00:00,-0.584,8.01,1021.2299999999999,-0.16,3.85
2024-12-07 10:00:00,-0.758,8.190000000000001,1021.5600000000001,-0.13,3.79
2024-12-07 11:00:00,-0.753,7.95,1021.75,-0.1,3.6800000000000006
2024-12-07 12:00:00,-0.566,7.33,1021.7,-0.01,3.6700000000000004
2024-12-07 13:00:00,-0.27,8.91,1021.8,0.25,3.6
2024-12-07 14:00:00,0.061,10.35,1021.95,0.9099999999999999,3.6399999999999997
2024-12-07 15:00:00,0.31,10.25,1021.7,1.7600000000000002,3.78
2024-12-07 16:00:00,0.491,8.93,1021.22,2.3,3.8
2024-12-07 17:00:00,0.576,8.290000000000001,1020.3799999999999,2.96,3.8
2024-12-07 18:00:00,0.581,8.08,1019.9,3.55,3.88
2024-12-07 19:00:00,0.384,7.87,1019.29,4.0,3.9
2024-12-07 20:00:00,0.069,7.409999999999999,1019.14,3.95,3.9899999999999998
2024-12-07 21:00:00,-0.25,7.529999999999999,1019.2,3.72,4.01
2024-12-07 22:00:00,-0.522,5.82,1019.0799999999999,3.09,3.9299999999999997
2024-12-07 23:00:00,-0.688,6.32,1019.28,2.79,3.9
2024-12-08 00:00:00,-0.713,5.529999999999999,1019.24,2.4,3.9
2024-12-08 01:00:00,-0.541,4.1,1018.61,2.1100000000000003,3.9
2024-12-08 02:00:00,-0.257,5.07,1017.8299999999999,1.98,3.91
2024-12-08 03:00:00,0.046,6.25,1017.0899999999999,2.1,3.97
2024-12-08 04:00:00,0.31,6.69,1016.0200000000001,2.5300000000000002,3.9
2024-12-08 05:00:00,0.512,7.209999999999999,1014.93,2.9,3.8600000000000003
2024-12-08 06:00:00,0.593,7.65,1013.6899999999999,3.09,3.8
2024-12-08 07:00:00,0.426,8.389999999999999,1012.93,3.53,3.8
2024-12-08 08:00:00,0.132,8.72,1011.61,3.84,3.78
2024-12-08 09:00:00,-0.178,8.2,1010.3,4.11,3.7
2024-12-08 10:00:00,-0.386,9.39,1009.1700000000001,4.4399999999999995,3.6399999999999997
2024-12-08 11:00:00,-0.527,9.73,1008.64,4.64,3.56
2024-12-08 12:00:00,-0.585,5.76,1009.2700000000001,4.96,3.4200000000000004
2024-12-08 13:00:00,-0.477,5.5600000000000005,1010.05,5.37,3.3699999999999997
2024-12-08 14:00:00,-0.25,7.76,1009.9,5.84,3.3
2024-12-08 15:00:00,0.042,7.93,1009.86,7.12,3.3600000000000003
2024-12-08 16:00:00,0.24,6.790000000000001,1009.15,7.93,3.4200000000000004
2024-12-08 17:00:00,0.415,10.190000000000001,1008.5,9.309999999999999,3.5
2024-12-08 18:00:00,0.476,7.68,1008.7700000000001,9.2,3.62
2024-12-08 19:00:00,0.471,8.190000000000001,1008.9,9.28,3.6700000000000004
2024-12-08 20:00:00,0.269,7.459999999999999,1009.71,9.0,3.7
2024-12-08 21:00:00,0.005,5.91,1011.05,9.2,3.78
2024-12-08 22:00:00,-0.256,3.4899999999999998,1012.4799999999999,9.129999999999999,3.8
2024-12-08 23:00:00,-0.547,2.3600000000000003,1013.3700000000001,7.83,3.8
2024-12-09 00:00:00,-0.733,2.58,1014.0899999999999,7.07,3.8
2024-12-09 01:00:00,-0.807,0.75,1014.8,5.9,3.8
2024-12-09 02:00:00,-0.629,1.41,1015.03,6.909999999999999,3.7600000000000002
2024-12-09 03:00:00,-0.287,2.7399999999999998,1016.0200000000001,5.970000000000001,3.6700000000000004
2024-12-09 04:00:00,0.113,1.8,1016.6300000000001,6.25,3.7399999999999998
2024-12-09 05:00:00,0.466,1.15,1016.5600000000001,6.1,4.32
2024-12-09 06:00:00,0.66,1.55,1016.74,5.38,4.92
2024-12-09 07:00:00,0.661,1.41,1017.01,5.53,4.529999999999999
2024-12-09 08:00:00,0.432,0.8600000000000001,1017.26,4.24,3.9699999999999998
2024-12-09 09:00:00,0.178,1.1800000000000002,1017.45,4.0,3.65
2024-12-09 10:00:00,-0.023,0.7,1017.53,3.91,3.45
2024-12-09 11:00:00,-0.211,1.17,1018.1,4.41,3.38
2024-12-09 12:00:00,-0.372,2.6399999999999997,1017.68,6.65,3.2299999999999995
2024-12-09 13:00:00,-0.452,2.69,1017.9100000000001,8.790000000000001,3.2
2024-12-09 14:00:00,-0.385,4.08,1017.57,9.55,3.2
2024-12-09 15:00:00,-0.105,4.05,1017.1700000000001,10.91,3.29
2024-12-09 16:00:00,0.212,4.6,1015.22,11.120000000000001,3.3
2024-12-09 17:00:00,0.486,3.7299999999999995,1013.78,10.67,4.12
2024-12-09 18:00:00,0.721,2.8,1012.9100000000001,10.1,4.15
2024-12-09 19:00:00,0.831,4.3,1011.8100000000001,10.65,3.9699999999999998
2024-12-09 20:00:00,0.773,3.72,1011.74,11.01,3.7299999999999995
2024-12-09 21:00:00,0.592,0.9800000000000001,1012.0,9.8,3.7
2024-12-09 22:00:00,0.298,4.11,1012.7,9.370000000000001,3.7
2024-12-09 23:00:00,-0.064,3.5799999999999996,1013.3799999999999,8.09,3.7
2024-12-10 00:00:00,-0.378,3.3,1014.4,7.5,3.6700000000000004
2024-12-10 01:00:00,-0.578,3.1,1015.07,7.2299999999999995,3.6
2024-12-10 02:00:00,-0.639,3.2299999999999995,1015.6200000000001,7.07,3.6
2024-12-10 03:00:00,-0.403,1.1800000000000002,1015.7,6.69,3.6
2024-12-10 04:00:00,-0.007,0.61,1015.9100000000001,6.85,3.6100000000000003
2024-12-10 05:00:00,0.437,1.7899999999999998,1016.4100000000001,7.18,4.1899999999999995
2024-12-10 06:00:00,0.725,0.79,1016.8,6.970000000000001,5.09
2024-12-10 07:00:00,0.86,1.16,1017.1899999999999,6.6,4.87
2024-12-10 08:00:00,0.823,1.06,1017.26,6.5,4.470000000000001
2024-12-10 09:00:00,0.64,1.64,1017.1700000000001,7.2299999999999995,4.59
2024-12-10 10:00:00,0.411,3.21,1017.6700000000001,7.540000000000001,4.36
2024-12-10 11:00:00,0.175,3.7399999999999998,1018.28,7.040000000000001,4.21
2024-12-10 12:00:00,-0.082,3.45,1018.9399999999999,6.88,4.2
2024-12-10 13:00:00,-0.301,3.425,1019.85,7.040000000000001,4.42
2024-12-10 14:00:00,-0.404,4.12,1020.24,7.12,4.5600000000000005
2024-12-10 15:00:00,-0.369,4.5600000000000005,1020.07,7.51,4.68
2024-12-10 16:00:00,-0.149,4.29,1019.21,8.11,4.76
2024-12-10 17:00:00,0.158,4.279999999999999,1018.6200000000001,8.52,4.930000000000001
2024-12-10 18:00:00,0.464,5.029999999999999,1018.14,8.559999999999999,5.4799999999999995
2024-12-10 19:00:00,0.723,4.35,1017.7700000000001,8.77,5.779999999999999
2024-12-10 20:00:00,0.851,4.9399999999999995,1017.68,8.77,5.95
2024-12-10 21:00:00,0.764,4.0600000000000005,1017.25,9.07,5.79
2024-12-10 22:00:00,0.501,3.06,1017.0799999999999,9.870000000000001,5.55
2024-12-10 23:00:00,0.182,3.3299999999999996,1016.6600000000001,9.98,5.4
2024-12-11 00:00:00,-0.127,4.65,1016.1299999999999,10.370000000000001,5.2700000000000005
2024-12-11 01:00:00,-0.386,5.08,1015.6,10.870000000000001,5.2700000000000005
2024-12-11 02:00:00,-0.536,6.8,1015.2299999999999,11.2,5.3
2024-12-11 03:00:00,-0.482,6.43,1014.49,10.540000000000001,5.279999999999999
2024-12-11 04:00:00,-0.21,3.8299999999999996,1013.8299999999999,11.1,5.29
2024-12-11 05:00:00,0.195,2.7800000000000002,1012.6600000000001,10.92,5.29
2024-12-11 06:00:00,0.614,2.43,1012.3100000000001,10.53,5.3
2024-12-11 07:00:00,0.94,4.64,1011.75,12.14,5.3100000000000005
2024-12-11 08:00:00,1.05,5.930000000000001,1011.45,10.4,5.3
2024-12-11 09:00:00,1.099,6.68,1010.55,11.459999999999999,5.3
2024-12-11 10:00:00,0.934,8.120000000000001,1009.8399999999999,11.68,5.3
2024-12-11 11:00:00,0.667,8.24,1008.8799999999999,12.14,5.3100000000000005
2024-12-11 12:00:00,0.34,9.03,1008.1899999999999,12.28,5.46
2024-12-11 13:00:00,0.026,8.58,1007.5200000000001,13.0,5.5
2024-12-11 14:00:00,-0.213,8.42,1006.36,13.52,5.58
2024-12-11 15:00:00,-0.329,8.56,1005.36,13.55,5.68
2024-12-11 16:00:00,-0.281,8.35,1003.75,14.030000000000001,5.79
2024-12-11 17:00:00,0.013,7.62,1001.9399999999999,14.37,5.9
2024-12-11 18:00:00,0.267,9.68,1000.43,13.86,5.9799999999999995
2024-12-11 19:00:00,0.629,8.190000000000001,999.14,13.059999999999999,5.95
2024-12-11 20:00:00,0.905,8.88,998.53,12.43,5.930000000000001
2024-12-11 21:00:00,1.014,8.59,997.5200000000001,12.34,6.04
2024-12-11 22:00:00,0.887,9.809999999999999,997.5799999999999,11.77,6.16
2024-12-11 23:00:00,0.577,8.32,997.6899999999999,11.940000000000001,6.3100000000000005
2024-12-12 00:00:00,0.287,6.9,998.49,10.43,6.4
2024-12-12 01:00:00,-0.038,12.17,1000.0,8.86,6.42
2024-12-12 02:00:00,-0.303,12.32,1002.49,6.94,6.5
2024-12-12 03:00:00,-0.621,12.87,1004.68,6.2,6.42
2024-12-12 04:00:00,-0.693,12.16,1006.8799999999999,5.5600000000000005,6.4
2024-12-12 05:00:00,-0.663,11.620000000000001,1008.43,4.7,6.37
2024-12-12 06:00:00,-0.382,12.819999999999999,1009.82,4.720000000000001,6.2700000000000005
2024-12-12 07:00:00,0.108,11.42,1012.14,4.3100000000000005,6.14
2024-12-12 08:00:00,0.619,11.98,1013.2700000000001,3.46,6.05
2024-12-12 09:00:00,0.914,12.05,1014.7,3.0300000000000002,5.930000000000001
2024-12-12 10:00:00,0.81,9.7,1015.78,2.63,5.85
2024-12-12 11:00:00,0.459,9.690000000000001,1016.97,2.4099999999999997,5.7299999999999995
2024-12-12 12:00:00,-0.003,10.16,1017.9399999999999,2.4,5.66
2024-12-12 13:00:00,-0.271,10.93,1019.3,2.87,5.6
2024-12-12 14:00:00,-0.504,12.059999999999999,1020.1700000000001,3.5,5.5200000000000005
2024-12-12 15:00:00,-0.793,13.41,1020.45,4.1,5.46
2024-12-12 16:00:00,-1.05,13.930000000000001,1020.3299999999999,4.04,5.51
2024-12-12 17:00:00,-1.16,12.809999999999999,1020.5799999999999,4.1,5.6
2024-12-12 18:00:00,-0.972,14.219999999999999,1021.0200000000001,3.96,5.6
2024-12-12 19:00:00,-0.767,12.440000000000001,1021.95,3.7399999999999998,5.6
2024-12-12 20:00:00,-0.394,11.790000000000001,1023.1700000000001,3.44,5.6
2024-12-12 21:00:00,-0.006,11.2,1024.76,3.2299999999999995,5.68
2024-12-12 22:00:00,0.25,10.57,1026.3600000000001,3.19,5.66
2024-12-12 23:00:00,0.213,10.49,1027.5700000000002,2.65,5.59
2024-12-13 00:00:00,-0.057,10.18,1028.73,1.83,5.4799999999999995
2024-12-13 01:00:00,-0.473,10.309999999999999,1029.8899999999999,1.08,5.4
2024-12-13 02:00:00,-0.828,9.93,1030.91,0.32999999999999996,5.4
2024-12-13 03:00:00,-1.103,9.58,1031.65,-0.33999999999999997,5.34
2024-12-13 04:00:00,-1.259,8.2,1032.08,-0.8699999999999999,5.3
2024-12-13 05:00:00,-1.147,7.7700000000000005,1032.42,-1.16,5.08
2024-12-13 06:00:00,-0.763,7.970000000000001,1032.8200000000002,-1.3,4.99
2024-12-13 07:00:00,-0.249,8.98,1033.6100000000001,-1.34,4.99
2024-12-13 08:00:00,0.163,8.52,1033.6399999999999,-1.3800000000000001,5.0
2024-12-13 09:00:00,0.446,10.22,1033.8899999999999,-0.99,4.9
2024-12-13 10:00:00,0.655,10.42,1034.48,-1.01,5.220000000000001
2024-12-13 11:00:00,0.678,9.290000000000001,1035.46,-1.48,5.5
2024-12-13 12:00:00,0.481,10.67,1036.46,-1.8,5.09
2024-12-13 13:00:00,0.158,10.53,1037.72,-2.02,5.069999999999999
2024-12-13 14:00:00,-0.221,8.09,1038.8,-1.75,4.94
2024-12-13 15:00:00,-0.585,7.390000000000001,1039.02,-1.28,5.16
2024-12-13 16:00:00,-0.917,7.640000000000001,1038.84,-1.06,5.41
2024-12-13 17:00:00,-1.108,6.709999999999999,1038.6299999999999,-0.53,5.29
2024-12-13 18:00:00,-1.026,5.92,1038.6399999999999,0.18,5.2
2024-12-13 19:00:00,-0.7,5.32,1038.8799999999999,0.72,5.2
2024-12-13 20:00:00,-0.307,5.14,1039.4299999999998,0.72,5.2
2024-12-13 21:00:00,0.087,4.3,1040.08,0.32,5.15
2024-12-13 22:00:00,0.424,3.56,1041.1200000000001,0.030000000000000006,5.119999999999999
2024-12-13 23:00:00,0.573,3.6100000000000003,1042.01,-0.13999999999999999,5.2
2024-12-14 00:00:00,0.451,3.5200000000000005,1042.69,-0.37,5.14
2024-12-14 01:00:00,0.138,2.7399999999999998,1043.33,-0.6199999999999999,5.1
2024-12-14 02:00:00,-0.26,4.12,1043.8200000000002,-0.8,5.1
2024-12-14 03:00:00,-0.586,3.5800000000000005,1044.31,-1.1,5.01
2024-12-14 04:00:00,-0.825,3.5799999999999996,1044.53,-1.28,5.0200000000000005
2024-12-14 05:00:00,-0.912,4.0600000000000005,1044.66,-1.44,5.0
2024-12-14 06:00:00,-0.771,4.17,1044.8600000000001,-1.47,5.0
2024-12-15 09:00:00,0.057,3.8,1044.677777777778,0.09,4.619999999999999
2024-12-15 10:00:00,0.489,3.7299999999999995,1044.41,0.47000000000000003,4.6
2024-12-15 11:00:00,0.817,3.81,1044.33,0.8400000000000001,4.56
2024-12-15 12:00:00,0.987,3.9799999999999995,1044.45,0.74,4.5
2024-12-15 13:00:00,0.951,4.05,1044.34,1.1099999999999999,4.5
2024-12-15 14:00:00,0.684,4.01,1044.33,1.7100000000000002,4.41
2024-12-15 15:00:00,0.263,4.09,1043.95,2.46,4.32
2024-12-15 16:00:00,-0.17,4.29,1042.6100000000001,3.37,4.430000000000001
2024-12-15 17:00:00,-0.573,4.65,1041.45,4.24,4.5
2024-12-15 18:00:00,-0.844,4.05,1040.6399999999999,5.18,4.56
2024-12-15 19:00:00,-0.948,3.38,1040.0,5.58,4.6
2024-12-15 20:00:00,-0.792,4.11,1039.6399999999999,5.37,4.6
2024-12-15 21:00:00,-0.432,3.55,1039.3700000000001,5.33,4.56
2024-12-15 22:00:00,-0.016,3.07,1039.42,5.41,4.5
2024-12-15 23:00:00,0.385,3.8299999999999996,1039.0700000000002,5.66,4.64
2024-12-16 00:00:00,0.674,3.6799999999999997,1038.65,5.91,4.8100000000000005
2024-12-16 01:00:00,0.723,4.15,1038.19,6.3100000000000005,4.7
2024-12-16 02:00:00,0.495,4.26,1037.65,6.5200000000000005,4.7
2024-12-16 03:00:00,0.143,4.08,1036.92,6.7,4.84
2024-12-16 04:00:00,-0.217,4.3100000000000005,1035.99,6.26,4.9
2024-12-16 05:00:00,-0.471,4.92,1035.1299999999999,5.779999999999999,4.96
2024-12-16 06:00:00,-0.672,4.61,1034.6399999999999,5.67,5.0
2024-12-16 07:00:00,-0.736,4.74,1034.3200000000002,5.74,5.0
2024-12-16 08:00:00,-0.599,4.9399999999999995,1033.4,6.220000000000001,5.0
2024-12-16 09:00:00,-0.214,4.76,1033.34,6.37,4.94
2024-12-16 10:00:00,0.297,5.21,1032.96,6.68,5.0
2024-12-16 11:00:00,0.71,6.16,1032.3200000000002,7.05,5.24
2024-12-16 12:00:00,1.017,6.42,1031.84,7.33,5.33
2024-12-16 13:00:00,1.176,6.37,1031.77,7.609999999999999,5.2299999999999995
2024-12-16 14:00:00,1.13,6.409999999999999,1031.3200000000002,7.9,5.2
2024-12-16 15:00:00,0.835,6.7,1030.5,7.94,5.2
2024-12-16 16:00:00,0.415,6.21,1029.08,8.03,5.2
2024-12-16 17:00:00,-0.015,6.1899999999999995,1027.6200000000001,8.440000000000001,5.2700000000000005
2024-12-16 18:00:00,-0.398,5.12,1026.53,9.02,5.3
2024-12-16 19:00:00,-0.65,5.779999999999999,1025.7,9.74,5.32
2024-12-16 20:00:00,-0.69,6.2299999999999995,1025.49,9.41,5.44
2024-12-16 21:00:00,-0.477,4.9799999999999995,1025.35,9.379999999999999,5.58
2024-12-16 22:00:00,-0.129,3.3299999999999996,1025.2199999999998,9.55,5.6
2024-12-16 23:00:00,0.205,4.36,1025.1,8.68,5.6899999999999995
2024-12-17 00:00:00,0.509,3.45,1025.0,8.6,6.0200000000000005
2024-12-17 01:00:00,0.75,2.9,1024.35,9.17,6.09
2024-12-17 02:00:00,0.789,4.029999999999999,1023.6600000000001,9.07,6.1
2024-12-17 03:00:00,0.607,4.43,1022.53,9.24,6.1
2024-12-17 04:00:00,0.287,5.93,1021.35,9.61,6.1
2024-12-17 05:00:00,-0.052,5.84,1020.1899999999999,10.440000000000001,6.1
2024-12-17 06:00:00,-0.344,6.1899999999999995,1019.6,11.11,6.18
2024-12-17 07:00:00,-0.578,5.0,1019.43,11.040000000000001,6.24
2024-12-17 08:00:00,-0.644,7.62,1019.11,11.93,6.1899999999999995
2024-12-17 09:00:00,-0.481,7.209999999999999,1018.82,11.58,6.25
2024-12-17 10:00:00,-0.084,6.2299999999999995,1019.15,11.28,6.29
2024-12-17 11:00:00,0.368,6.04,1019.7299999999999,10.52,6.43
2024-12-17 12:00:00,0.709,5.67,1019.99,10.41,6.43
2024-12-17 13:00:00,0.93,4.36,1020.6299999999999,9.61,6.4
2024-12-17 14:00:00,1.021,4.49,1021.05,9.790000000000001,6.4
2024-12-17 15:00:00,0.859,3.88,1021.04,9.620000000000001,6.4
2024-12-17 16:00:00,0.544,3.2399999999999998,1020.8,9.3,6.36
2024-12-17 17:00:00,0.104,5.029999999999999,1020.49,9.7,6.390000000000001
2024-12-17 18:00:00,-0.317,4.279999999999999,1020.25,9.629999999999999,6.4
2024-12-17 19:00:00,-0.66,4.470000000000001,1020.1,10.72,6.45
2024-12-17 20:00:00,-0.883,5.15,1020.32,10.42,6.410000000000001
2024-12-17 21:00:00,-0.866,4.529999999999999,1020.64,9.45,6.4
2024-12-17 22:00:00,-0.572,4.36,1021.57,10.48,6.4
2024-12-17 23:00:00,-0.178,4.62,1022.55,10.6,6.470000000000001
2024-12-18 00:00:00,0.167,5.32,1023.05,10.68,6.459999999999999
2024-12-18 01:00:00,0.412,4.58,1023.5899999999999,9.7,6.4
2024-12-18 02:00:00,0.544,3.8600000000000003,1023.86,8.93,6.4
2024-12-18 03:00:00,0.518,4.029999999999999,1024.1799999999998,8.34,6.4
2024-12-18 04:00:00,0.322,4.9399999999999995,1024.24,8.21,6.4
2024-12-18 05:00:00,0.046,3.65,1024.58,7.35,6.4
2024-12-18 06:00:00,-0.229,3.65,1024.6599999999999,7.279999999999999,6.4
2024-12-18 07:00:00,-0.516,3.15,1025.08,7.33,6.4
2024-12-18 08:00:00,-0.738,1.9899999999999998,1025.44,6.87,6.4
2024-12-18 09:00:00,-0.75,1.1700000000000002,1025.7,5.74,6.4
2024-12-18 10:00:00,-0.489,0.5900000000000001,1025.92,5.11,6.390000000000001
2024-12-18 11:00:00,-0.07,0.97,1025.99,4.84,6.159999999999999
2024-12-18 12:00:00,0.38,0.97,1026.2,5.12,6.1
2024-12-18 13:00:00,0.697,0.7100000000000001,1026.0700000000002,6.33,6.1
2024-12-18 14:00:00,0.893,0.65,1025.59,7.15,6.01
2024-12-18 15:00:00,0.941,1.41,1025.17,7.840000000000001,6.12
2024-12-18 16:00:00,0.782,1.0,1023.79,9.27,6.26
2024-12-18 17:00:00,0.417,2.57,1022.2,9.82,6.109999999999999
2024-12-18 18:00:00,0.012,2.8899999999999997,1020.9799999999999,10.22,6.21
2024-12-18 19:00:00,-0.343,3.6100000000000003,1019.53,9.08,6.529999999999999
2024-12-18 20:00:00,-0.62,4.09,1018.2,8.62,6.589999999999999
2024-12-18 21:00:00,-0.733,4.65,1017.01,8.52,6.63
2024-12-18 22:00:00,-0.568,2.57,1016.28,8.76,6.609999999999999
2024-12-18 23:00:00,-0.23,2.4,1015.5600000000001,8.82,6.4799999999999995
2024-12-19 00:00:00,0.13,3.6399999999999997,1015.2,8.389999999999999,6.4
2024-12-19 01:00:00,0.366,2.63,1015.01,7.87,6.410000000000001
2024-12-19 02:00:00,0.559,2.0,1014.9799999999999,7.51,6.45
2024-12-19 03:00:00,0.672,2.5,1015.61,7.25,6.4
2024-12-19 04:00:00,0.659,4.09,1015.78,6.7700000000000005,6.4
2024-12-19 05:00:00,0.451,5.11,1015.8700000000001,6.9,6.380000000000001
2024-12-19 06:00:00,0.135,6.13,1016.43,7.06,6.4
2024-12-19 07:00:00,-0.187,7.7,1017.97,6.87,6.4
2024-12-19 08:00:00,-0.482,8.440000000000001,1019.1299999999999,6.3100000000000005,6.4
2024-12-19 09:00:00,-0.638,8.940000000000001,1020.4399999999999,5.93,6.4
2024-12-19 10:00:00,-0.604,10.24,1021.53,5.58,6.4
2024-12-19 11:00:00,-0.338,8.07,1022.8799999999999,5.17,6.3
2024-12-19 12:00:00,0.007,6.83,1023.55,5.029999999999999,6.3
2024-12-19 13:00:00,0.381,6.540000000000001,1024.26,5.24,6.3
2024-12-19 14:00:00,0.639,6.21,1024.8200000000002,5.71,6.279999999999999
2024-12-19 15:00:00,0.837,6.26,1025.31,6.01,6.25
2024-12-19 16:00:00,0.893,5.32,1025.23,6.24,6.3
2024-12-19 17:00:00,0.673,5.91,1024.73,6.1899999999999995,6.3
2024-12-19 18:00:00,0.291,6.180000000000001,1024.49,6.37,6.3
2024-12-19 19:00:00,-0.135,5.3,1024.69,5.9399999999999995,6.3
2024-12-19 20:00:00,-0.438,5.07,1025.54,5.2,6.3
2024-12-19 21:00:00,-0.625,3.5100000000000002,1026.25,4.99,6.3
2024-12-19 22:00:00,-0.646,3.09,1026.73,4.83,6.3
2024-12-19 23:00:00,-0.505,4.1899999999999995,1026.8899999999999,4.529999999999999,6.3
2024-12-20 00:00:00,-0.262,3.81,1026.7,4.109999999999999,6.3
2024-12-20 01:00:00,-0.053,3.2700000000000005,1026.96,3.91,6.3
2024-12-20 02:00:00,0.182,3.1,1026.8600000000001,3.72,6.3
2024-12-20 03:00:00,0.444,3.8,1026.02,3.3600000000000003,6.2299999999999995
2024-12-20 04:00:00,0.656,3.9299999999999997,1025.35,3.1900000000000004,6.1
2024-12-20 05:00:00,0.689,4.15,1025.1799999999998,3.15,6.1
2024-12-20 06:00:00,0.454,4.65,1024.71,3.14,6.0200000000000005
2024-12-20 07:00:00,0.095,4.96,1024.44,2.98,6.0
2024-12-20 08:00:00,-0.205,4.32,1023.35,2.71,6.0
2024-12-20 09:00:00,-0.372,4.54,1022.6299999999999,2.66,5.99
2024-12-20 10:00:00,-0.434,4.49,1021.99,2.92,5.9
2024-12-20 11:00:00,-0.247,4.95,1021.61,3.1100000000000003,5.9
2024-12-20 12:00:00,0.068,6.32,1020.1299999999999,3.44,5.9
2024-12-20 13:00:00,0.421,6.2,1019.8100000000001,3.81,5.82
2024-12-20 14:00:00,0.678,6.659999999999999,1019.3,3.8600000000000003,6.04
2024-12-20 15:00:00,0.843,5.89,1019.14,3.5700000000000003,6.3100000000000005
2024-12-20 16:00:00,0.916,6.92,1016.6700000000001,2.9,6.45
2024-12-20 17:00:00,0.859,8.23,1013.89,2.55,6.39
2024-12-20 18:00:00,0.738,6.859999999999999,1013.7,2.58,6.32
2024-12-20 19:00:00,0.441,5.79,1013.45,2.02,6.42
2024-12-20 20:00:00,0.122,6.67,1013.1299999999999,2.3600000000000003,6.4
2024-12-20 21:00:00,-0.093,6.640000000000001,1013.18,2.35,6.3
2024-12-20 22:00:00,-0.202,5.05,1013.3299999999999,2.55,5.970000000000001
2024-12-20 23:00:00,-0.193,5.26,1013.04,2.38,5.91
2024-12-21 00:00:00,-0.122,5.46,1012.96,2.28,6.2
2024-12-21 01:00:00,0.058,5.24,1012.6899999999999,2.1900000000000004,6.49
2024-12-21 02:00:00,0.309,5.3100000000000005,1012.6300000000001,1.9300000000000002,6.4
2024-12-21 03:00:00,0.646,3.35,1012.65,1.77,6.3
2024-12-21 04:00:00,0.909,3.1700000000000004,1012.24,1.5699999999999998,6.24
2024-12-21 05:00:00,1.031,4.1899999999999995,1011.8399999999999,1.04,6.13
2024-12-21 06:00:00,0.954,4.470000000000001,1011.86,0.64,6.08
2024-12-21 07:00:00,0.668,4.1899999999999995,1012.1700000000001,0.32999999999999996,6.0
2024-12-21 08:00:00,0.357,4.62,1012.3799999999999,-0.02,5.970000000000001
2024-12-21 09:00:00,0.133,5.4399999999999995,1012.7,-0.58,5.85
2024-12-21 10:00:00,-0.007,5.59,1013.49,-0.71,5.63
2024-12-21 11:00:00,-0.036,6.07,1014.8100000000001,-0.9199999999999999,5.6
2024-12-21 12:00:00,0.057,7.470000000000001,1015.93,-1.08,5.6
2024-12-21 13:00:00,0.218,11.28,1016.89,-0.5599999999999999,5.470000000000001
2024-12-21 14:00:00,0.394,11.59,1017.9,-0.99,5.35
2024-12-21 15:00:00,0.527,11.959999999999999,1018.4799999999999,-1.28,5.3
2024-12-21 16:00:00,0.656,12.51,1018.46,-1.33,5.3
2024-12-21 17:00:00,0.726,11.39,1018.32,-1.21,5.36
2024-12-21 18:00:00,0.714,12.23,1018.54,-1.04,5.4
2024-12-21 19:00:00,0.516,10.629999999999999,1019.15,-1.24,5.4
2024-12-21 20:00:00,0.235,10.120000000000001,1020.1,-1.3599999999999999,5.3100000000000005
2024-12-21 21:00:00,-0.058,11.99,1020.9100000000001,-1.3800000000000001,5.3
2024-12-21 22:00:00,-0.295,11.58,1021.86,-2.06,5.26
2024-12-21 23:00:00,-0.445,11.67,1022.78,-2.7399999999999998,5.14
2024-12-22 00:00:00,-0.47,10.45,1023.71,-3.3200000000000003,4.9799999999999995
2024-12-22 01:00:00,-0.384,11.36,1024.06,-4.16,4.9
2024-12-22 02:00:00,-0.179,11.73,1024.6699999999998,-4.91,4.8
2024-12-22 03:00:00,0.139,10.66,1025.54,-5.41,4.619999999999999
2024-12-22 04:00:00,0.414,9.370000000000001,1026.12,-5.84,4.54
2024-12-22 05:00:00,0.631,9.95,1026.21,-6.2700000000000005,4.46
2024-12-22 06:00:00,0.67,9.709999999999999,1026.54,-6.659999999999999,4.4
2024-12-22 07:00:00,0.493,9.790000000000001,1027.06,-6.83,4.35
2024-12-22 08:00:00,0.192,11.32,1027.33,-6.959999999999999,4.3
2024-12-22 09:00:00,-0.073,11.040000000000001,1028.02,-7.12,4.14
2024-12-22 10:00:00,-0.269,9.97,1028.76,-7.279999999999999,4.1899999999999995
2024-12-22 11:00:00,-0.449,8.540000000000001,1029.6200000000001,-7.51,4.1
2024-12-22 12:00:00,-0.484,7.159999999999999,1030.59,-7.69,3.96
2024-12-22 13:00:00,-0.404,6.24,1031.6100000000001,-7.74,3.9
2024-12-22 14:00:00,-0.184,7.109999999999999,1032.46,-7.890000000000001,3.88
2024-12-22 15:00:00,0.021,8.790000000000001,1032.52,-7.640000000000001,3.71
2024-12-22 16:00:00,0.209,6.609999999999999,1032.28,-7.32,3.6
2024-12-22 17:00:00,0.34,6.2299999999999995,1031.69,-6.840000000000001,3.6
2024-12-22 18:00:00,0.394,6.909999999999999,1031.73,-6.57,3.6
2024-12-22 19:00:00,0.294,6.51,1032.16,-6.17,3.6
2024-12-22 20:00:00,0.073,6.35,1032.83,-5.93,3.6
2024-12-22 21:00:00,-0.208,6.0600000000000005,1033.67,-6.09,3.6
2024-12-22 22:00:00,-0.395,4.79,1034.31,-6.18,3.6
2024-12-22 23:00:00,-0.545,5.46,1035.15,-6.57,3.6
2024-12-23 00:00:00,-0.609,5.7299999999999995,1035.71,-6.909999999999999,3.5700000000000003
2024-12-23 01:00:00,-0.566,5.24,1036.22,-7.279999999999999,3.5
2024-12-23 02:00:00,-0.384,5.36,1036.77,-7.92,3.2399999999999998
2024-12-23 03:00:00,-0.129,4.47,1036.9,-8.209999999999999,2.98
2024-12-23 04:00:00,0.134,4.279999999999999,1037.1399999999999,-8.57,2.7
2024-12-23 05:00:00,0.377,3.37,1037.1399999999999,-8.77,2.7
2024-12-23 06:00:00,0.564,3.71,1037.1200000000001,-8.91,2.6100000000000003
2024-12-23 07:00:00,0.601,4.279999999999999,1037.6100000000001,-9.11,2.52
2024-12-23 08:00:00,0.465,3.22,1037.77,-9.34,2.37
2024-12-23 09:00:00,0.237,2.16,1037.7,-9.48,2.4
2024-12-23 10:00:00,0.028,1.6,1038.24,-9.51,2.48
2024-12-23 11:00:00,-0.138,1.5699999999999998,1038.5700000000002,-9.330000000000002,2.5100000000000002
2024-12-23 12:00:00,-0.305,1.17,1038.9299999999998,-8.95,2.5300000000000002
2024-12-23 13:00:00,-0.339,0.54,1039.27,-7.08,2.55
2024-12-23 14:00:00,-0.233,0.6799999999999999,1039.21,-5.9,2.5
2024-12-23 15:00:00,-0.049,1.3,1039.3,-5.9799999999999995,2.5
2024-12-23 16:00:00,0.177,2.77,1039.34,-6.09,2.6399999999999997
2024-12-23 17:00:00,0.316,1.6300000000000001,1037.97,-5.1,2.78
2024-12-23 18:00:00,0.399,0.65,1036.65,-4.14,2.87
2024-12-23 19:00:00,0.397,1.9600000000000002,1036.1100000000001,-3.6,3.2700000000000005
2024-12-23 20:00:00,0.298,3.2600000000000002,1035.9299999999998,-3.6799999999999997,3.6399999999999997
2024-12-23 21:00:00,0.115,3.97,1035.73,-3.08,4.01
2024-12-23 22:00:00,-0.069,3.7,1035.5,-2.54,4.06
2024-12-23 23:00:00,-0.238,4.35,1035.27,-2.1900000000000004,3.9899999999999998
2024-12-24 00:00:00,-0.418,4.05,1034.92,-2.35,3.9
2024-12-24 01:00:00,-0.543,3.4799999999999995,1034.3600000000001,-2.3899999999999997,3.9
2024-12-24 02:00:00,-0.537,3.2299999999999995,1033.5,-2.32,3.8899999999999997
2024-12-24 03:00:00,-0.356,4.45,1032.23,-1.8400000000000003,3.8
2024-12-24 04:00:00,-0.05,4.7,1031.35,-1.5,3.79
2024-12-24 05:00:00,0.269,5.2299999999999995,1030.54,-1.1800000000000002,3.7
2024-12-24 06:00:00,0.509,5.71,1029.95,-1.26,3.6399999999999997
2024-12-24 07:00:00,0.579,4.3,1029.3799999999999,-1.04,3.6
2024-12-24 08:00:00,0.538,4.41,1028.76,-0.8699999999999999,3.6
2024-12-24 09:00:00,0.376,4.4399999999999995,1028.08,-0.7,3.7
2024-12-24 10:00:00,0.156,4.17,1027.58,-0.43,3.65
2024-12-24 11:00:00,-0.015,5.220000000000001,1027.15,-0.61,3.6
2024-12-24 12:00:00,-0.206,5.18,1026.76,-0.62,3.5
2024-12-24 13:00:00,-0.345,6.09,1026.8700000000001,-2.1,3.5
2024-12-24 14:00:00,-0.385,6.959999999999999,1026.54,-2.05,3.4
2024-12-24 15:00:00,-0.333,8.59,1026.04,-1.31,3.21
2024-12-24 16:00:00,-0.15,8.33,1025.28,-0.49000000000000005,3.22
2024-12-24 17:00:00,0.02,8.67,1024.47,-0.019999999999999997,3.3
2024-12-24 18:00:00,0.187,8.22,1023.7299999999999,0.95,3.4200000000000004
2024-12-24 19:00:00,0.253,7.9799999999999995,1023.9,2.27,3.5799999999999996
2024-12-24 20:00:00,0.263,7.01,1024.28,2.96,3.69
2024-12-24 21:00:00,0.215,6.640000000000001,1024.83,3.12,3.7
2024-12-24 22:00:00,0.071,5.7,1025.2,3.1900000000000004,3.7
2024-12-24 23:00:00,-0.108,5.24,1025.66,3.22,3.7
2024-12-25 00:00:00,-0.382,4.3100000000000005,1026.1,3.41,3.8299999999999996
2024-12-25 01:00:00,-0.603,4.63,1026.46,3.15,4.04
2024-12-25 02:00:00,-0.67,3.06,1026.76,2.92,4.18
2024-12-25 03:00:00,-0.568,2.68,1026.8700000000001,2.6100000000000003,4.18
2024-12-25 04:00:00,-0.293,2.5100000000000002,1026.95,2.32,4.2
2024-12-25 05:00:00,0.056,2.96,1027.05,2.05,4.18
2024-12-25 06:00:00,0.335,2.41,1027.2900000000002,1.6199999999999999,4.01
2024-12-25 07:00:00,0.496,2.46,1027.79,1.44,4.0
2024-12-25 08:00:00,0.563,2.56,1028.1299999999999,1.26,3.91
2024-12-25 09:00:00,0.518,1.9,1028.0,0.9400000000000001,3.8699999999999997
2024-12-25 10:00:00,0.402,1.45,1028.2,1.05,3.88
2024-12-25 11:00:00,0.219,1.6,1028.6299999999999,1.08,3.9
2024-12-25 12:00:00,0.025,2.13,1029.08,1.2,3.8
2024-12-25 13:00:00,-0.171,3.0100000000000002,1029.59,1.54,3.84
2024-12-25 14:00:00,-0.314,3.19,1030.06,1.51,3.7700000000000005
2024-12-25 15:00:00,-0.337,3.59,1030.2,1.39,3.8
2024-12-25 16:00:00,-0.223,3.04,1029.77,1.06,3.8
2024-12-25 17:00:00,-0.057,4.04,1029.3799999999999,1.16,3.8
2024-12-25 18:00:00,0.151,3.94,1029.03,1.0,3.72
2024-12-25 19:00:00,0.31,4.82,1028.8700000000001,0.9199999999999999,3.7
2024-12-25 20:00:00,0.421,4.85,1029.1799999999998,0.9400000000000001,3.7
2024-12-25 21:00:00,0.438,3.45,1029.52,0.93,3.7
2024-12-25 22:00:00,0.379,3.31,1029.7199999999998,0.8800000000000001,3.7
2024-12-25 23:00:00,0.219,3.02,1030.1100000000001,0.89,3.5799999999999996
2024-12-26 00:00:00,0.008,2.82,1030.27,0.82,3.45
2024-12-26 01:00:00,-0.219,3.8600000000000003,1030.29,0.59,3.35
2024-12-26 02:00:00,-0.397,3.8200000000000003,1030.53,0.25,3.2600000000000002
2024-12-26 03:00:00,-0.438,3.8600000000000003,1030.83,-0.22000000000000003,3.3699999999999997
2024-12-26 04:00:00,-0.292,3.35,1030.6100000000001,-0.39,3.41
2024-12-26 05:00:00,-0.008,2.54,1030.49,-0.63,3.22
2024-12-26 06:00:00,0.312,2.08,1030.54,-1.01,2.92
2024-12-26 07:00:00,0.56,1.69,1030.97,-1.25,2.72
2024-12-26 08:00:00,0.701,3.13,1031.4299999999998,-2.0100000000000002,2.65
2024-12-26 09:00:00,0.773,2.3,1031.45,-2.18,2.64
2024-12-26 10:00:00,0.762,1.5,1032.3,-1.9100000000000001,2.7
2024-12-26 11:00:00,0.588,2.07,1032.73,-2.3299999999999996,2.58
2024-12-26 12:00:00,0.333,2.37,1033.23,-1.98,2.5
2024-12-26 13:00:00,0.067,3.35,1033.1599999999999,-1.21,2.5900000000000003
2024-12-26 14:00:00,-0.147,2.4699999999999998,1033.55,-0.52,2.8
2024-12-26 15:00:00,-0.314,3.22,1033.6,-0.5700000000000001,2.8
2024-12-26 16:00:00,-0.306,2.43,1032.75,-0.07,2.8
2024-12-26 17:00:00,-0.178,2.0300000000000002,1032.0,0.52,2.8
2024-12-26 18:00:00,0.035,2.1399999999999997,1031.42,1.33,2.8299999999999996
2024-12-26 19:00:00,0.225,1.9,1031.1799999999998,2.4899999999999998,2.98
2024-12-26 20:00:00,0.403,1.5699999999999998,1031.1,2.81,3.13
2024-12-26 21:00:00,0.541,1.4300000000000002,1031.3200000000002,1.75,3.1
2024-12-26 22:00:00,0.597,1.5,1031.62,1.57,3.1
2024-12-26 23:00:00,0.511,1.49,1031.96,1.55,3.13
2024-12-27 00:00:00,0.287,1.15,1032.06,1.52,3.16
2024-12-27 01:00:00,0.018,1.98,1032.09,1.08,3.1
2024-12-27 02:00:00,-0.228,2.35,1032.08,1.01,3.1
2024-12-27 03:00:00,-0.383,1.55,1032.21,0.93,3.1
2024-12-27 04:00:00,-0.396,1.42,1032.2,0.78,3.1
2024-12-27 05:00:00,-0.205,1.78,1031.97,0.45,3.06
2024-12-27 06:00:00,0.056,1.94,1031.8700000000001,-0.15,2.93
2024-12-27 07:00:00,0.37,1.52,1032.3,0.08,2.9
2024-12-27 08:00:00,0.611,1.73,1032.29,-0.030000000000000006,2.84
2024-12-27 09:00:00,0.777,1.83,1032.34,-0.27999999999999997,2.75
2024-12-27 10:00:00,0.826,1.72,1032.6,-0.6599999999999999,2.7
2024-12-27 11:00:00,0.738,1.6600000000000001,1032.8200000000002,-0.9,2.64
2024-12-27 12:00:00,0.507,1.47,1032.5300000000002,-0.5399999999999999,2.6
2024-12-27 13:00:00,0.231,1.41,1032.74,0.9199999999999999,2.58
2024-12-27 14:00:00,-0.019,1.3599999999999999,1033.28,1.25,2.4699999999999998
2024-12-27 15:00:00,-0.249,1.22,1033.1,1.48,2.3299999999999996
2024-12-27 16:00:00,-0.417,1.1800000000000002,1031.98,2.3400000000000003,2.2
2024-12-27 17:00:00,-0.451,1.3199999999999998,1031.02,2.4699999999999998,2.23
2024-12-27 18:00:00,-0.308,1.8199999999999998,1030.21,3.0300000000000002,2.38
2024-12-27 19:00:00,-0.074,2.08,1029.8,3.3299999999999996,2.4699999999999998
2024-12-27 20:00:00,0.195,1.78,1029.59,3.5200000000000005,2.5
2024-12-27 21:00:00,0.419,1.1800000000000002,1029.47,2.9899999999999998,2.56
2024-12-27 22:00:00,0.564,0.58,1029.58,2.6399999999999997,2.5300000000000002
2024-12-27 23:00:00,0.55,0.32,1029.76,2.02,2.46
2024-12-28 00:00:00,0.381,0.31999999999999995,1029.62,2.1100000000000003,2.4
2024-12-28 01:00:00,0.108,0.4,1029.59,1.81,2.4
2024-12-28 02:00:00,-0.169,1.01,1029.1200000000001,2.63,2.4
2024-12-28 03:00:00,-0.384,3.29,1028.79,4.220000000000001,2.4
2024-12-28 04:00:00,-0.484,3.46,1028.41,4.39,2.4
2024-12-28 05:00:00,-0.404,1.3299999999999998,1027.85,4.17,2.45
2024-12-28 06:00:00,-0.192,1.3,1027.76,4.51,2.5
2024-12-28 07:00:00,0.136,1.94,1027.2,5.2700000000000005,2.7600000000000002
2024-12-28 08:00:00,0.425,1.19,1026.76,5.45,2.52
2024-12-28 09:00:00,0.698,1.1199999999999999,1026.1799999999998,5.16,2.82
2024-12-28 10:00:00,0.871,1.86,1026.1200000000001,5.49,2.98
2024-12-28 11:00:00,0.91,2.05,1026.1,5.83,2.73
2024-12-28 12:00:00,0.795,1.98,1025.94,6.36,2.6
2024-12-28 13:00:00,0.506,1.69,1025.94,7.159999999999999,2.7
2024-12-28 14:00:00,0.199,2.5300000000000002,1026.1100000000001,8.0,2.7
2024-12-28 15:00:00,-0.102,2.8899999999999997,1026.09,6.659999999999999,2.7800000000000002
2024-12-28 16:00:00,-0.375,3.09,1025.5,5.45,3.0100000000000002
2024-12-28 17:00:00,-0.55,2.5100000000000002,1024.81,4.8,2.85
2024-12-28 18:00:00,-0.53,1.9100000000000001,1024.3700000000001,5.18,2.8899999999999997
2024-12-28 19:00:00,-0.326,0.3,1024.1799999999998,6.609999999999999,2.9
2024-12-28 20:00:00,-0.048,0.71,1024.1799999999998,7.95,3.05
2024-12-28 21:00:00,0.254,1.54,1024.15,7.8,3.08
2024-12-28 22:00:00,0.484,1.8399999999999999,1024.3200000000002,7.8,3.28
2024-12-28 23:00:00,0.589,2.19,1024.48,7.959999999999999,4.7
2024-12-29 00:00:00,0.531,2.87,1024.3,8.28,3.75
2024-12-29 01:00:00,0.319,1.86,1023.9,8.43,3.17
2024-12-29 02:00:00,0.04,0.85,1023.9,8.1,3.1
2024-12-29 03:00:00,-0.208,0.9400000000000001,1024.03,8.02,3.15
2024-12-29 04:00:00,-0.426,0.32999999999999996,1023.72,6.35,3.21
2024-12-29 05:00:00,-0.502,0.62,1023.43,6.11,3.3
2024-12-29 06:00:00,-0.405,0.86,1023.25,6.540000000000001,3.3199999999999994
2024-12-29 07:00:00,-0.135,0.2,1023.4399999999999,7.340000000000001,3.22
2024-12-29 08:00:00,0.211,0.58,1023.1700000000001,7.65,3.2399999999999998
2024-12-29 09:00:00,0.544,0.77,1022.6700000000001,8.24,2.93
2024-12-29 10:00:00,0.815,1.81,1022.3100000000001,8.879999999999999,2.93
2024-12-29 11:00:00,0.936,2.92,1021.9200000000001,8.92,3.08
2024-12-29 12:00:00,0.915,2.75,1021.55,8.360000000000001,3.12
2024-12-29 13:00:00,0.758,2.7,1021.4200000000001,8.59,2.9
2024-12-29 14:00:00,0.467,2.83,1021.1600000000001,9.540000000000001,2.9899999999999998
2024-12-29 15:00:00,0.118,4.15,1020.6700000000001,10.03,3.25
2024-12-29 16:00:00,-0.224,6.21,1019.22,12.819999999999999,3.5100000000000002
2024-12-29 17:00:00,-0.503,6.17,1017.54,14.11,3.3
2024-12-29 18:00:00,-0.605,6.790000000000001,1016.5600000000001,14.45,3.5700000000000003
2024-12-29 19:00:00,-0.495,6.44,1015.93,14.24,3.91
2024-12-29 20:00:00,-0.207,6.0,1015.3399999999999,14.39,4.26
2024-12-29 21:00:00,0.122,7.68,1014.6,13.02,4.529999999999999
2024-12-29 22:00:00,0.442,6.779999999999999,1014.1600000000001,11.97,4.84
2024-12-29 23:00:00,0.685,9.05,1013.3100000000001,11.97,4.82
2024-12-30 00:00:00,0.746,10.16,1012.3799999999999,12.08,4.79
2024-12-30 01:00:00,0.593,9.75,1011.49,11.43,4.8100000000000005
2024-12-30 02:00:00,0.319,11.440000000000001,1010.35,11.709999999999999,4.86
2024-12-30 03:00:00,0.029,11.03,1009.3399999999999,11.290000000000001,4.9
2024-12-30 04:00:00,-0.179,11.47,1007.8299999999999,11.709999999999999,4.99
2024-12-30 05:00:00,-0.293,11.620000000000001,1006.0799999999999,11.620000000000001,5.01
2024-12-30 06:00:00,-0.29,11.9,1005.04,12.08,5.0
2024-12-30 07:00:00,-0.119,10.01,1004.82,11.809999999999999,5.15
2024-12-30 08:00:00,0.12,8.379999999999999,1004.05,10.959999999999999,5.3100000000000005
2024-12-30 09:00:00,0.443,5.58,1003.14,10.48,5.3
2024-12-30 10:00:00,0.801,4.21,1002.95,10.68,5.2
2024-12-30 11:00:00,1.025,3.65,1002.89,10.97,5.34
2024-12-30 12:00:00,1.151,5.67,1003.32,11.49,5.65
2024-12-30 13:00:00,1.094,6.33,1003.76,11.73,5.79
2024-12-30 14:00:00,0.879,7.69,1004.28,12.059999999999999,5.66
2024-12-30 15:00:00,0.496,9.2,1004.43,12.06,5.55
2024-12-30 16:00:00,0.085,9.64,1004.25,10.959999999999999,5.5600000000000005
2024-12-30 17:00:00,-0.287,9.940000000000001,1004.11,10.64,5.609999999999999
2024-12-30 18:00:00,-0.539,8.55,1004.47,10.540000000000001,5.720000000000001
2024-12-30 19:00:00,-0.595,8.55,1005.0200000000001,10.52,5.75
2024-12-30 20:00:00,-0.411,7.85,1005.8399999999999,10.14,6.0
2024-12-30 21:00:00,-0.116,6.459999999999999,1006.6200000000001,10.379999999999999,6.16
2024-12-30 22:00:00,0.28,6.720000000000001,1007.4200000000001,11.26,6.2
2024-12-30 23:00:00,0.576,5.42,1008.25,10.49,6.2
2024-12-31 00:00:00,0.711,5.76,1009.18,10.07,6.2
2024-12-31 01:00:00,0.666,6.2,1010.1,10.11,6.2
2024-12-31 02:00:00,0.464,5.880000000000001,1010.64,9.68,6.2
2024-12-31 03:00:00,0.198,4.62,1011.2,8.98,6.2
2024-12-31 04:00:00,-0.062,6.6,1011.51,8.99,6.2
2024-12-31 05:00:00,-0.293,6.83,1011.5,8.43,6.2
2024-12-31 06:00:00,-0.501,5.21,1011.9200000000001,7.970000000000001,6.119999999999999
2024-12-31 07:00:00,-0.584,4.25,1012.5,7.109999999999999,6.1
2024-12-31 08:00:00,-0.433,3.75,1013.14,6.57,6.15
2024-12-31 09:00:00,-0.054,2.45,1013.4,6.2299999999999995,6.32
2024-12-31 10:00:00,0.421,2.23,1013.79,6.2700000000000005,6.4799999999999995
2024-12-31 11:00:00,0.78,0.58,1014.03,5.6899999999999995,6.4
2024-12-31 12:00:00,0.963,0.9199999999999999,1014.43,5.5600000000000005,6.470000000000001
2024-12-31 13:00:00,1.021,0.26,1014.47,8.09,6.42
2024-12-31 14:00:00,0.905,0.5199999999999999,1014.4200000000001,8.15,6.43
2024-12-31 15:00:00,0.615,1.9100000000000001,1014.05,8.74,6.56
2024-12-31 16:00:00,0.237,4.5,1012.97,9.36,6.49
2024-12-31 17:00:00,-0.149,5.4,1011.76,9.3,6.32
2024-12-31 18:00:00,-0.453,3.71,1011.01,9.309999999999999,6.409999999999999
2024-12-31 19:00:00,-0.613,3.8800000000000003,1010.6,9.75,6.57
2024-12-31 20:00:00,-0.566,4.0,1010.0899999999999,8.77,6.65
2024-12-31 21:00:00,-0.317,3.4299999999999997,1009.74,8.28,6.7
2024-12-31 22:00:00,0.078,3.7600000000000002,1008.82,8.31,6.7
2024-12-31 23:00:00,0.446,5.3,1007.29,8.36,6.7
